2025-09-20 00:47:34.609 | WARNING  | audio | save_original_audio_files:1022 | 无原始音频数据，跳过保存
2025-09-20 02:57:01.329 | TRACE    | audio | add_audio_chunk:525 | 收到音频块: format=pcm, raw_size=8192 bytes, sample_rate=16000
2025-09-20 02:57:01.333 | TRACE    | audio | add_audio_chunk:577 | PCM解码完成: samples=4096
2025-09-20 02:57:01.333 | INFO     | audio | add_audio_chunk:657 | AGC已应用: 原始RMS=0.001127, 增益=10.00
2025-09-20 02:57:01.333 | DEBUG    | audio | add_audio_chunk:668 | 音频质量分析: samples=4096, max_amp=0.0323, rms_amp=0.0113, mean_amp=0.0087, non_zero_ratio=0.835, zero_ratio=0.165
2025-09-20 02:57:01.336 | DEBUG    | audio | add_audio_chunk:739 | 🎵 音频活动[中]: max_amp=0.032349 > 0.003
2025-09-20 02:57:01.336 | DEBUG    | audio | add_audio_chunk:743 | 音频块处理完成: format=pcm, samples=4096, max_amp=0.0323, rms_amp=0.0113, buffer_before=0, buffer_after=4096, trimmed=False, processing_time=6.3ms
2025-09-20 02:57:01.342 | INFO     | audio | add_audio_chunk:775 | ✅ 标准音频输入: RMS=0.011267, 时长=0.26s
2025-09-20 02:57:01.343 | TRACE    | audio | add_audio_chunk:525 | 收到音频块: format=pcm, raw_size=8192 bytes, sample_rate=16000
2025-09-20 02:57:01.346 | TRACE    | audio | add_audio_chunk:577 | PCM解码完成: samples=4096
2025-09-20 02:57:01.346 | INFO     | audio | add_audio_chunk:657 | AGC已应用: 原始RMS=0.001548, 增益=10.00
2025-09-20 02:57:01.346 | DEBUG    | audio | add_audio_chunk:668 | 音频质量分析: samples=4096, max_amp=0.0369, rms_amp=0.0155, mean_amp=0.0130, non_zero_ratio=0.996, zero_ratio=0.004
2025-09-20 02:57:01.348 | DEBUG    | audio | add_audio_chunk:739 | 🎵 音频活动[中]: max_amp=0.036926 > 0.003
2025-09-20 02:57:01.348 | DEBUG    | audio | add_audio_chunk:743 | 音频块处理完成: format=pcm, samples=4096, max_amp=0.0369, rms_amp=0.0155, buffer_before=4096, buffer_after=8192, trimmed=False, processing_time=5.4ms
2025-09-20 02:57:01.353 | INFO     | audio | add_audio_chunk:775 | ✅ 标准音频输入: RMS=0.015482, 时长=0.26s
2025-09-20 02:57:01.353 | TRACE    | audio | add_audio_chunk:525 | 收到音频块: format=pcm, raw_size=8192 bytes, sample_rate=16000
2025-09-20 02:57:01.356 | TRACE    | audio | add_audio_chunk:577 | PCM解码完成: samples=4096
2025-09-20 02:57:01.357 | INFO     | audio | add_audio_chunk:657 | AGC已应用: 原始RMS=0.001645, 增益=10.00
2025-09-20 02:57:01.357 | DEBUG    | audio | add_audio_chunk:668 | 音频质量分析: samples=4096, max_amp=0.0381, rms_amp=0.0164, mean_amp=0.0137, non_zero_ratio=0.993, zero_ratio=0.007
2025-09-20 02:57:01.359 | DEBUG    | audio | add_audio_chunk:739 | 🎵 音频活动[中]: max_amp=0.038147 > 0.003
2025-09-20 02:57:01.359 | DEBUG    | audio | add_audio_chunk:743 | 音频块处理完成: format=pcm, samples=4096, max_amp=0.0381, rms_amp=0.0164, buffer_before=8192, buffer_after=12288, trimmed=False, processing_time=5.4ms
2025-09-20 02:57:01.363 | INFO     | audio | add_audio_chunk:775 | ✅ 标准音频输入: RMS=0.016447, 时长=0.26s
2025-09-20 02:57:01.363 | TRACE    | audio | add_audio_chunk:525 | 收到音频块: format=pcm, raw_size=8192 bytes, sample_rate=16000
2025-09-20 02:57:01.367 | TRACE    | audio | add_audio_chunk:577 | PCM解码完成: samples=4096
2025-09-20 02:57:01.367 | INFO     | audio | add_audio_chunk:657 | AGC已应用: 原始RMS=0.001442, 增益=10.00
2025-09-20 02:57:01.367 | DEBUG    | audio | add_audio_chunk:668 | 音频质量分析: samples=4096, max_amp=0.0317, rms_amp=0.0144, mean_amp=0.0125, non_zero_ratio=0.994, zero_ratio=0.006
2025-09-20 02:57:01.369 | DEBUG    | audio | add_audio_chunk:739 | 🎵 音频活动[中]: max_amp=0.031738 > 0.003
2025-09-20 02:57:01.369 | DEBUG    | audio | add_audio_chunk:743 | 音频块处理完成: format=pcm, samples=4096, max_amp=0.0317, rms_amp=0.0144, buffer_before=12288, buffer_after=16384, trimmed=False, processing_time=5.8ms
2025-09-20 02:57:01.374 | INFO     | audio | add_audio_chunk:775 | ✅ 标准音频输入: RMS=0.014420, 时长=0.26s
2025-09-20 02:57:01.374 | TRACE    | audio | add_audio_chunk:525 | 收到音频块: format=pcm, raw_size=8192 bytes, sample_rate=16000
2025-09-20 02:57:01.378 | TRACE    | audio | add_audio_chunk:577 | PCM解码完成: samples=4096
2025-09-20 02:57:01.378 | INFO     | audio | add_audio_chunk:657 | AGC已应用: 原始RMS=0.001516, 增益=10.00
2025-09-20 02:57:01.378 | DEBUG    | audio | add_audio_chunk:668 | 音频质量分析: samples=4096, max_amp=0.0430, rms_amp=0.0152, mean_amp=0.0123, non_zero_ratio=0.991, zero_ratio=0.009
2025-09-20 02:57:01.380 | DEBUG    | audio | add_audio_chunk:739 | 🎵 音频活动[中]: max_amp=0.043030 > 0.003
2025-09-20 02:57:01.380 | DEBUG    | audio | add_audio_chunk:743 | 音频块处理完成: format=pcm, samples=4096, max_amp=0.0430, rms_amp=0.0152, buffer_before=16384, buffer_after=20480, trimmed=False, processing_time=5.6ms
2025-09-20 02:57:01.388 | INFO     | audio | add_audio_chunk:775 | ✅ 标准音频输入: RMS=0.015155, 时长=0.26s
2025-09-20 02:57:01.389 | TRACE    | audio | add_audio_chunk:525 | 收到音频块: format=pcm, raw_size=8192 bytes, sample_rate=16000
2025-09-20 02:57:01.393 | TRACE    | audio | add_audio_chunk:577 | PCM解码完成: samples=4096
2025-09-20 02:57:01.393 | INFO     | audio | add_audio_chunk:657 | AGC已应用: 原始RMS=0.001085, 增益=10.00
2025-09-20 02:57:01.394 | DEBUG    | audio | add_audio_chunk:668 | 音频质量分析: samples=4096, max_amp=0.0266, rms_amp=0.0108, mean_amp=0.0090, non_zero_ratio=0.992, zero_ratio=0.008
2025-09-20 02:57:01.396 | DEBUG    | audio | add_audio_chunk:739 | 🎵 音频活动[低]: max_amp=0.026550 > 0.003
2025-09-20 02:57:01.396 | DEBUG    | audio | add_audio_chunk:743 | 音频块处理完成: format=pcm, samples=4096, max_amp=0.0266, rms_amp=0.0108, buffer_before=20480, buffer_after=24576, trimmed=False, processing_time=6.8ms
2025-09-20 02:57:01.401 | INFO     | audio | add_audio_chunk:775 | ✅ 标准音频输入: RMS=0.010845, 时长=0.26s
2025-09-20 02:57:01.402 | TRACE    | audio | add_audio_chunk:525 | 收到音频块: format=pcm, raw_size=8192 bytes, sample_rate=16000
2025-09-20 02:57:01.405 | TRACE    | audio | add_audio_chunk:577 | PCM解码完成: samples=4096
2025-09-20 02:57:01.406 | INFO     | audio | add_audio_chunk:657 | AGC已应用: 原始RMS=0.001031, 增益=10.00
2025-09-20 02:57:01.406 | DEBUG    | audio | add_audio_chunk:668 | 音频质量分析: samples=4096, max_amp=0.0354, rms_amp=0.0103, mean_amp=0.0082, non_zero_ratio=0.989, zero_ratio=0.011
2025-09-20 02:57:01.408 | DEBUG    | audio | add_audio_chunk:739 | 🎵 音频活动[中]: max_amp=0.035400 > 0.003
2025-09-20 02:57:01.408 | DEBUG    | audio | add_audio_chunk:743 | 音频块处理完成: format=pcm, samples=4096, max_amp=0.0354, rms_amp=0.0103, buffer_before=24576, buffer_after=28672, trimmed=False, processing_time=5.7ms
2025-09-20 02:57:01.412 | INFO     | audio | add_audio_chunk:775 | ✅ 标准音频输入: RMS=0.010307, 时长=0.26s
2025-09-20 02:57:01.468 | TRACE    | audio | add_audio_chunk:525 | 收到音频块: format=pcm, raw_size=8192 bytes, sample_rate=16000
2025-09-20 02:57:01.471 | TRACE    | audio | add_audio_chunk:577 | PCM解码完成: samples=4096
2025-09-20 02:57:01.472 | INFO     | audio | add_audio_chunk:657 | AGC已应用: 原始RMS=0.001144, 增益=10.00
2025-09-20 02:57:01.472 | DEBUG    | audio | add_audio_chunk:668 | 音频质量分析: samples=4096, max_amp=0.0403, rms_amp=0.0114, mean_amp=0.0096, non_zero_ratio=0.993, zero_ratio=0.007
2025-09-20 02:57:01.474 | DEBUG    | audio | add_audio_chunk:739 | 🎵 音频活动[中]: max_amp=0.040283 > 0.003
2025-09-20 02:57:01.474 | DEBUG    | audio | add_audio_chunk:743 | 音频块处理完成: format=pcm, samples=4096, max_amp=0.0403, rms_amp=0.0114, buffer_before=28672, buffer_after=32768, trimmed=False, processing_time=6.8ms
2025-09-20 02:57:01.482 | INFO     | audio | add_audio_chunk:775 | ✅ 标准音频输入: RMS=0.011442, 时长=0.26s
2025-09-20 02:57:01.727 | TRACE    | audio | add_audio_chunk:525 | 收到音频块: format=pcm, raw_size=8192 bytes, sample_rate=16000
2025-09-20 02:57:01.731 | TRACE    | audio | add_audio_chunk:577 | PCM解码完成: samples=4096
2025-09-20 02:57:01.731 | INFO     | audio | add_audio_chunk:657 | AGC已应用: 原始RMS=0.002116, 增益=10.00
2025-09-20 02:57:01.731 | DEBUG    | audio | add_audio_chunk:668 | 音频质量分析: samples=4096, max_amp=0.0620, rms_amp=0.0212, mean_amp=0.0171, non_zero_ratio=0.995, zero_ratio=0.005
2025-09-20 02:57:01.733 | DEBUG    | audio | add_audio_chunk:739 | 🎵 音频活动[中]: max_amp=0.061951 > 0.003
2025-09-20 02:57:01.734 | DEBUG    | audio | add_audio_chunk:743 | 音频块处理完成: format=pcm, samples=4096, max_amp=0.0620, rms_amp=0.0212, buffer_before=32768, buffer_after=36864, trimmed=False, processing_time=6.5ms
2025-09-20 02:57:01.739 | INFO     | audio | add_audio_chunk:775 | ✅ 标准音频输入: RMS=0.021161, 时长=0.26s
2025-09-20 02:57:01.987 | TRACE    | audio | add_audio_chunk:525 | 收到音频块: format=pcm, raw_size=8192 bytes, sample_rate=16000
2025-09-20 02:57:01.990 | TRACE    | audio | add_audio_chunk:577 | PCM解码完成: samples=4096
2025-09-20 02:57:01.990 | INFO     | audio | add_audio_chunk:657 | AGC已应用: 原始RMS=0.001916, 增益=10.00
2025-09-20 02:57:01.991 | DEBUG    | audio | add_audio_chunk:668 | 音频质量分析: samples=4096, max_amp=0.0595, rms_amp=0.0192, mean_amp=0.0156, non_zero_ratio=0.995, zero_ratio=0.005
2025-09-20 02:57:01.993 | DEBUG    | audio | add_audio_chunk:739 | 🎵 音频活动[中]: max_amp=0.059509 > 0.003
2025-09-20 02:57:01.993 | DEBUG    | audio | add_audio_chunk:743 | 音频块处理完成: format=pcm, samples=4096, max_amp=0.0595, rms_amp=0.0192, buffer_before=36864, buffer_after=40960, trimmed=False, processing_time=6.0ms
2025-09-20 02:57:01.998 | INFO     | audio | add_audio_chunk:775 | ✅ 标准音频输入: RMS=0.019156, 时长=0.26s
2025-09-20 02:57:02.243 | TRACE    | audio | add_audio_chunk:525 | 收到音频块: format=pcm, raw_size=8192 bytes, sample_rate=16000
2025-09-20 02:57:02.247 | TRACE    | audio | add_audio_chunk:577 | PCM解码完成: samples=4096
2025-09-20 02:57:02.247 | INFO     | audio | add_audio_chunk:657 | AGC已应用: 原始RMS=0.002023, 增益=10.00
2025-09-20 02:57:02.247 | DEBUG    | audio | add_audio_chunk:668 | 音频质量分析: samples=4096, max_amp=0.0754, rms_amp=0.0202, mean_amp=0.0163, non_zero_ratio=0.993, zero_ratio=0.007
2025-09-20 02:57:02.250 | DEBUG    | audio | add_audio_chunk:739 | 🎵 音频活动[中]: max_amp=0.075378 > 0.003
2025-09-20 02:57:02.250 | DEBUG    | audio | add_audio_chunk:743 | 音频块处理完成: format=pcm, samples=4096, max_amp=0.0754, rms_amp=0.0202, buffer_before=40960, buffer_after=45056, trimmed=False, processing_time=6.9ms
2025-09-20 02:57:02.254 | INFO     | audio | add_audio_chunk:775 | ✅ 标准音频输入: RMS=0.020227, 时长=0.26s
2025-09-20 02:57:02.497 | TRACE    | audio | add_audio_chunk:525 | 收到音频块: format=pcm, raw_size=8192 bytes, sample_rate=16000
2025-09-20 02:57:02.502 | TRACE    | audio | add_audio_chunk:577 | PCM解码完成: samples=4096
2025-09-20 02:57:02.502 | INFO     | audio | add_audio_chunk:657 | AGC已应用: 原始RMS=0.002613, 增益=10.00
2025-09-20 02:57:02.503 | DEBUG    | audio | add_audio_chunk:668 | 音频质量分析: samples=4096, max_amp=0.0769, rms_amp=0.0261, mean_amp=0.0208, non_zero_ratio=0.997, zero_ratio=0.003
2025-09-20 02:57:02.505 | DEBUG    | audio | add_audio_chunk:739 | 🎵 音频活动[中]: max_amp=0.076904 > 0.003
2025-09-20 02:57:02.505 | DEBUG    | audio | add_audio_chunk:743 | 音频块处理完成: format=pcm, samples=4096, max_amp=0.0769, rms_amp=0.0261, buffer_before=45056, buffer_after=49152, trimmed=False, processing_time=8.0ms
2025-09-20 02:57:02.511 | INFO     | audio | add_audio_chunk:775 | ✅ 标准音频输入: RMS=0.026131, 时长=0.26s
2025-09-20 02:57:02.747 | TRACE    | audio | add_audio_chunk:525 | 收到音频块: format=pcm, raw_size=8192 bytes, sample_rate=16000
2025-09-20 02:57:02.751 | TRACE    | audio | add_audio_chunk:577 | PCM解码完成: samples=4096
2025-09-20 02:57:02.752 | INFO     | audio | add_audio_chunk:657 | AGC已应用: 原始RMS=0.001766, 增益=10.00
2025-09-20 02:57:02.752 | DEBUG    | audio | add_audio_chunk:668 | 音频质量分析: samples=4096, max_amp=0.0592, rms_amp=0.0177, mean_amp=0.0137, non_zero_ratio=0.992, zero_ratio=0.008
2025-09-20 02:57:02.754 | DEBUG    | audio | add_audio_chunk:739 | 🎵 音频活动[中]: max_amp=0.059204 > 0.003
2025-09-20 02:57:02.754 | DEBUG    | audio | add_audio_chunk:743 | 音频块处理完成: format=pcm, samples=4096, max_amp=0.0592, rms_amp=0.0177, buffer_before=49152, buffer_after=53248, trimmed=False, processing_time=7.1ms
2025-09-20 02:57:02.759 | INFO     | audio | add_audio_chunk:775 | ✅ 标准音频输入: RMS=0.017657, 时长=0.26s
2025-09-20 02:57:03.007 | TRACE    | audio | add_audio_chunk:525 | 收到音频块: format=pcm, raw_size=8192 bytes, sample_rate=16000
2025-09-20 02:57:03.011 | TRACE    | audio | add_audio_chunk:577 | PCM解码完成: samples=4096
2025-09-20 02:57:03.011 | INFO     | audio | add_audio_chunk:657 | AGC已应用: 原始RMS=0.001071, 增益=10.00
2025-09-20 02:57:03.011 | DEBUG    | audio | add_audio_chunk:668 | 音频质量分析: samples=4096, max_amp=0.0281, rms_amp=0.0107, mean_amp=0.0089, non_zero_ratio=0.990, zero_ratio=0.010
2025-09-20 02:57:03.013 | DEBUG    | audio | add_audio_chunk:739 | 🎵 音频活动[低]: max_amp=0.028076 > 0.003
2025-09-20 02:57:03.014 | DEBUG    | audio | add_audio_chunk:743 | 音频块处理完成: format=pcm, samples=4096, max_amp=0.0281, rms_amp=0.0107, buffer_before=53248, buffer_after=57344, trimmed=False, processing_time=6.6ms
2025-09-20 02:57:03.018 | INFO     | audio | add_audio_chunk:775 | ✅ 标准音频输入: RMS=0.010713, 时长=0.26s
2025-09-20 02:57:03.271 | TRACE    | audio | add_audio_chunk:525 | 收到音频块: format=pcm, raw_size=8192 bytes, sample_rate=16000
2025-09-20 02:57:03.274 | TRACE    | audio | add_audio_chunk:577 | PCM解码完成: samples=4096
2025-09-20 02:57:03.274 | INFO     | audio | add_audio_chunk:657 | AGC已应用: 原始RMS=0.001426, 增益=10.00
2025-09-20 02:57:03.275 | DEBUG    | audio | add_audio_chunk:668 | 音频质量分析: samples=4096, max_amp=0.0357, rms_amp=0.0143, mean_amp=0.0117, non_zero_ratio=0.993, zero_ratio=0.007
2025-09-20 02:57:03.277 | DEBUG    | audio | add_audio_chunk:739 | 🎵 音频活动[中]: max_amp=0.035706 > 0.003
2025-09-20 02:57:03.277 | DEBUG    | audio | add_audio_chunk:743 | 音频块处理完成: format=pcm, samples=4096, max_amp=0.0357, rms_amp=0.0143, buffer_before=57344, buffer_after=61440, trimmed=False, processing_time=6.4ms
2025-09-20 02:57:03.282 | INFO     | audio | add_audio_chunk:775 | ✅ 标准音频输入: RMS=0.014258, 时长=0.26s
2025-09-20 02:57:03.518 | TRACE    | audio | add_audio_chunk:525 | 收到音频块: format=pcm, raw_size=8192 bytes, sample_rate=16000
2025-09-20 02:57:03.522 | TRACE    | audio | add_audio_chunk:577 | PCM解码完成: samples=4096
2025-09-20 02:57:03.522 | INFO     | audio | add_audio_chunk:657 | AGC已应用: 原始RMS=0.002014, 增益=10.00
2025-09-20 02:57:03.522 | DEBUG    | audio | add_audio_chunk:668 | 音频质量分析: samples=4096, max_amp=0.0461, rms_amp=0.0201, mean_amp=0.0168, non_zero_ratio=0.996, zero_ratio=0.004
2025-09-20 02:57:03.525 | DEBUG    | audio | add_audio_chunk:739 | 🎵 音频活动[中]: max_amp=0.046082 > 0.003
2025-09-20 02:57:03.525 | DEBUG    | audio | add_audio_chunk:743 | 音频块处理完成: format=pcm, samples=4096, max_amp=0.0461, rms_amp=0.0201, buffer_before=61440, buffer_after=65536, trimmed=False, processing_time=6.9ms
2025-09-20 02:57:03.530 | INFO     | audio | add_audio_chunk:775 | ✅ 标准音频输入: RMS=0.020137, 时长=0.26s
2025-09-20 02:57:03.777 | TRACE    | audio | add_audio_chunk:525 | 收到音频块: format=pcm, raw_size=8192 bytes, sample_rate=16000
2025-09-20 02:57:03.782 | TRACE    | audio | add_audio_chunk:577 | PCM解码完成: samples=4096
2025-09-20 02:57:03.782 | INFO     | audio | add_audio_chunk:657 | AGC已应用: 原始RMS=0.001793, 增益=10.00
2025-09-20 02:57:03.782 | DEBUG    | audio | add_audio_chunk:668 | 音频质量分析: samples=4096, max_amp=0.0446, rms_amp=0.0179, mean_amp=0.0148, non_zero_ratio=0.995, zero_ratio=0.005
2025-09-20 02:57:03.784 | DEBUG    | audio | add_audio_chunk:739 | 🎵 音频活动[中]: max_amp=0.044556 > 0.003
2025-09-20 02:57:03.785 | DEBUG    | audio | add_audio_chunk:743 | 音频块处理完成: format=pcm, samples=4096, max_amp=0.0446, rms_amp=0.0179, buffer_before=65536, buffer_after=69632, trimmed=False, processing_time=7.3ms
2025-09-20 02:57:03.795 | INFO     | audio | add_audio_chunk:775 | ✅ 标准音频输入: RMS=0.017929, 时长=0.26s
2025-09-20 02:57:04.027 | TRACE    | audio | add_audio_chunk:525 | 收到音频块: format=pcm, raw_size=8192 bytes, sample_rate=16000
2025-09-20 02:57:04.031 | TRACE    | audio | add_audio_chunk:577 | PCM解码完成: samples=4096
2025-09-20 02:57:04.031 | INFO     | audio | add_audio_chunk:657 | AGC已应用: 原始RMS=0.001640, 增益=10.00
2025-09-20 02:57:04.032 | DEBUG    | audio | add_audio_chunk:668 | 音频质量分析: samples=4096, max_amp=0.0375, rms_amp=0.0164, mean_amp=0.0135, non_zero_ratio=0.992, zero_ratio=0.008
2025-09-20 02:57:04.034 | DEBUG    | audio | add_audio_chunk:739 | 🎵 音频活动[中]: max_amp=0.037537 > 0.003
2025-09-20 02:57:04.034 | DEBUG    | audio | add_audio_chunk:743 | 音频块处理完成: format=pcm, samples=4096, max_amp=0.0375, rms_amp=0.0164, buffer_before=69632, buffer_after=73728, trimmed=False, processing_time=6.7ms
2025-09-20 02:57:04.040 | INFO     | audio | add_audio_chunk:775 | ✅ 标准音频输入: RMS=0.016395, 时长=0.26s
2025-09-20 02:57:04.288 | TRACE    | audio | add_audio_chunk:525 | 收到音频块: format=pcm, raw_size=8192 bytes, sample_rate=16000
2025-09-20 02:57:04.291 | TRACE    | audio | add_audio_chunk:577 | PCM解码完成: samples=4096
2025-09-20 02:57:04.292 | INFO     | audio | add_audio_chunk:657 | AGC已应用: 原始RMS=0.001482, 增益=10.00
2025-09-20 02:57:04.292 | DEBUG    | audio | add_audio_chunk:668 | 音频质量分析: samples=4096, max_amp=0.0333, rms_amp=0.0148, mean_amp=0.0123, non_zero_ratio=0.990, zero_ratio=0.010
2025-09-20 02:57:04.294 | DEBUG    | audio | add_audio_chunk:739 | 🎵 音频活动[中]: max_amp=0.033264 > 0.003
2025-09-20 02:57:04.294 | DEBUG    | audio | add_audio_chunk:743 | 音频块处理完成: format=pcm, samples=4096, max_amp=0.0333, rms_amp=0.0148, buffer_before=73728, buffer_after=77824, trimmed=False, processing_time=6.2ms
2025-09-20 02:57:04.302 | INFO     | audio | add_audio_chunk:775 | ✅ 标准音频输入: RMS=0.014822, 时长=0.26s
2025-09-20 02:57:04.558 | TRACE    | audio | add_audio_chunk:525 | 收到音频块: format=pcm, raw_size=8192 bytes, sample_rate=16000
2025-09-20 02:57:04.641 | TRACE    | audio | add_audio_chunk:577 | PCM解码完成: samples=4096
2025-09-20 02:57:04.641 | INFO     | audio | add_audio_chunk:657 | AGC已应用: 原始RMS=0.001302, 增益=10.00
2025-09-20 02:57:04.641 | DEBUG    | audio | add_audio_chunk:668 | 音频质量分析: samples=4096, max_amp=0.0351, rms_amp=0.0130, mean_amp=0.0106, non_zero_ratio=0.991, zero_ratio=0.009
2025-09-20 02:57:04.644 | DEBUG    | audio | add_audio_chunk:739 | 🎵 音频活动[中]: max_amp=0.035095 > 0.003
2025-09-20 02:57:04.644 | DEBUG    | audio | add_audio_chunk:743 | 音频块处理完成: format=pcm, samples=4096, max_amp=0.0351, rms_amp=0.0130, buffer_before=77824, buffer_after=81920, trimmed=False, processing_time=85.8ms
2025-09-20 02:57:04.650 | INFO     | audio | add_audio_chunk:775 | ✅ 标准音频输入: RMS=0.013025, 时长=0.26s
2025-09-20 02:57:04.798 | TRACE    | audio | add_audio_chunk:525 | 收到音频块: format=pcm, raw_size=8192 bytes, sample_rate=16000
2025-09-20 02:57:04.801 | TRACE    | audio | add_audio_chunk:577 | PCM解码完成: samples=4096
2025-09-20 02:57:04.802 | INFO     | audio | add_audio_chunk:657 | AGC已应用: 原始RMS=0.000891, 增益=10.00
2025-09-20 02:57:04.802 | DEBUG    | audio | add_audio_chunk:668 | 音频质量分析: samples=4096, max_amp=0.0247, rms_amp=0.0089, mean_amp=0.0074, non_zero_ratio=0.990, zero_ratio=0.010
2025-09-20 02:57:04.804 | DEBUG    | audio | add_audio_chunk:739 | 🎵 音频活动[低]: max_amp=0.024719 > 0.003
2025-09-20 02:57:04.805 | DEBUG    | audio | add_audio_chunk:743 | 音频块处理完成: format=pcm, samples=4096, max_amp=0.0247, rms_amp=0.0089, buffer_before=81920, buffer_after=86016, trimmed=False, processing_time=7.0ms
2025-09-20 02:57:04.814 | DEBUG    | audio | add_audio_chunk:777 | 🔉 轻声音频输入: RMS=0.008907, 时长=0.26s
2025-09-20 02:57:05.057 | TRACE    | audio | add_audio_chunk:525 | 收到音频块: format=pcm, raw_size=8192 bytes, sample_rate=16000
2025-09-20 02:57:05.061 | TRACE    | audio | add_audio_chunk:577 | PCM解码完成: samples=4096
2025-09-20 02:57:05.062 | INFO     | audio | add_audio_chunk:657 | AGC已应用: 原始RMS=0.001279, 增益=10.00
2025-09-20 02:57:05.062 | DEBUG    | audio | add_audio_chunk:668 | 音频质量分析: samples=4096, max_amp=0.0391, rms_amp=0.0128, mean_amp=0.0101, non_zero_ratio=0.990, zero_ratio=0.010
2025-09-20 02:57:05.064 | DEBUG    | audio | add_audio_chunk:739 | 🎵 音频活动[中]: max_amp=0.039062 > 0.003
2025-09-20 02:57:05.064 | DEBUG    | audio | add_audio_chunk:743 | 音频块处理完成: format=pcm, samples=4096, max_amp=0.0391, rms_amp=0.0128, buffer_before=86016, buffer_after=90112, trimmed=False, processing_time=6.8ms
2025-09-20 02:57:05.068 | INFO     | audio | add_audio_chunk:775 | ✅ 标准音频输入: RMS=0.012787, 时长=0.26s
2025-09-20 02:57:05.307 | TRACE    | audio | add_audio_chunk:525 | 收到音频块: format=pcm, raw_size=8192 bytes, sample_rate=16000
2025-09-20 02:57:05.312 | TRACE    | audio | add_audio_chunk:577 | PCM解码完成: samples=4096
2025-09-20 02:57:05.312 | INFO     | audio | add_audio_chunk:657 | AGC已应用: 原始RMS=0.001261, 增益=10.00
2025-09-20 02:57:05.313 | DEBUG    | audio | add_audio_chunk:668 | 音频质量分析: samples=4096, max_amp=0.0339, rms_amp=0.0126, mean_amp=0.0106, non_zero_ratio=0.991, zero_ratio=0.009
2025-09-20 02:57:05.315 | DEBUG    | audio | add_audio_chunk:739 | 🎵 音频活动[中]: max_amp=0.033875 > 0.003
2025-09-20 02:57:05.315 | DEBUG    | audio | add_audio_chunk:743 | 音频块处理完成: format=pcm, samples=4096, max_amp=0.0339, rms_amp=0.0126, buffer_before=90112, buffer_after=94208, trimmed=False, processing_time=7.6ms
2025-09-20 02:57:05.320 | INFO     | audio | add_audio_chunk:775 | ✅ 标准音频输入: RMS=0.012608, 时长=0.26s
2025-09-20 02:57:05.567 | TRACE    | audio | add_audio_chunk:525 | 收到音频块: format=pcm, raw_size=8192 bytes, sample_rate=16000
2025-09-20 02:57:05.571 | TRACE    | audio | add_audio_chunk:577 | PCM解码完成: samples=4096
2025-09-20 02:57:05.572 | INFO     | audio | add_audio_chunk:657 | AGC已应用: 原始RMS=0.001430, 增益=10.00
2025-09-20 02:57:05.572 | DEBUG    | audio | add_audio_chunk:668 | 音频质量分析: samples=4096, max_amp=0.0320, rms_amp=0.0143, mean_amp=0.0123, non_zero_ratio=0.993, zero_ratio=0.007
2025-09-20 02:57:05.574 | DEBUG    | audio | add_audio_chunk:739 | 🎵 音频活动[中]: max_amp=0.032043 > 0.003
2025-09-20 02:57:05.574 | DEBUG    | audio | add_audio_chunk:743 | 音频块处理完成: format=pcm, samples=4096, max_amp=0.0320, rms_amp=0.0143, buffer_before=94208, buffer_after=98304, trimmed=False, processing_time=6.7ms
2025-09-20 02:57:05.580 | INFO     | audio | add_audio_chunk:775 | ✅ 标准音频输入: RMS=0.014299, 时长=0.26s
2025-09-20 02:57:05.827 | TRACE    | audio | add_audio_chunk:525 | 收到音频块: format=pcm, raw_size=8192 bytes, sample_rate=16000
2025-09-20 02:57:05.832 | TRACE    | audio | add_audio_chunk:577 | PCM解码完成: samples=4096
2025-09-20 02:57:05.832 | INFO     | audio | add_audio_chunk:657 | AGC已应用: 原始RMS=0.001673, 增益=10.00
2025-09-20 02:57:05.833 | DEBUG    | audio | add_audio_chunk:668 | 音频质量分析: samples=4096, max_amp=0.0391, rms_amp=0.0167, mean_amp=0.0140, non_zero_ratio=0.993, zero_ratio=0.007
2025-09-20 02:57:05.835 | DEBUG    | audio | add_audio_chunk:739 | 🎵 音频活动[中]: max_amp=0.039062 > 0.003
2025-09-20 02:57:05.835 | DEBUG    | audio | add_audio_chunk:743 | 音频块处理完成: format=pcm, samples=4096, max_amp=0.0391, rms_amp=0.0167, buffer_before=98304, buffer_after=102400, trimmed=False, processing_time=7.9ms
2025-09-20 02:57:05.840 | INFO     | audio | add_audio_chunk:775 | ✅ 标准音频输入: RMS=0.016731, 时长=0.26s
2025-09-20 02:57:06.079 | TRACE    | audio | add_audio_chunk:525 | 收到音频块: format=pcm, raw_size=8192 bytes, sample_rate=16000
2025-09-20 02:57:06.083 | TRACE    | audio | add_audio_chunk:577 | PCM解码完成: samples=4096
2025-09-20 02:57:06.083 | INFO     | audio | add_audio_chunk:657 | AGC已应用: 原始RMS=0.001318, 增益=10.00
2025-09-20 02:57:06.084 | DEBUG    | audio | add_audio_chunk:668 | 音频质量分析: samples=4096, max_amp=0.0308, rms_amp=0.0132, mean_amp=0.0115, non_zero_ratio=0.994, zero_ratio=0.006
2025-09-20 02:57:06.086 | DEBUG    | audio | add_audio_chunk:739 | 🎵 音频活动[中]: max_amp=0.030823 > 0.003
2025-09-20 02:57:06.086 | DEBUG    | audio | add_audio_chunk:743 | 音频块处理完成: format=pcm, samples=4096, max_amp=0.0308, rms_amp=0.0132, buffer_before=102400, buffer_after=106496, trimmed=False, processing_time=7.1ms
2025-09-20 02:57:06.091 | INFO     | audio | add_audio_chunk:775 | ✅ 标准音频输入: RMS=0.013179, 时长=0.26s
2025-09-20 02:57:06.337 | TRACE    | audio | add_audio_chunk:525 | 收到音频块: format=pcm, raw_size=8192 bytes, sample_rate=16000
2025-09-20 02:57:06.341 | TRACE    | audio | add_audio_chunk:577 | PCM解码完成: samples=4096
2025-09-20 02:57:06.341 | INFO     | audio | add_audio_chunk:657 | AGC已应用: 原始RMS=0.001415, 增益=10.00
2025-09-20 02:57:06.341 | DEBUG    | audio | add_audio_chunk:668 | 音频质量分析: samples=4096, max_amp=0.0357, rms_amp=0.0141, mean_amp=0.0113, non_zero_ratio=0.992, zero_ratio=0.008
2025-09-20 02:57:06.343 | DEBUG    | audio | add_audio_chunk:739 | 🎵 音频活动[中]: max_amp=0.035706 > 0.003
2025-09-20 02:57:06.343 | DEBUG    | audio | add_audio_chunk:743 | 音频块处理完成: format=pcm, samples=4096, max_amp=0.0357, rms_amp=0.0141, buffer_before=106496, buffer_after=110592, trimmed=False, processing_time=6.2ms
2025-09-20 02:57:06.348 | INFO     | audio | add_audio_chunk:775 | ✅ 标准音频输入: RMS=0.014146, 时长=0.26s
2025-09-20 02:57:06.588 | TRACE    | audio | add_audio_chunk:525 | 收到音频块: format=pcm, raw_size=8192 bytes, sample_rate=16000
2025-09-20 02:57:06.592 | TRACE    | audio | add_audio_chunk:577 | PCM解码完成: samples=4096
2025-09-20 02:57:06.592 | INFO     | audio | add_audio_chunk:657 | AGC已应用: 原始RMS=0.001204, 增益=10.00
2025-09-20 02:57:06.592 | DEBUG    | audio | add_audio_chunk:668 | 音频质量分析: samples=4096, max_amp=0.0293, rms_amp=0.0120, mean_amp=0.0096, non_zero_ratio=0.986, zero_ratio=0.014
2025-09-20 02:57:06.595 | DEBUG    | audio | add_audio_chunk:739 | 🎵 音频活动[低]: max_amp=0.029297 > 0.003
2025-09-20 02:57:06.595 | DEBUG    | audio | add_audio_chunk:743 | 音频块处理完成: format=pcm, samples=4096, max_amp=0.0293, rms_amp=0.0120, buffer_before=110592, buffer_after=114688, trimmed=False, processing_time=7.2ms
2025-09-20 02:57:06.600 | INFO     | audio | add_audio_chunk:775 | ✅ 标准音频输入: RMS=0.012040, 时长=0.26s
2025-09-20 02:57:06.847 | TRACE    | audio | add_audio_chunk:525 | 收到音频块: format=pcm, raw_size=8192 bytes, sample_rate=16000
2025-09-20 02:57:06.853 | TRACE    | audio | add_audio_chunk:577 | PCM解码完成: samples=4096
2025-09-20 02:57:06.854 | INFO     | audio | add_audio_chunk:657 | AGC已应用: 原始RMS=0.001049, 增益=10.00
2025-09-20 02:57:06.854 | DEBUG    | audio | add_audio_chunk:668 | 音频质量分析: samples=4096, max_amp=0.0296, rms_amp=0.0105, mean_amp=0.0086, non_zero_ratio=0.990, zero_ratio=0.010
2025-09-20 02:57:06.857 | DEBUG    | audio | add_audio_chunk:739 | 🎵 音频活动[低]: max_amp=0.029602 > 0.003
2025-09-20 02:57:06.857 | DEBUG    | audio | add_audio_chunk:743 | 音频块处理完成: format=pcm, samples=4096, max_amp=0.0296, rms_amp=0.0105, buffer_before=114688, buffer_after=118784, trimmed=False, processing_time=9.7ms
2025-09-20 02:57:06.865 | INFO     | audio | add_audio_chunk:775 | ✅ 标准音频输入: RMS=0.010494, 时长=0.26s
2025-09-20 02:57:07.108 | TRACE    | audio | add_audio_chunk:525 | 收到音频块: format=pcm, raw_size=8192 bytes, sample_rate=16000
2025-09-20 02:57:07.139 | TRACE    | audio | add_audio_chunk:577 | PCM解码完成: samples=4096
2025-09-20 02:57:07.139 | INFO     | audio | add_audio_chunk:657 | AGC已应用: 原始RMS=0.001437, 增益=10.00
2025-09-20 02:57:07.140 | DEBUG    | audio | add_audio_chunk:668 | 音频质量分析: samples=4096, max_amp=0.0610, rms_amp=0.0144, mean_amp=0.0114, non_zero_ratio=0.993, zero_ratio=0.007
2025-09-20 02:57:07.142 | DEBUG    | audio | add_audio_chunk:739 | 🎵 音频活动[中]: max_amp=0.061035 > 0.003
2025-09-20 02:57:07.142 | DEBUG    | audio | add_audio_chunk:743 | 音频块处理完成: format=pcm, samples=4096, max_amp=0.0610, rms_amp=0.0144, buffer_before=118784, buffer_after=122880, trimmed=False, processing_time=34.1ms
2025-09-20 02:57:07.149 | INFO     | audio | add_audio_chunk:775 | ✅ 标准音频输入: RMS=0.014370, 时长=0.26s
2025-09-20 02:57:07.362 | TRACE    | audio | add_audio_chunk:525 | 收到音频块: format=pcm, raw_size=8192 bytes, sample_rate=16000
2025-09-20 02:57:07.366 | TRACE    | audio | add_audio_chunk:577 | PCM解码完成: samples=4096
2025-09-20 02:57:07.366 | INFO     | audio | add_audio_chunk:657 | AGC已应用: 原始RMS=0.002617, 增益=10.00
2025-09-20 02:57:07.366 | DEBUG    | audio | add_audio_chunk:668 | 音频质量分析: samples=4096, max_amp=0.0894, rms_amp=0.0262, mean_amp=0.0205, non_zero_ratio=0.995, zero_ratio=0.005
2025-09-20 02:57:07.368 | DEBUG    | audio | add_audio_chunk:739 | 🎵 音频活动[中]: max_amp=0.089417 > 0.003
2025-09-20 02:57:07.369 | DEBUG    | audio | add_audio_chunk:743 | 音频块处理完成: format=pcm, samples=4096, max_amp=0.0894, rms_amp=0.0262, buffer_before=122880, buffer_after=126976, trimmed=False, processing_time=6.6ms
2025-09-20 02:57:07.373 | INFO     | audio | add_audio_chunk:775 | ✅ 标准音频输入: RMS=0.026175, 时长=0.26s
2025-09-20 02:57:07.617 | TRACE    | audio | add_audio_chunk:525 | 收到音频块: format=pcm, raw_size=8192 bytes, sample_rate=16000
2025-09-20 02:57:07.622 | TRACE    | audio | add_audio_chunk:577 | PCM解码完成: samples=4096
2025-09-20 02:57:07.622 | INFO     | audio | add_audio_chunk:657 | AGC已应用: 原始RMS=0.002111, 增益=10.00
2025-09-20 02:57:07.622 | DEBUG    | audio | add_audio_chunk:668 | 音频质量分析: samples=4096, max_amp=0.0558, rms_amp=0.0211, mean_amp=0.0174, non_zero_ratio=0.997, zero_ratio=0.003
2025-09-20 02:57:07.624 | DEBUG    | audio | add_audio_chunk:739 | 🎵 音频活动[中]: max_amp=0.055847 > 0.003
2025-09-20 02:57:07.625 | DEBUG    | audio | add_audio_chunk:743 | 音频块处理完成: format=pcm, samples=4096, max_amp=0.0558, rms_amp=0.0211, buffer_before=126976, buffer_after=131072, trimmed=False, processing_time=7.1ms
2025-09-20 02:57:07.631 | INFO     | audio | add_audio_chunk:775 | ✅ 标准音频输入: RMS=0.021112, 时长=0.26s
2025-09-20 02:57:07.867 | TRACE    | audio | add_audio_chunk:525 | 收到音频块: format=pcm, raw_size=8192 bytes, sample_rate=16000
2025-09-20 02:57:07.872 | TRACE    | audio | add_audio_chunk:577 | PCM解码完成: samples=4096
2025-09-20 02:57:07.872 | INFO     | audio | add_audio_chunk:657 | AGC已应用: 原始RMS=0.001676, 增益=10.00
2025-09-20 02:57:07.872 | DEBUG    | audio | add_audio_chunk:668 | 音频质量分析: samples=4096, max_amp=0.0562, rms_amp=0.0168, mean_amp=0.0137, non_zero_ratio=0.992, zero_ratio=0.008
2025-09-20 02:57:07.874 | DEBUG    | audio | add_audio_chunk:739 | 🎵 音频活动[中]: max_amp=0.056152 > 0.003
2025-09-20 02:57:07.874 | DEBUG    | audio | add_audio_chunk:743 | 音频块处理完成: format=pcm, samples=4096, max_amp=0.0562, rms_amp=0.0168, buffer_before=131072, buffer_after=135168, trimmed=False, processing_time=7.0ms
2025-09-20 02:57:07.880 | INFO     | audio | add_audio_chunk:775 | ✅ 标准音频输入: RMS=0.016763, 时长=0.26s
2025-09-20 02:57:08.127 | TRACE    | audio | add_audio_chunk:525 | 收到音频块: format=pcm, raw_size=8192 bytes, sample_rate=16000
2025-09-20 02:57:08.131 | TRACE    | audio | add_audio_chunk:577 | PCM解码完成: samples=4096
2025-09-20 02:57:08.132 | INFO     | audio | add_audio_chunk:657 | AGC已应用: 原始RMS=0.001805, 增益=10.00
2025-09-20 02:57:08.132 | DEBUG    | audio | add_audio_chunk:668 | 音频质量分析: samples=4096, max_amp=0.0519, rms_amp=0.0180, mean_amp=0.0147, non_zero_ratio=0.995, zero_ratio=0.005
2025-09-20 02:57:08.134 | DEBUG    | audio | add_audio_chunk:739 | 🎵 音频活动[中]: max_amp=0.051880 > 0.003
2025-09-20 02:57:08.134 | DEBUG    | audio | add_audio_chunk:743 | 音频块处理完成: format=pcm, samples=4096, max_amp=0.0519, rms_amp=0.0180, buffer_before=135168, buffer_after=139264, trimmed=False, processing_time=7.0ms
2025-09-20 02:57:08.144 | INFO     | audio | add_audio_chunk:775 | ✅ 标准音频输入: RMS=0.018048, 时长=0.26s
2025-09-20 02:57:08.387 | TRACE    | audio | add_audio_chunk:525 | 收到音频块: format=pcm, raw_size=8192 bytes, sample_rate=16000
2025-09-20 02:57:08.391 | TRACE    | audio | add_audio_chunk:577 | PCM解码完成: samples=4096
2025-09-20 02:57:08.391 | INFO     | audio | add_audio_chunk:657 | AGC已应用: 原始RMS=0.002436, 增益=10.00
2025-09-20 02:57:08.391 | DEBUG    | audio | add_audio_chunk:668 | 音频质量分析: samples=4096, max_amp=0.1022, rms_amp=0.0244, mean_amp=0.0180, non_zero_ratio=0.995, zero_ratio=0.005
2025-09-20 02:57:08.393 | DEBUG    | audio | add_audio_chunk:739 | 🎵 音频活动[高]: max_amp=0.102234 > 0.003
2025-09-20 02:57:08.394 | DEBUG    | audio | add_audio_chunk:743 | 音频块处理完成: format=pcm, samples=4096, max_amp=0.1022, rms_amp=0.0244, buffer_before=139264, buffer_after=143360, trimmed=False, processing_time=6.6ms
2025-09-20 02:57:08.400 | INFO     | audio | add_audio_chunk:775 | ✅ 标准音频输入: RMS=0.024357, 时长=0.26s
2025-09-20 02:57:08.638 | TRACE    | audio | add_audio_chunk:525 | 收到音频块: format=pcm, raw_size=8192 bytes, sample_rate=16000
2025-09-20 02:57:08.641 | TRACE    | audio | add_audio_chunk:577 | PCM解码完成: samples=4096
2025-09-20 02:57:08.641 | INFO     | audio | add_audio_chunk:657 | AGC已应用: 原始RMS=0.001791, 增益=10.00
2025-09-20 02:57:08.642 | DEBUG    | audio | add_audio_chunk:668 | 音频质量分析: samples=4096, max_amp=0.0513, rms_amp=0.0179, mean_amp=0.0143, non_zero_ratio=0.992, zero_ratio=0.008
2025-09-20 02:57:08.644 | DEBUG    | audio | add_audio_chunk:739 | 🎵 音频活动[中]: max_amp=0.051270 > 0.003
2025-09-20 02:57:08.644 | DEBUG    | audio | add_audio_chunk:743 | 音频块处理完成: format=pcm, samples=4096, max_amp=0.0513, rms_amp=0.0179, buffer_before=143360, buffer_after=147456, trimmed=False, processing_time=6.7ms
2025-09-20 02:57:08.651 | INFO     | audio | add_audio_chunk:775 | ✅ 标准音频输入: RMS=0.017913, 时长=0.26s
2025-09-20 02:57:08.897 | TRACE    | audio | add_audio_chunk:525 | 收到音频块: format=pcm, raw_size=8192 bytes, sample_rate=16000
2025-09-20 02:57:08.901 | TRACE    | audio | add_audio_chunk:577 | PCM解码完成: samples=4096
2025-09-20 02:57:08.901 | INFO     | audio | add_audio_chunk:657 | AGC已应用: 原始RMS=0.003236, 增益=9.27
2025-09-20 02:57:08.902 | DEBUG    | audio | add_audio_chunk:668 | 音频质量分析: samples=4096, max_amp=0.1030, rms_amp=0.0300, mean_amp=0.0234, non_zero_ratio=0.996, zero_ratio=0.004
2025-09-20 02:57:08.904 | DEBUG    | audio | add_audio_chunk:739 | 🎵 音频活动[高]: max_amp=0.102972 > 0.003
2025-09-20 02:57:08.904 | DEBUG    | audio | add_audio_chunk:743 | 音频块处理完成: format=pcm, samples=4096, max_amp=0.1030, rms_amp=0.0300, buffer_before=147456, buffer_after=151552, trimmed=False, processing_time=6.4ms
2025-09-20 02:57:08.911 | INFO     | audio | add_audio_chunk:775 | ✅ 标准音频输入: RMS=0.030000, 时长=0.26s
2025-09-20 02:57:09.147 | TRACE    | audio | add_audio_chunk:525 | 收到音频块: format=pcm, raw_size=8192 bytes, sample_rate=16000
2025-09-20 02:57:09.151 | TRACE    | audio | add_audio_chunk:577 | PCM解码完成: samples=4096
2025-09-20 02:57:09.151 | INFO     | audio | add_audio_chunk:657 | AGC已应用: 原始RMS=0.002595, 增益=10.00
2025-09-20 02:57:09.151 | DEBUG    | audio | add_audio_chunk:668 | 音频质量分析: samples=4096, max_amp=0.0879, rms_amp=0.0260, mean_amp=0.0206, non_zero_ratio=0.995, zero_ratio=0.005
2025-09-20 02:57:09.153 | DEBUG    | audio | add_audio_chunk:739 | 🎵 音频活动[中]: max_amp=0.087891 > 0.003
2025-09-20 02:57:09.154 | DEBUG    | audio | add_audio_chunk:743 | 音频块处理完成: format=pcm, samples=4096, max_amp=0.0879, rms_amp=0.0260, buffer_before=151552, buffer_after=155648, trimmed=False, processing_time=6.7ms
2025-09-20 02:57:09.160 | INFO     | audio | add_audio_chunk:775 | ✅ 标准音频输入: RMS=0.025954, 时长=0.26s
2025-09-20 02:57:09.407 | TRACE    | audio | add_audio_chunk:525 | 收到音频块: format=pcm, raw_size=8192 bytes, sample_rate=16000
2025-09-20 02:57:09.412 | TRACE    | audio | add_audio_chunk:577 | PCM解码完成: samples=4096
2025-09-20 02:57:09.412 | INFO     | audio | add_audio_chunk:657 | AGC已应用: 原始RMS=0.001771, 增益=10.00
2025-09-20 02:57:09.412 | DEBUG    | audio | add_audio_chunk:668 | 音频质量分析: samples=4096, max_amp=0.0409, rms_amp=0.0177, mean_amp=0.0147, non_zero_ratio=0.994, zero_ratio=0.006
2025-09-20 02:57:09.415 | DEBUG    | audio | add_audio_chunk:739 | 🎵 音频活动[中]: max_amp=0.040894 > 0.003
2025-09-20 02:57:09.415 | DEBUG    | audio | add_audio_chunk:743 | 音频块处理完成: format=pcm, samples=4096, max_amp=0.0409, rms_amp=0.0177, buffer_before=155648, buffer_after=159744, trimmed=False, processing_time=7.5ms
2025-09-20 02:57:09.430 | INFO     | audio | add_audio_chunk:775 | ✅ 标准音频输入: RMS=0.017715, 时长=0.26s
2025-09-20 02:57:09.668 | TRACE    | audio | add_audio_chunk:525 | 收到音频块: format=pcm, raw_size=8192 bytes, sample_rate=16000
2025-09-20 02:57:09.675 | TRACE    | audio | add_audio_chunk:577 | PCM解码完成: samples=4096
2025-09-20 02:57:09.676 | INFO     | audio | add_audio_chunk:657 | AGC已应用: 原始RMS=0.001740, 增益=10.00
2025-09-20 02:57:09.676 | DEBUG    | audio | add_audio_chunk:668 | 音频质量分析: samples=4096, max_amp=0.0519, rms_amp=0.0174, mean_amp=0.0143, non_zero_ratio=0.995, zero_ratio=0.005
2025-09-20 02:57:09.678 | DEBUG    | audio | add_audio_chunk:739 | 🎵 音频活动[中]: max_amp=0.051880 > 0.003
2025-09-20 02:57:09.679 | DEBUG    | audio | add_audio_chunk:743 | 音频块处理完成: format=pcm, samples=4096, max_amp=0.0519, rms_amp=0.0174, buffer_before=159744, buffer_after=163840, trimmed=False, processing_time=11.0ms
2025-09-20 02:57:09.687 | INFO     | audio | add_audio_chunk:775 | ✅ 标准音频输入: RMS=0.017403, 时长=0.26s
2025-09-20 02:57:09.917 | TRACE    | audio | add_audio_chunk:525 | 收到音频块: format=pcm, raw_size=8192 bytes, sample_rate=16000
2025-09-20 02:57:09.922 | TRACE    | audio | add_audio_chunk:577 | PCM解码完成: samples=4096
2025-09-20 02:57:09.922 | INFO     | audio | add_audio_chunk:657 | AGC已应用: 原始RMS=0.001601, 增益=10.00
2025-09-20 02:57:09.923 | DEBUG    | audio | add_audio_chunk:668 | 音频质量分析: samples=4096, max_amp=0.0446, rms_amp=0.0160, mean_amp=0.0126, non_zero_ratio=0.991, zero_ratio=0.009
2025-09-20 02:57:09.925 | DEBUG    | audio | add_audio_chunk:739 | 🎵 音频活动[中]: max_amp=0.044556 > 0.003
2025-09-20 02:57:09.925 | DEBUG    | audio | add_audio_chunk:743 | 音频块处理完成: format=pcm, samples=4096, max_amp=0.0446, rms_amp=0.0160, buffer_before=163840, buffer_after=167936, trimmed=False, processing_time=7.9ms
2025-09-20 02:57:09.932 | INFO     | audio | add_audio_chunk:775 | ✅ 标准音频输入: RMS=0.016011, 时长=0.26s
2025-09-20 02:57:10.177 | TRACE    | audio | add_audio_chunk:525 | 收到音频块: format=pcm, raw_size=8192 bytes, sample_rate=16000
2025-09-20 02:57:10.182 | TRACE    | audio | add_audio_chunk:577 | PCM解码完成: samples=4096
2025-09-20 02:57:10.182 | INFO     | audio | add_audio_chunk:657 | AGC已应用: 原始RMS=0.000967, 增益=10.00
2025-09-20 02:57:10.182 | DEBUG    | audio | add_audio_chunk:668 | 音频质量分析: samples=4096, max_amp=0.0281, rms_amp=0.0097, mean_amp=0.0080, non_zero_ratio=0.990, zero_ratio=0.010
2025-09-20 02:57:10.184 | DEBUG    | audio | add_audio_chunk:739 | 🎵 音频活动[低]: max_amp=0.028076 > 0.003
2025-09-20 02:57:10.184 | DEBUG    | audio | add_audio_chunk:743 | 音频块处理完成: format=pcm, samples=4096, max_amp=0.0281, rms_amp=0.0097, buffer_before=167936, buffer_after=172032, trimmed=False, processing_time=7.1ms
2025-09-20 02:57:10.196 | DEBUG    | audio | add_audio_chunk:777 | 🔉 轻声音频输入: RMS=0.009675, 时长=0.26s
2025-09-20 02:57:10.427 | TRACE    | audio | add_audio_chunk:525 | 收到音频块: format=pcm, raw_size=8192 bytes, sample_rate=16000
2025-09-20 02:57:10.431 | TRACE    | audio | add_audio_chunk:577 | PCM解码完成: samples=4096
2025-09-20 02:57:10.431 | INFO     | audio | add_audio_chunk:657 | AGC已应用: 原始RMS=0.001108, 增益=10.00
2025-09-20 02:57:10.431 | DEBUG    | audio | add_audio_chunk:668 | 音频质量分析: samples=4096, max_amp=0.0302, rms_amp=0.0111, mean_amp=0.0090, non_zero_ratio=0.992, zero_ratio=0.008
2025-09-20 02:57:10.433 | DEBUG    | audio | add_audio_chunk:739 | 🎵 音频活动[中]: max_amp=0.030212 > 0.003
2025-09-20 02:57:10.433 | DEBUG    | audio | add_audio_chunk:743 | 音频块处理完成: format=pcm, samples=4096, max_amp=0.0302, rms_amp=0.0111, buffer_before=172032, buffer_after=176128, trimmed=False, processing_time=6.1ms
2025-09-20 02:57:10.440 | INFO     | audio | add_audio_chunk:775 | ✅ 标准音频输入: RMS=0.011079, 时长=0.26s
2025-09-20 02:57:10.688 | TRACE    | audio | add_audio_chunk:525 | 收到音频块: format=pcm, raw_size=8192 bytes, sample_rate=16000
2025-09-20 02:57:10.692 | TRACE    | audio | add_audio_chunk:577 | PCM解码完成: samples=4096
2025-09-20 02:57:10.692 | INFO     | audio | add_audio_chunk:657 | AGC已应用: 原始RMS=0.001262, 增益=10.00
2025-09-20 02:57:10.693 | DEBUG    | audio | add_audio_chunk:668 | 音频质量分析: samples=4096, max_amp=0.0400, rms_amp=0.0126, mean_amp=0.0099, non_zero_ratio=0.987, zero_ratio=0.013
2025-09-20 02:57:10.695 | DEBUG    | audio | add_audio_chunk:739 | 🎵 音频活动[中]: max_amp=0.039978 > 0.003
2025-09-20 02:57:10.695 | DEBUG    | audio | add_audio_chunk:743 | 音频块处理完成: format=pcm, samples=4096, max_amp=0.0400, rms_amp=0.0126, buffer_before=176128, buffer_after=180224, trimmed=False, processing_time=7.1ms
2025-09-20 02:57:10.702 | INFO     | audio | add_audio_chunk:775 | ✅ 标准音频输入: RMS=0.012618, 时长=0.26s
2025-09-20 02:57:10.947 | TRACE    | audio | add_audio_chunk:525 | 收到音频块: format=pcm, raw_size=8192 bytes, sample_rate=16000
2025-09-20 02:57:10.952 | TRACE    | audio | add_audio_chunk:577 | PCM解码完成: samples=4096
2025-09-20 02:57:10.952 | INFO     | audio | add_audio_chunk:657 | AGC已应用: 原始RMS=0.001457, 增益=10.00
2025-09-20 02:57:10.952 | DEBUG    | audio | add_audio_chunk:668 | 音频质量分析: samples=4096, max_amp=0.0497, rms_amp=0.0146, mean_amp=0.0120, non_zero_ratio=0.994, zero_ratio=0.006
2025-09-20 02:57:10.955 | DEBUG    | audio | add_audio_chunk:739 | 🎵 音频活动[中]: max_amp=0.049744 > 0.003
2025-09-20 02:57:10.955 | DEBUG    | audio | add_audio_chunk:743 | 音频块处理完成: format=pcm, samples=4096, max_amp=0.0497, rms_amp=0.0146, buffer_before=180224, buffer_after=184320, trimmed=False, processing_time=7.6ms
2025-09-20 02:57:10.963 | INFO     | audio | add_audio_chunk:775 | ✅ 标准音频输入: RMS=0.014574, 时长=0.26s
2025-09-20 02:57:11.197 | TRACE    | audio | add_audio_chunk:525 | 收到音频块: format=pcm, raw_size=8192 bytes, sample_rate=16000
2025-09-20 02:57:11.226 | TRACE    | audio | add_audio_chunk:577 | PCM解码完成: samples=4096
2025-09-20 02:57:11.227 | INFO     | audio | add_audio_chunk:657 | AGC已应用: 原始RMS=0.001550, 增益=10.00
2025-09-20 02:57:11.229 | DEBUG    | audio | add_audio_chunk:668 | 音频质量分析: samples=4096, max_amp=0.0424, rms_amp=0.0155, mean_amp=0.0132, non_zero_ratio=0.995, zero_ratio=0.005
2025-09-20 02:57:11.232 | DEBUG    | audio | add_audio_chunk:739 | 🎵 音频活动[中]: max_amp=0.042419 > 0.003
2025-09-20 02:57:11.234 | DEBUG    | audio | add_audio_chunk:743 | 音频块处理完成: format=pcm, samples=4096, max_amp=0.0424, rms_amp=0.0155, buffer_before=184320, buffer_after=188416, trimmed=False, processing_time=37.2ms
2025-09-20 02:57:11.272 | INFO     | audio | add_audio_chunk:775 | ✅ 标准音频输入: RMS=0.015496, 时长=0.26s
2025-09-20 02:57:11.458 | TRACE    | audio | add_audio_chunk:525 | 收到音频块: format=pcm, raw_size=8192 bytes, sample_rate=16000
2025-09-20 02:57:11.462 | TRACE    | audio | add_audio_chunk:577 | PCM解码完成: samples=4096
2025-09-20 02:57:11.462 | INFO     | audio | add_audio_chunk:657 | AGC已应用: 原始RMS=0.001827, 增益=10.00
2025-09-20 02:57:11.462 | DEBUG    | audio | add_audio_chunk:668 | 音频质量分析: samples=4096, max_amp=0.0455, rms_amp=0.0183, mean_amp=0.0156, non_zero_ratio=0.996, zero_ratio=0.004
2025-09-20 02:57:11.464 | DEBUG    | audio | add_audio_chunk:739 | 🎵 音频活动[中]: max_amp=0.045471 > 0.003
2025-09-20 02:57:11.465 | DEBUG    | audio | add_audio_chunk:743 | 音频块处理完成: format=pcm, samples=4096, max_amp=0.0455, rms_amp=0.0183, buffer_before=188416, buffer_after=192512, trimmed=False, processing_time=7.0ms
2025-09-20 02:57:11.471 | INFO     | audio | add_audio_chunk:775 | ✅ 标准音频输入: RMS=0.018271, 时长=0.26s
2025-09-20 02:57:11.707 | TRACE    | audio | add_audio_chunk:525 | 收到音频块: format=pcm, raw_size=8192 bytes, sample_rate=16000
2025-09-20 02:57:11.714 | TRACE    | audio | add_audio_chunk:577 | PCM解码完成: samples=4096
2025-09-20 02:57:11.714 | INFO     | audio | add_audio_chunk:657 | AGC已应用: 原始RMS=0.001759, 增益=10.00
2025-09-20 02:57:11.715 | DEBUG    | audio | add_audio_chunk:668 | 音频质量分析: samples=4096, max_amp=0.0687, rms_amp=0.0176, mean_amp=0.0140, non_zero_ratio=0.994, zero_ratio=0.006
2025-09-20 02:57:11.717 | DEBUG    | audio | add_audio_chunk:739 | 🎵 音频活动[中]: max_amp=0.068665 > 0.003
2025-09-20 02:57:11.717 | DEBUG    | audio | add_audio_chunk:743 | 音频块处理完成: format=pcm, samples=4096, max_amp=0.0687, rms_amp=0.0176, buffer_before=192512, buffer_after=196608, trimmed=False, processing_time=9.9ms
2025-09-20 02:57:11.725 | INFO     | audio | add_audio_chunk:775 | ✅ 标准音频输入: RMS=0.017592, 时长=0.26s
2025-09-20 02:57:11.967 | TRACE    | audio | add_audio_chunk:525 | 收到音频块: format=pcm, raw_size=8192 bytes, sample_rate=16000
2025-09-20 02:57:11.972 | TRACE    | audio | add_audio_chunk:577 | PCM解码完成: samples=4096
2025-09-20 02:57:11.972 | INFO     | audio | add_audio_chunk:657 | AGC已应用: 原始RMS=0.002548, 增益=10.00
2025-09-20 02:57:11.972 | DEBUG    | audio | add_audio_chunk:668 | 音频质量分析: samples=4096, max_amp=0.1007, rms_amp=0.0255, mean_amp=0.0201, non_zero_ratio=0.995, zero_ratio=0.005
2025-09-20 02:57:11.974 | DEBUG    | audio | add_audio_chunk:739 | 🎵 音频活动[高]: max_amp=0.100708 > 0.003
2025-09-20 02:57:11.975 | DEBUG    | audio | add_audio_chunk:743 | 音频块处理完成: format=pcm, samples=4096, max_amp=0.1007, rms_amp=0.0255, buffer_before=196608, buffer_after=200704, trimmed=False, processing_time=8.1ms
2025-09-20 02:57:11.981 | INFO     | audio | add_audio_chunk:775 | ✅ 标准音频输入: RMS=0.025480, 时长=0.26s
2025-09-20 02:57:12.227 | TRACE    | audio | add_audio_chunk:525 | 收到音频块: format=pcm, raw_size=8192 bytes, sample_rate=16000
2025-09-20 02:57:12.231 | TRACE    | audio | add_audio_chunk:577 | PCM解码完成: samples=4096
2025-09-20 02:57:12.231 | INFO     | audio | add_audio_chunk:657 | AGC已应用: 原始RMS=0.002178, 增益=10.00
2025-09-20 02:57:12.232 | DEBUG    | audio | add_audio_chunk:668 | 音频质量分析: samples=4096, max_amp=0.0797, rms_amp=0.0218, mean_amp=0.0164, non_zero_ratio=0.992, zero_ratio=0.008
2025-09-20 02:57:12.234 | DEBUG    | audio | add_audio_chunk:739 | 🎵 音频活动[中]: max_amp=0.079651 > 0.003
2025-09-20 02:57:12.234 | DEBUG    | audio | add_audio_chunk:743 | 音频块处理完成: format=pcm, samples=4096, max_amp=0.0797, rms_amp=0.0218, buffer_before=200704, buffer_after=204800, trimmed=False, processing_time=6.7ms
2025-09-20 02:57:12.243 | INFO     | audio | add_audio_chunk:775 | ✅ 标准音频输入: RMS=0.021777, 时长=0.26s
2025-09-20 02:57:12.487 | TRACE    | audio | add_audio_chunk:525 | 收到音频块: format=pcm, raw_size=8192 bytes, sample_rate=16000
2025-09-20 02:57:12.491 | TRACE    | audio | add_audio_chunk:577 | PCM解码完成: samples=4096
2025-09-20 02:57:12.491 | INFO     | audio | add_audio_chunk:657 | AGC已应用: 原始RMS=0.002202, 增益=10.00
2025-09-20 02:57:12.492 | DEBUG    | audio | add_audio_chunk:668 | 音频质量分析: samples=4096, max_amp=0.0748, rms_amp=0.0220, mean_amp=0.0177, non_zero_ratio=0.992, zero_ratio=0.008
2025-09-20 02:57:12.494 | DEBUG    | audio | add_audio_chunk:739 | 🎵 音频活动[中]: max_amp=0.074768 > 0.003
2025-09-20 02:57:12.494 | DEBUG    | audio | add_audio_chunk:743 | 音频块处理完成: format=pcm, samples=4096, max_amp=0.0748, rms_amp=0.0220, buffer_before=204800, buffer_after=208896, trimmed=False, processing_time=6.6ms
2025-09-20 02:57:12.501 | INFO     | audio | add_audio_chunk:775 | ✅ 标准音频输入: RMS=0.022017, 时长=0.26s
2025-09-20 02:57:12.747 | TRACE    | audio | add_audio_chunk:525 | 收到音频块: format=pcm, raw_size=8192 bytes, sample_rate=16000
2025-09-20 02:57:12.754 | TRACE    | audio | add_audio_chunk:577 | PCM解码完成: samples=4096
2025-09-20 02:57:12.754 | INFO     | audio | add_audio_chunk:657 | AGC已应用: 原始RMS=0.001687, 增益=10.00
2025-09-20 02:57:12.755 | DEBUG    | audio | add_audio_chunk:668 | 音频质量分析: samples=4096, max_amp=0.0525, rms_amp=0.0169, mean_amp=0.0137, non_zero_ratio=0.995, zero_ratio=0.005
2025-09-20 02:57:12.757 | DEBUG    | audio | add_audio_chunk:739 | 🎵 音频活动[中]: max_amp=0.052490 > 0.003
2025-09-20 02:57:12.757 | DEBUG    | audio | add_audio_chunk:743 | 音频块处理完成: format=pcm, samples=4096, max_amp=0.0525, rms_amp=0.0169, buffer_before=208896, buffer_after=212992, trimmed=False, processing_time=9.5ms
2025-09-20 02:57:12.770 | INFO     | audio | add_audio_chunk:775 | ✅ 标准音频输入: RMS=0.016869, 时长=0.26s
2025-09-20 02:57:12.998 | TRACE    | audio | add_audio_chunk:525 | 收到音频块: format=pcm, raw_size=8192 bytes, sample_rate=16000
2025-09-20 02:57:13.015 | TRACE    | audio | add_audio_chunk:577 | PCM解码完成: samples=4096
2025-09-20 02:57:13.016 | INFO     | audio | add_audio_chunk:657 | AGC已应用: 原始RMS=0.001373, 增益=10.00
2025-09-20 02:57:13.016 | DEBUG    | audio | add_audio_chunk:668 | 音频质量分析: samples=4096, max_amp=0.0366, rms_amp=0.0137, mean_amp=0.0114, non_zero_ratio=0.994, zero_ratio=0.006
2025-09-20 02:57:13.018 | DEBUG    | audio | add_audio_chunk:739 | 🎵 音频活动[中]: max_amp=0.036621 > 0.003
2025-09-20 02:57:13.018 | DEBUG    | audio | add_audio_chunk:743 | 音频块处理完成: format=pcm, samples=4096, max_amp=0.0366, rms_amp=0.0137, buffer_before=212992, buffer_after=217088, trimmed=False, processing_time=20.2ms
2025-09-20 02:57:13.045 | INFO     | audio | add_audio_chunk:775 | ✅ 标准音频输入: RMS=0.013732, 时长=0.26s
2025-09-20 02:57:13.258 | TRACE    | audio | add_audio_chunk:525 | 收到音频块: format=pcm, raw_size=8192 bytes, sample_rate=16000
2025-09-20 02:57:13.262 | TRACE    | audio | add_audio_chunk:577 | PCM解码完成: samples=4096
2025-09-20 02:57:13.263 | INFO     | audio | add_audio_chunk:657 | AGC已应用: 原始RMS=0.001571, 增益=10.00
2025-09-20 02:57:13.263 | DEBUG    | audio | add_audio_chunk:668 | 音频质量分析: samples=4096, max_amp=0.0497, rms_amp=0.0157, mean_amp=0.0129, non_zero_ratio=0.992, zero_ratio=0.008
2025-09-20 02:57:13.265 | DEBUG    | audio | add_audio_chunk:739 | 🎵 音频活动[中]: max_amp=0.049744 > 0.003
2025-09-20 02:57:13.266 | DEBUG    | audio | add_audio_chunk:743 | 音频块处理完成: format=pcm, samples=4096, max_amp=0.0497, rms_amp=0.0157, buffer_before=217088, buffer_after=221184, trimmed=False, processing_time=7.5ms
2025-09-20 02:57:13.271 | INFO     | audio | add_audio_chunk:775 | ✅ 标准音频输入: RMS=0.015714, 时长=0.26s
2025-09-20 02:57:13.507 | TRACE    | audio | add_audio_chunk:525 | 收到音频块: format=pcm, raw_size=8192 bytes, sample_rate=16000
2025-09-20 02:57:13.511 | TRACE    | audio | add_audio_chunk:577 | PCM解码完成: samples=4096
2025-09-20 02:57:13.512 | INFO     | audio | add_audio_chunk:657 | AGC已应用: 原始RMS=0.001601, 增益=10.00
2025-09-20 02:57:13.512 | DEBUG    | audio | add_audio_chunk:668 | 音频质量分析: samples=4096, max_amp=0.0397, rms_amp=0.0160, mean_amp=0.0136, non_zero_ratio=0.992, zero_ratio=0.008
2025-09-20 02:57:13.514 | DEBUG    | audio | add_audio_chunk:739 | 🎵 音频活动[中]: max_amp=0.039673 > 0.003
2025-09-20 02:57:13.514 | DEBUG    | audio | add_audio_chunk:743 | 音频块处理完成: format=pcm, samples=4096, max_amp=0.0397, rms_amp=0.0160, buffer_before=221184, buffer_after=225280, trimmed=False, processing_time=7.1ms
2025-09-20 02:57:13.521 | INFO     | audio | add_audio_chunk:775 | ✅ 标准音频输入: RMS=0.016009, 时长=0.26s
2025-09-20 02:57:13.767 | TRACE    | audio | add_audio_chunk:525 | 收到音频块: format=pcm, raw_size=8192 bytes, sample_rate=16000
2025-09-20 02:57:13.772 | TRACE    | audio | add_audio_chunk:577 | PCM解码完成: samples=4096
2025-09-20 02:57:13.772 | INFO     | audio | add_audio_chunk:657 | AGC已应用: 原始RMS=0.001554, 增益=10.00
2025-09-20 02:57:13.774 | DEBUG    | audio | add_audio_chunk:668 | 音频质量分析: samples=4096, max_amp=0.0427, rms_amp=0.0155, mean_amp=0.0125, non_zero_ratio=0.993, zero_ratio=0.007
2025-09-20 02:57:13.777 | DEBUG    | audio | add_audio_chunk:739 | 🎵 音频活动[中]: max_amp=0.042725 > 0.003
2025-09-20 02:57:13.777 | DEBUG    | audio | add_audio_chunk:743 | 音频块处理完成: format=pcm, samples=4096, max_amp=0.0427, rms_amp=0.0155, buffer_before=225280, buffer_after=229376, trimmed=False, processing_time=9.3ms
2025-09-20 02:57:13.794 | INFO     | audio | add_audio_chunk:775 | ✅ 标准音频输入: RMS=0.015543, 时长=0.26s
2025-09-20 02:57:14.027 | TRACE    | audio | add_audio_chunk:525 | 收到音频块: format=pcm, raw_size=8192 bytes, sample_rate=16000
2025-09-20 02:57:14.032 | TRACE    | audio | add_audio_chunk:577 | PCM解码完成: samples=4096
2025-09-20 02:57:14.033 | INFO     | audio | add_audio_chunk:657 | AGC已应用: 原始RMS=0.002498, 增益=10.00
2025-09-20 02:57:14.033 | DEBUG    | audio | add_audio_chunk:668 | 音频质量分析: samples=4096, max_amp=0.0626, rms_amp=0.0250, mean_amp=0.0207, non_zero_ratio=0.996, zero_ratio=0.004
2025-09-20 02:57:14.035 | DEBUG    | audio | add_audio_chunk:739 | 🎵 音频活动[中]: max_amp=0.062561 > 0.003
2025-09-20 02:57:14.035 | DEBUG    | audio | add_audio_chunk:743 | 音频块处理完成: format=pcm, samples=4096, max_amp=0.0626, rms_amp=0.0250, buffer_before=229376, buffer_after=233472, trimmed=False, processing_time=8.2ms
2025-09-20 02:57:14.043 | INFO     | audio | add_audio_chunk:775 | ✅ 标准音频输入: RMS=0.024983, 时长=0.26s
2025-09-20 02:57:14.277 | TRACE    | audio | add_audio_chunk:525 | 收到音频块: format=pcm, raw_size=8192 bytes, sample_rate=16000
2025-09-20 02:57:14.284 | TRACE    | audio | add_audio_chunk:577 | PCM解码完成: samples=4096
2025-09-20 02:57:14.284 | INFO     | audio | add_audio_chunk:657 | AGC已应用: 原始RMS=0.001677, 增益=10.00
2025-09-20 02:57:14.284 | DEBUG    | audio | add_audio_chunk:668 | 音频质量分析: samples=4096, max_amp=0.0558, rms_amp=0.0168, mean_amp=0.0135, non_zero_ratio=0.991, zero_ratio=0.009
2025-09-20 02:57:14.287 | DEBUG    | audio | add_audio_chunk:739 | 🎵 音频活动[中]: max_amp=0.055847 > 0.003
2025-09-20 02:57:14.287 | DEBUG    | audio | add_audio_chunk:743 | 音频块处理完成: format=pcm, samples=4096, max_amp=0.0558, rms_amp=0.0168, buffer_before=233472, buffer_after=237568, trimmed=False, processing_time=9.5ms
2025-09-20 02:57:14.293 | INFO     | audio | add_audio_chunk:775 | ✅ 标准音频输入: RMS=0.016767, 时长=0.26s
2025-09-20 02:57:14.537 | TRACE    | audio | add_audio_chunk:525 | 收到音频块: format=pcm, raw_size=8192 bytes, sample_rate=16000
2025-09-20 02:57:14.543 | TRACE    | audio | add_audio_chunk:577 | PCM解码完成: samples=4096
2025-09-20 02:57:14.544 | INFO     | audio | add_audio_chunk:657 | AGC已应用: 原始RMS=0.001582, 增益=10.00
2025-09-20 02:57:14.544 | DEBUG    | audio | add_audio_chunk:668 | 音频质量分析: samples=4096, max_amp=0.0589, rms_amp=0.0158, mean_amp=0.0124, non_zero_ratio=0.995, zero_ratio=0.005
2025-09-20 02:57:14.546 | DEBUG    | audio | add_audio_chunk:739 | 🎵 音频活动[中]: max_amp=0.058899 > 0.003
2025-09-20 02:57:14.546 | DEBUG    | audio | add_audio_chunk:743 | 音频块处理完成: format=pcm, samples=4096, max_amp=0.0589, rms_amp=0.0158, buffer_before=237568, buffer_after=241664, trimmed=False, processing_time=8.9ms
2025-09-20 02:57:14.551 | INFO     | audio | add_audio_chunk:775 | ✅ 标准音频输入: RMS=0.015820, 时长=0.26s
2025-09-20 02:57:14.789 | TRACE    | audio | add_audio_chunk:525 | 收到音频块: format=pcm, raw_size=8192 bytes, sample_rate=16000
2025-09-20 02:57:14.807 | TRACE    | audio | add_audio_chunk:577 | PCM解码完成: samples=4096
2025-09-20 02:57:14.807 | INFO     | audio | add_audio_chunk:657 | AGC已应用: 原始RMS=0.001890, 增益=10.00
2025-09-20 02:57:14.808 | DEBUG    | audio | add_audio_chunk:668 | 音频质量分析: samples=4096, max_amp=0.0720, rms_amp=0.0189, mean_amp=0.0151, non_zero_ratio=0.993, zero_ratio=0.007
2025-09-20 02:57:14.810 | DEBUG    | audio | add_audio_chunk:739 | 🎵 音频活动[中]: max_amp=0.072021 > 0.003
2025-09-20 02:57:14.812 | DEBUG    | audio | add_audio_chunk:743 | 音频块处理完成: format=pcm, samples=4096, max_amp=0.0720, rms_amp=0.0189, buffer_before=241664, buffer_after=245760, trimmed=False, processing_time=22.6ms
2025-09-20 02:57:14.832 | INFO     | audio | add_audio_chunk:775 | ✅ 标准音频输入: RMS=0.018901, 时长=0.26s
2025-09-20 02:57:15.048 | TRACE    | audio | add_audio_chunk:525 | 收到音频块: format=pcm, raw_size=8192 bytes, sample_rate=16000
2025-09-20 02:57:15.056 | TRACE    | audio | add_audio_chunk:577 | PCM解码完成: samples=4096
2025-09-20 02:57:15.057 | INFO     | audio | add_audio_chunk:657 | AGC已应用: 原始RMS=0.002198, 增益=10.00
2025-09-20 02:57:15.057 | DEBUG    | audio | add_audio_chunk:668 | 音频质量分析: samples=4096, max_amp=0.0604, rms_amp=0.0220, mean_amp=0.0179, non_zero_ratio=0.997, zero_ratio=0.003
2025-09-20 02:57:15.060 | DEBUG    | audio | add_audio_chunk:739 | 🎵 音频活动[中]: max_amp=0.060425 > 0.003
2025-09-20 02:57:15.064 | DEBUG    | audio | add_audio_chunk:743 | 音频块处理完成: format=pcm, samples=4096, max_amp=0.0604, rms_amp=0.0220, buffer_before=245760, buffer_after=249856, trimmed=False, processing_time=16.8ms
2025-09-20 02:57:15.073 | INFO     | audio | add_audio_chunk:775 | ✅ 标准音频输入: RMS=0.021979, 时长=0.26s
2025-09-20 02:57:15.307 | TRACE    | audio | add_audio_chunk:525 | 收到音频块: format=pcm, raw_size=8192 bytes, sample_rate=16000
2025-09-20 02:57:15.312 | TRACE    | audio | add_audio_chunk:577 | PCM解码完成: samples=4096
2025-09-20 02:57:15.313 | INFO     | audio | add_audio_chunk:657 | AGC已应用: 原始RMS=0.001754, 增益=10.00
2025-09-20 02:57:15.313 | DEBUG    | audio | add_audio_chunk:668 | 音频质量分析: samples=4096, max_amp=0.0540, rms_amp=0.0175, mean_amp=0.0144, non_zero_ratio=0.994, zero_ratio=0.006
2025-09-20 02:57:15.315 | DEBUG    | audio | add_audio_chunk:739 | 🎵 音频活动[中]: max_amp=0.054016 > 0.003
2025-09-20 02:57:15.315 | DEBUG    | audio | add_audio_chunk:743 | 音频块处理完成: format=pcm, samples=4096, max_amp=0.0540, rms_amp=0.0175, buffer_before=249856, buffer_after=253952, trimmed=False, processing_time=8.0ms
2025-09-20 02:57:15.327 | INFO     | audio | add_audio_chunk:775 | ✅ 标准音频输入: RMS=0.017540, 时长=0.26s
2025-09-20 02:57:15.557 | TRACE    | audio | add_audio_chunk:525 | 收到音频块: format=pcm, raw_size=8192 bytes, sample_rate=16000
2025-09-20 02:57:15.562 | TRACE    | audio | add_audio_chunk:577 | PCM解码完成: samples=4096
2025-09-20 02:57:15.562 | INFO     | audio | add_audio_chunk:657 | AGC已应用: 原始RMS=0.001668, 增益=10.00
2025-09-20 02:57:15.562 | DEBUG    | audio | add_audio_chunk:668 | 音频质量分析: samples=4096, max_amp=0.0464, rms_amp=0.0167, mean_amp=0.0136, non_zero_ratio=0.993, zero_ratio=0.007
2025-09-20 02:57:15.564 | DEBUG    | audio | add_audio_chunk:739 | 🎵 音频活动[中]: max_amp=0.046387 > 0.003
2025-09-20 02:57:15.564 | DEBUG    | audio | add_audio_chunk:743 | 音频块处理完成: format=pcm, samples=4096, max_amp=0.0464, rms_amp=0.0167, buffer_before=253952, buffer_after=258048, trimmed=False, processing_time=7.1ms
2025-09-20 02:57:15.570 | INFO     | audio | add_audio_chunk:775 | ✅ 标准音频输入: RMS=0.016678, 时长=0.26s
2025-09-20 02:57:15.818 | TRACE    | audio | add_audio_chunk:525 | 收到音频块: format=pcm, raw_size=8192 bytes, sample_rate=16000
2025-09-20 02:57:15.822 | TRACE    | audio | add_audio_chunk:577 | PCM解码完成: samples=4096
2025-09-20 02:57:15.822 | INFO     | audio | add_audio_chunk:657 | AGC已应用: 原始RMS=0.001630, 增益=10.00
2025-09-20 02:57:15.823 | DEBUG    | audio | add_audio_chunk:668 | 音频质量分析: samples=4096, max_amp=0.0388, rms_amp=0.0163, mean_amp=0.0137, non_zero_ratio=0.994, zero_ratio=0.006
2025-09-20 02:57:15.825 | DEBUG    | audio | add_audio_chunk:739 | 🎵 音频活动[中]: max_amp=0.038757 > 0.003
2025-09-20 02:57:15.826 | DEBUG    | audio | add_audio_chunk:743 | 音频块处理完成: format=pcm, samples=4096, max_amp=0.0388, rms_amp=0.0163, buffer_before=258048, buffer_after=262144, trimmed=False, processing_time=8.0ms
2025-09-20 02:57:15.831 | INFO     | audio | add_audio_chunk:775 | ✅ 标准音频输入: RMS=0.016298, 时长=0.26s
2025-09-20 02:57:16.067 | TRACE    | audio | add_audio_chunk:525 | 收到音频块: format=pcm, raw_size=8192 bytes, sample_rate=16000
2025-09-20 02:57:16.071 | TRACE    | audio | add_audio_chunk:577 | PCM解码完成: samples=4096
2025-09-20 02:57:16.071 | INFO     | audio | add_audio_chunk:657 | AGC已应用: 原始RMS=0.001721, 增益=10.00
2025-09-20 02:57:16.072 | DEBUG    | audio | add_audio_chunk:668 | 音频质量分析: samples=4096, max_amp=0.0473, rms_amp=0.0172, mean_amp=0.0148, non_zero_ratio=0.995, zero_ratio=0.005
2025-09-20 02:57:16.074 | DEBUG    | audio | add_audio_chunk:739 | 🎵 音频活动[中]: max_amp=0.047302 > 0.003
2025-09-20 02:57:16.074 | DEBUG    | audio | add_audio_chunk:743 | 音频块处理完成: format=pcm, samples=4096, max_amp=0.0473, rms_amp=0.0172, buffer_before=262144, buffer_after=266240, trimmed=False, processing_time=6.6ms
2025-09-20 02:57:16.080 | INFO     | audio | add_audio_chunk:775 | ✅ 标准音频输入: RMS=0.017209, 时长=0.26s
2025-09-20 02:57:16.327 | TRACE    | audio | add_audio_chunk:525 | 收到音频块: format=pcm, raw_size=8192 bytes, sample_rate=16000
2025-09-20 02:57:16.331 | TRACE    | audio | add_audio_chunk:577 | PCM解码完成: samples=4096
2025-09-20 02:57:16.331 | INFO     | audio | add_audio_chunk:657 | AGC已应用: 原始RMS=0.001274, 增益=10.00
2025-09-20 02:57:16.332 | DEBUG    | audio | add_audio_chunk:668 | 音频质量分析: samples=4096, max_amp=0.0336, rms_amp=0.0127, mean_amp=0.0104, non_zero_ratio=0.990, zero_ratio=0.010
2025-09-20 02:57:16.334 | DEBUG    | audio | add_audio_chunk:739 | 🎵 音频活动[中]: max_amp=0.033569 > 0.003
2025-09-20 02:57:16.334 | DEBUG    | audio | add_audio_chunk:743 | 音频块处理完成: format=pcm, samples=4096, max_amp=0.0336, rms_amp=0.0127, buffer_before=266240, buffer_after=270336, trimmed=False, processing_time=6.6ms
2025-09-20 02:57:16.343 | INFO     | audio | add_audio_chunk:775 | ✅ 标准音频输入: RMS=0.012743, 时长=0.26s
2025-09-20 02:57:16.587 | TRACE    | audio | add_audio_chunk:525 | 收到音频块: format=pcm, raw_size=8192 bytes, sample_rate=16000
2025-09-20 02:57:16.592 | TRACE    | audio | add_audio_chunk:577 | PCM解码完成: samples=4096
2025-09-20 02:57:16.592 | INFO     | audio | add_audio_chunk:657 | AGC已应用: 原始RMS=0.001818, 增益=10.00
2025-09-20 02:57:16.592 | DEBUG    | audio | add_audio_chunk:668 | 音频质量分析: samples=4096, max_amp=0.0479, rms_amp=0.0182, mean_amp=0.0146, non_zero_ratio=0.991, zero_ratio=0.009
2025-09-20 02:57:16.595 | DEBUG    | audio | add_audio_chunk:739 | 🎵 音频活动[中]: max_amp=0.047913 > 0.003
2025-09-20 02:57:16.595 | DEBUG    | audio | add_audio_chunk:743 | 音频块处理完成: format=pcm, samples=4096, max_amp=0.0479, rms_amp=0.0182, buffer_before=270336, buffer_after=274432, trimmed=False, processing_time=7.9ms
2025-09-20 02:57:16.601 | INFO     | audio | add_audio_chunk:775 | ✅ 标准音频输入: RMS=0.018177, 时长=0.26s
2025-09-20 02:57:16.837 | TRACE    | audio | add_audio_chunk:525 | 收到音频块: format=pcm, raw_size=8192 bytes, sample_rate=16000
2025-09-20 02:57:16.843 | TRACE    | audio | add_audio_chunk:577 | PCM解码完成: samples=4096
2025-09-20 02:57:16.844 | INFO     | audio | add_audio_chunk:657 | AGC已应用: 原始RMS=0.001870, 增益=10.00
2025-09-20 02:57:16.844 | DEBUG    | audio | add_audio_chunk:668 | 音频质量分析: samples=4096, max_amp=0.0455, rms_amp=0.0187, mean_amp=0.0154, non_zero_ratio=0.995, zero_ratio=0.005
2025-09-20 02:57:16.846 | DEBUG    | audio | add_audio_chunk:739 | 🎵 音频活动[中]: max_amp=0.045471 > 0.003
2025-09-20 02:57:16.846 | DEBUG    | audio | add_audio_chunk:743 | 音频块处理完成: format=pcm, samples=4096, max_amp=0.0455, rms_amp=0.0187, buffer_before=274432, buffer_after=278528, trimmed=False, processing_time=9.0ms
2025-09-20 02:57:16.859 | INFO     | audio | add_audio_chunk:775 | ✅ 标准音频输入: RMS=0.018700, 时长=0.26s
2025-09-20 02:57:17.097 | TRACE    | audio | add_audio_chunk:525 | 收到音频块: format=pcm, raw_size=8192 bytes, sample_rate=16000
2025-09-20 02:57:17.101 | TRACE    | audio | add_audio_chunk:577 | PCM解码完成: samples=4096
2025-09-20 02:57:17.102 | INFO     | audio | add_audio_chunk:657 | AGC已应用: 原始RMS=0.001766, 增益=10.00
2025-09-20 02:57:17.102 | DEBUG    | audio | add_audio_chunk:668 | 音频质量分析: samples=4096, max_amp=0.0430, rms_amp=0.0177, mean_amp=0.0146, non_zero_ratio=0.993, zero_ratio=0.007
2025-09-20 02:57:17.104 | DEBUG    | audio | add_audio_chunk:739 | 🎵 音频活动[中]: max_amp=0.043030 > 0.003
2025-09-20 02:57:17.105 | DEBUG    | audio | add_audio_chunk:743 | 音频块处理完成: format=pcm, samples=4096, max_amp=0.0430, rms_amp=0.0177, buffer_before=278528, buffer_after=282624, trimmed=False, processing_time=7.9ms
2025-09-20 02:57:17.112 | INFO     | audio | add_audio_chunk:775 | ✅ 标准音频输入: RMS=0.017655, 时长=0.26s
2025-09-20 02:57:17.347 | TRACE    | audio | add_audio_chunk:525 | 收到音频块: format=pcm, raw_size=8192 bytes, sample_rate=16000
2025-09-20 02:57:17.351 | TRACE    | audio | add_audio_chunk:577 | PCM解码完成: samples=4096
2025-09-20 02:57:17.351 | INFO     | audio | add_audio_chunk:657 | AGC已应用: 原始RMS=0.001500, 增益=10.00
2025-09-20 02:57:17.351 | DEBUG    | audio | add_audio_chunk:668 | 音频质量分析: samples=4096, max_amp=0.0409, rms_amp=0.0150, mean_amp=0.0121, non_zero_ratio=0.992, zero_ratio=0.008
2025-09-20 02:57:17.353 | DEBUG    | audio | add_audio_chunk:739 | 🎵 音频活动[中]: max_amp=0.040894 > 0.003
2025-09-20 02:57:17.354 | DEBUG    | audio | add_audio_chunk:743 | 音频块处理完成: format=pcm, samples=4096, max_amp=0.0409, rms_amp=0.0150, buffer_before=282624, buffer_after=286720, trimmed=False, processing_time=6.5ms
2025-09-20 02:57:17.362 | INFO     | audio | add_audio_chunk:775 | ✅ 标准音频输入: RMS=0.015001, 时长=0.26s
2025-09-20 02:57:17.607 | TRACE    | audio | add_audio_chunk:525 | 收到音频块: format=pcm, raw_size=8192 bytes, sample_rate=16000
2025-09-20 02:57:17.611 | TRACE    | audio | add_audio_chunk:577 | PCM解码完成: samples=4096
2025-09-20 02:57:17.611 | INFO     | audio | add_audio_chunk:657 | AGC已应用: 原始RMS=0.000959, 增益=10.00
2025-09-20 02:57:17.611 | DEBUG    | audio | add_audio_chunk:668 | 音频质量分析: samples=4096, max_amp=0.0235, rms_amp=0.0096, mean_amp=0.0082, non_zero_ratio=0.989, zero_ratio=0.011
2025-09-20 02:57:17.613 | DEBUG    | audio | add_audio_chunk:739 | 🎵 音频活动[低]: max_amp=0.023499 > 0.003
2025-09-20 02:57:17.614 | DEBUG    | audio | add_audio_chunk:743 | 音频块处理完成: format=pcm, samples=4096, max_amp=0.0235, rms_amp=0.0096, buffer_before=286720, buffer_after=290816, trimmed=False, processing_time=6.5ms
2025-09-20 02:57:17.619 | DEBUG    | audio | add_audio_chunk:777 | 🔉 轻声音频输入: RMS=0.009593, 时长=0.26s
2025-09-20 02:57:17.870 | TRACE    | audio | add_audio_chunk:525 | 收到音频块: format=pcm, raw_size=8192 bytes, sample_rate=16000
2025-09-20 02:57:17.875 | TRACE    | audio | add_audio_chunk:577 | PCM解码完成: samples=4096
2025-09-20 02:57:17.875 | INFO     | audio | add_audio_chunk:657 | AGC已应用: 原始RMS=0.001036, 增益=10.00
2025-09-20 02:57:17.875 | DEBUG    | audio | add_audio_chunk:668 | 音频质量分析: samples=4096, max_amp=0.0250, rms_amp=0.0104, mean_amp=0.0085, non_zero_ratio=0.990, zero_ratio=0.010
2025-09-20 02:57:17.878 | DEBUG    | audio | add_audio_chunk:739 | 🎵 音频活动[低]: max_amp=0.025024 > 0.003
2025-09-20 02:57:17.878 | DEBUG    | audio | add_audio_chunk:743 | 音频块处理完成: format=pcm, samples=4096, max_amp=0.0250, rms_amp=0.0104, buffer_before=290816, buffer_after=294912, trimmed=False, processing_time=7.4ms
2025-09-20 02:57:17.882 | INFO     | audio | add_audio_chunk:775 | ✅ 标准音频输入: RMS=0.010363, 时长=0.26s
2025-09-20 02:57:18.118 | TRACE    | audio | add_audio_chunk:525 | 收到音频块: format=pcm, raw_size=8192 bytes, sample_rate=16000
2025-09-20 02:57:18.121 | TRACE    | audio | add_audio_chunk:577 | PCM解码完成: samples=4096
2025-09-20 02:57:18.121 | INFO     | audio | add_audio_chunk:657 | AGC已应用: 原始RMS=0.001260, 增益=10.00
2025-09-20 02:57:18.122 | DEBUG    | audio | add_audio_chunk:668 | 音频质量分析: samples=4096, max_amp=0.0369, rms_amp=0.0126, mean_amp=0.0100, non_zero_ratio=0.987, zero_ratio=0.013
2025-09-20 02:57:18.124 | DEBUG    | audio | add_audio_chunk:739 | 🎵 音频活动[中]: max_amp=0.036926 > 0.003
2025-09-20 02:57:18.124 | DEBUG    | audio | add_audio_chunk:743 | 音频块处理完成: format=pcm, samples=4096, max_amp=0.0369, rms_amp=0.0126, buffer_before=294912, buffer_after=299008, trimmed=False, processing_time=6.8ms
2025-09-20 02:57:18.131 | INFO     | audio | add_audio_chunk:775 | ✅ 标准音频输入: RMS=0.012597, 时长=0.26s
2025-09-20 02:57:18.377 | TRACE    | audio | add_audio_chunk:525 | 收到音频块: format=pcm, raw_size=8192 bytes, sample_rate=16000
2025-09-20 02:57:18.381 | TRACE    | audio | add_audio_chunk:577 | PCM解码完成: samples=4096
2025-09-20 02:57:18.381 | INFO     | audio | add_audio_chunk:657 | AGC已应用: 原始RMS=0.001329, 增益=10.00
2025-09-20 02:57:18.382 | DEBUG    | audio | add_audio_chunk:668 | 音频质量分析: samples=4096, max_amp=0.0342, rms_amp=0.0133, mean_amp=0.0111, non_zero_ratio=0.995, zero_ratio=0.005
2025-09-20 02:57:18.384 | DEBUG    | audio | add_audio_chunk:739 | 🎵 音频活动[中]: max_amp=0.034180 > 0.003
2025-09-20 02:57:18.384 | DEBUG    | audio | add_audio_chunk:743 | 音频块处理完成: format=pcm, samples=4096, max_amp=0.0342, rms_amp=0.0133, buffer_before=299008, buffer_after=303104, trimmed=False, processing_time=7.0ms
2025-09-20 02:57:18.389 | INFO     | audio | add_audio_chunk:775 | ✅ 标准音频输入: RMS=0.013292, 时长=0.26s
2025-09-20 02:57:18.628 | TRACE    | audio | add_audio_chunk:525 | 收到音频块: format=pcm, raw_size=8192 bytes, sample_rate=16000
2025-09-20 02:57:18.631 | TRACE    | audio | add_audio_chunk:577 | PCM解码完成: samples=4096
2025-09-20 02:57:18.632 | INFO     | audio | add_audio_chunk:657 | AGC已应用: 原始RMS=0.001756, 增益=10.00
2025-09-20 02:57:18.632 | DEBUG    | audio | add_audio_chunk:668 | 音频质量分析: samples=4096, max_amp=0.0476, rms_amp=0.0176, mean_amp=0.0144, non_zero_ratio=0.995, zero_ratio=0.005
2025-09-20 02:57:18.634 | DEBUG    | audio | add_audio_chunk:739 | 🎵 音频活动[中]: max_amp=0.047607 > 0.003
2025-09-20 02:57:18.635 | DEBUG    | audio | add_audio_chunk:743 | 音频块处理完成: format=pcm, samples=4096, max_amp=0.0476, rms_amp=0.0176, buffer_before=303104, buffer_after=307200, trimmed=False, processing_time=6.9ms
2025-09-20 02:57:18.640 | INFO     | audio | add_audio_chunk:775 | ✅ 标准音频输入: RMS=0.017561, 时长=0.26s
2025-09-20 02:57:18.890 | TRACE    | audio | add_audio_chunk:525 | 收到音频块: format=pcm, raw_size=8192 bytes, sample_rate=16000
2025-09-20 02:57:18.894 | TRACE    | audio | add_audio_chunk:577 | PCM解码完成: samples=4096
2025-09-20 02:57:18.894 | INFO     | audio | add_audio_chunk:657 | AGC已应用: 原始RMS=0.001854, 增益=10.00
2025-09-20 02:57:18.894 | DEBUG    | audio | add_audio_chunk:668 | 音频质量分析: samples=4096, max_amp=0.0473, rms_amp=0.0185, mean_amp=0.0152, non_zero_ratio=0.994, zero_ratio=0.006
2025-09-20 02:57:18.896 | DEBUG    | audio | add_audio_chunk:739 | 🎵 音频活动[中]: max_amp=0.047302 > 0.003
2025-09-20 02:57:18.897 | DEBUG    | audio | add_audio_chunk:743 | 音频块处理完成: format=pcm, samples=4096, max_amp=0.0473, rms_amp=0.0185, buffer_before=307200, buffer_after=311296, trimmed=False, processing_time=6.8ms
2025-09-20 02:57:18.902 | INFO     | audio | add_audio_chunk:775 | ✅ 标准音频输入: RMS=0.018543, 时长=0.26s
2025-09-20 02:57:19.147 | TRACE    | audio | add_audio_chunk:525 | 收到音频块: format=pcm, raw_size=8192 bytes, sample_rate=16000
2025-09-20 02:57:19.151 | TRACE    | audio | add_audio_chunk:577 | PCM解码完成: samples=4096
2025-09-20 02:57:19.151 | INFO     | audio | add_audio_chunk:657 | AGC已应用: 原始RMS=0.002061, 增益=10.00
2025-09-20 02:57:19.152 | DEBUG    | audio | add_audio_chunk:668 | 音频质量分析: samples=4096, max_amp=0.0650, rms_amp=0.0206, mean_amp=0.0162, non_zero_ratio=0.993, zero_ratio=0.007
2025-09-20 02:57:19.154 | DEBUG    | audio | add_audio_chunk:739 | 🎵 音频活动[中]: max_amp=0.065002 > 0.003
2025-09-20 02:57:19.155 | DEBUG    | audio | add_audio_chunk:743 | 音频块处理完成: format=pcm, samples=4096, max_amp=0.0650, rms_amp=0.0206, buffer_before=311296, buffer_after=315392, trimmed=False, processing_time=7.3ms
2025-09-20 02:57:19.160 | INFO     | audio | add_audio_chunk:775 | ✅ 标准音频输入: RMS=0.020608, 时长=0.26s
2025-09-20 02:57:19.398 | TRACE    | audio | add_audio_chunk:525 | 收到音频块: format=pcm, raw_size=8192 bytes, sample_rate=16000
2025-09-20 02:57:19.402 | TRACE    | audio | add_audio_chunk:577 | PCM解码完成: samples=4096
2025-09-20 02:57:19.402 | INFO     | audio | add_audio_chunk:657 | AGC已应用: 原始RMS=0.001642, 增益=10.00
2025-09-20 02:57:19.402 | DEBUG    | audio | add_audio_chunk:668 | 音频质量分析: samples=4096, max_amp=0.0421, rms_amp=0.0164, mean_amp=0.0130, non_zero_ratio=0.990, zero_ratio=0.010
2025-09-20 02:57:19.404 | DEBUG    | audio | add_audio_chunk:739 | 🎵 音频活动[中]: max_amp=0.042114 > 0.003
2025-09-20 02:57:19.405 | DEBUG    | audio | add_audio_chunk:743 | 音频块处理完成: format=pcm, samples=4096, max_amp=0.0421, rms_amp=0.0164, buffer_before=315392, buffer_after=319488, trimmed=False, processing_time=6.9ms
2025-09-20 02:57:19.409 | INFO     | audio | add_audio_chunk:775 | ✅ 标准音频输入: RMS=0.016417, 时长=0.26s
2025-09-20 02:57:19.658 | TRACE    | audio | add_audio_chunk:525 | 收到音频块: format=pcm, raw_size=8192 bytes, sample_rate=16000
2025-09-20 02:57:19.662 | TRACE    | audio | add_audio_chunk:577 | PCM解码完成: samples=4096
2025-09-20 02:57:19.662 | INFO     | audio | add_audio_chunk:657 | AGC已应用: 原始RMS=0.000888, 增益=10.00
2025-09-20 02:57:19.663 | DEBUG    | audio | add_audio_chunk:668 | 音频质量分析: samples=4096, max_amp=0.0269, rms_amp=0.0089, mean_amp=0.0074, non_zero_ratio=0.986, zero_ratio=0.014
2025-09-20 02:57:19.666 | DEBUG    | audio | add_audio_chunk:739 | 🎵 音频活动[低]: max_amp=0.026855 > 0.003
2025-09-20 02:57:19.666 | DEBUG    | audio | add_audio_chunk:743 | 音频块处理完成: format=pcm, samples=4096, max_amp=0.0269, rms_amp=0.0089, buffer_before=319488, buffer_after=323584, trimmed=False, processing_time=8.6ms
2025-09-20 02:57:19.671 | DEBUG    | audio | add_audio_chunk:777 | 🔉 轻声音频输入: RMS=0.008879, 时长=0.26s
2025-09-20 02:57:19.907 | TRACE    | audio | add_audio_chunk:525 | 收到音频块: format=pcm, raw_size=8192 bytes, sample_rate=16000
2025-09-20 02:57:19.911 | TRACE    | audio | add_audio_chunk:577 | PCM解码完成: samples=4096
2025-09-20 02:57:19.911 | INFO     | audio | add_audio_chunk:657 | AGC已应用: 原始RMS=0.003117, 增益=9.63
2025-09-20 02:57:19.911 | DEBUG    | audio | add_audio_chunk:668 | 音频质量分析: samples=4096, max_amp=0.0849, rms_amp=0.0300, mean_amp=0.0248, non_zero_ratio=0.996, zero_ratio=0.004
2025-09-20 02:57:19.913 | DEBUG    | audio | add_audio_chunk:739 | 🎵 音频活动[中]: max_amp=0.084898 > 0.003
2025-09-20 02:57:19.913 | DEBUG    | audio | add_audio_chunk:743 | 音频块处理完成: format=pcm, samples=4096, max_amp=0.0849, rms_amp=0.0300, buffer_before=323584, buffer_after=327680, trimmed=False, processing_time=6.1ms
2025-09-20 02:57:19.918 | INFO     | audio | add_audio_chunk:775 | ✅ 标准音频输入: RMS=0.030000, 时长=0.26s
2025-09-20 02:57:20.167 | TRACE    | audio | add_audio_chunk:525 | 收到音频块: format=pcm, raw_size=8192 bytes, sample_rate=16000
2025-09-20 02:57:20.171 | TRACE    | audio | add_audio_chunk:577 | PCM解码完成: samples=4096
2025-09-20 02:57:20.171 | INFO     | audio | add_audio_chunk:657 | AGC已应用: 原始RMS=0.001758, 增益=10.00
2025-09-20 02:57:20.171 | DEBUG    | audio | add_audio_chunk:668 | 音频质量分析: samples=4096, max_amp=0.0528, rms_amp=0.0176, mean_amp=0.0143, non_zero_ratio=0.996, zero_ratio=0.004
2025-09-20 02:57:20.173 | DEBUG    | audio | add_audio_chunk:739 | 🎵 音频活动[中]: max_amp=0.052795 > 0.003
2025-09-20 02:57:20.174 | DEBUG    | audio | add_audio_chunk:743 | 音频块处理完成: format=pcm, samples=4096, max_amp=0.0528, rms_amp=0.0176, buffer_before=327680, buffer_after=331776, trimmed=False, processing_time=6.5ms
2025-09-20 02:57:20.181 | INFO     | audio | add_audio_chunk:775 | ✅ 标准音频输入: RMS=0.017581, 时长=0.26s
2025-09-20 02:57:20.426 | TRACE    | audio | add_audio_chunk:525 | 收到音频块: format=pcm, raw_size=8192 bytes, sample_rate=16000
2025-09-20 02:57:20.430 | TRACE    | audio | add_audio_chunk:577 | PCM解码完成: samples=4096
2025-09-20 02:57:20.430 | INFO     | audio | add_audio_chunk:657 | AGC已应用: 原始RMS=0.001439, 增益=10.00
2025-09-20 02:57:20.430 | DEBUG    | audio | add_audio_chunk:668 | 音频质量分析: samples=4096, max_amp=0.0336, rms_amp=0.0144, mean_amp=0.0122, non_zero_ratio=0.994, zero_ratio=0.006
2025-09-20 02:57:20.432 | DEBUG    | audio | add_audio_chunk:739 | 🎵 音频活动[中]: max_amp=0.033569 > 0.003
2025-09-20 02:57:20.433 | DEBUG    | audio | add_audio_chunk:743 | 音频块处理完成: format=pcm, samples=4096, max_amp=0.0336, rms_amp=0.0144, buffer_before=331776, buffer_after=335872, trimmed=False, processing_time=6.5ms
2025-09-20 02:57:20.438 | INFO     | audio | add_audio_chunk:775 | ✅ 标准音频输入: RMS=0.014393, 时长=0.26s
2025-09-20 02:57:20.685 | TRACE    | audio | add_audio_chunk:525 | 收到音频块: format=pcm, raw_size=8192 bytes, sample_rate=16000
2025-09-20 02:57:20.691 | TRACE    | audio | add_audio_chunk:577 | PCM解码完成: samples=4096
2025-09-20 02:57:20.692 | INFO     | audio | add_audio_chunk:657 | AGC已应用: 原始RMS=0.001469, 增益=10.00
2025-09-20 02:57:20.692 | DEBUG    | audio | add_audio_chunk:668 | 音频质量分析: samples=4096, max_amp=0.0333, rms_amp=0.0147, mean_amp=0.0128, non_zero_ratio=0.996, zero_ratio=0.004
2025-09-20 02:57:20.694 | DEBUG    | audio | add_audio_chunk:739 | 🎵 音频活动[中]: max_amp=0.033264 > 0.003
2025-09-20 02:57:20.694 | DEBUG    | audio | add_audio_chunk:743 | 音频块处理完成: format=pcm, samples=4096, max_amp=0.0333, rms_amp=0.0147, buffer_before=335872, buffer_after=339968, trimmed=False, processing_time=9.7ms
2025-09-20 02:57:20.699 | INFO     | audio | add_audio_chunk:775 | ✅ 标准音频输入: RMS=0.014690, 时长=0.26s
2025-09-20 02:57:20.937 | TRACE    | audio | add_audio_chunk:525 | 收到音频块: format=pcm, raw_size=8192 bytes, sample_rate=16000
2025-09-20 02:57:20.941 | TRACE    | audio | add_audio_chunk:577 | PCM解码完成: samples=4096
2025-09-20 02:57:20.941 | INFO     | audio | add_audio_chunk:657 | AGC已应用: 原始RMS=0.001410, 增益=10.00
2025-09-20 02:57:20.941 | DEBUG    | audio | add_audio_chunk:668 | 音频质量分析: samples=4096, max_amp=0.0372, rms_amp=0.0141, mean_amp=0.0121, non_zero_ratio=0.995, zero_ratio=0.005
2025-09-20 02:57:20.943 | DEBUG    | audio | add_audio_chunk:739 | 🎵 音频活动[中]: max_amp=0.037231 > 0.003
2025-09-20 02:57:20.944 | DEBUG    | audio | add_audio_chunk:743 | 音频块处理完成: format=pcm, samples=4096, max_amp=0.0372, rms_amp=0.0141, buffer_before=339968, buffer_after=344064, trimmed=False, processing_time=6.6ms
2025-09-20 02:57:20.949 | INFO     | audio | add_audio_chunk:775 | ✅ 标准音频输入: RMS=0.014097, 时长=0.26s
2025-09-20 02:57:21.186 | TRACE    | audio | add_audio_chunk:525 | 收到音频块: format=pcm, raw_size=8192 bytes, sample_rate=16000
2025-09-20 02:57:21.190 | TRACE    | audio | add_audio_chunk:577 | PCM解码完成: samples=4096
2025-09-20 02:57:21.190 | INFO     | audio | add_audio_chunk:657 | AGC已应用: 原始RMS=0.001138, 增益=10.00
2025-09-20 02:57:21.190 | DEBUG    | audio | add_audio_chunk:668 | 音频质量分析: samples=4096, max_amp=0.0287, rms_amp=0.0114, mean_amp=0.0096, non_zero_ratio=0.993, zero_ratio=0.007
2025-09-20 02:57:21.192 | DEBUG    | audio | add_audio_chunk:739 | 🎵 音频活动[低]: max_amp=0.028687 > 0.003
2025-09-20 02:57:21.193 | DEBUG    | audio | add_audio_chunk:743 | 音频块处理完成: format=pcm, samples=4096, max_amp=0.0287, rms_amp=0.0114, buffer_before=344064, buffer_after=348160, trimmed=False, processing_time=6.6ms
2025-09-20 02:57:21.208 | INFO     | audio | add_audio_chunk:775 | ✅ 标准音频输入: RMS=0.011385, 时长=0.26s
2025-09-20 02:57:21.446 | TRACE    | audio | add_audio_chunk:525 | 收到音频块: format=pcm, raw_size=8192 bytes, sample_rate=16000
2025-09-20 02:57:21.450 | TRACE    | audio | add_audio_chunk:577 | PCM解码完成: samples=4096
2025-09-20 02:57:21.450 | INFO     | audio | add_audio_chunk:657 | AGC已应用: 原始RMS=0.001582, 增益=10.00
2025-09-20 02:57:21.451 | DEBUG    | audio | add_audio_chunk:668 | 音频质量分析: samples=4096, max_amp=0.0592, rms_amp=0.0158, mean_amp=0.0128, non_zero_ratio=0.993, zero_ratio=0.007
2025-09-20 02:57:21.453 | DEBUG    | audio | add_audio_chunk:739 | 🎵 音频活动[中]: max_amp=0.059204 > 0.003
2025-09-20 02:57:21.453 | DEBUG    | audio | add_audio_chunk:743 | 音频块处理完成: format=pcm, samples=4096, max_amp=0.0592, rms_amp=0.0158, buffer_before=348160, buffer_after=352256, trimmed=False, processing_time=7.1ms
2025-09-20 02:57:21.458 | INFO     | audio | add_audio_chunk:775 | ✅ 标准音频输入: RMS=0.015819, 时长=0.26s
2025-09-20 02:57:21.706 | TRACE    | audio | add_audio_chunk:525 | 收到音频块: format=pcm, raw_size=8192 bytes, sample_rate=16000
2025-09-20 02:57:21.711 | TRACE    | audio | add_audio_chunk:577 | PCM解码完成: samples=4096
2025-09-20 02:57:21.711 | INFO     | audio | add_audio_chunk:657 | AGC已应用: 原始RMS=0.001300, 增益=10.00
2025-09-20 02:57:21.712 | DEBUG    | audio | add_audio_chunk:668 | 音频质量分析: samples=4096, max_amp=0.0476, rms_amp=0.0130, mean_amp=0.0102, non_zero_ratio=0.989, zero_ratio=0.011
2025-09-20 02:57:21.714 | DEBUG    | audio | add_audio_chunk:739 | 🎵 音频活动[中]: max_amp=0.047607 > 0.003
2025-09-20 02:57:21.714 | DEBUG    | audio | add_audio_chunk:743 | 音频块处理完成: format=pcm, samples=4096, max_amp=0.0476, rms_amp=0.0130, buffer_before=352256, buffer_after=356352, trimmed=False, processing_time=7.6ms
2025-09-20 02:57:21.719 | INFO     | audio | add_audio_chunk:775 | ✅ 标准音频输入: RMS=0.012999, 时长=0.26s
2025-09-20 02:57:21.957 | TRACE    | audio | add_audio_chunk:525 | 收到音频块: format=pcm, raw_size=8192 bytes, sample_rate=16000
2025-09-20 02:57:21.962 | TRACE    | audio | add_audio_chunk:577 | PCM解码完成: samples=4096
2025-09-20 02:57:21.962 | INFO     | audio | add_audio_chunk:657 | AGC已应用: 原始RMS=0.004218, 增益=7.11
2025-09-20 02:57:21.963 | DEBUG    | audio | add_audio_chunk:668 | 音频质量分析: samples=4096, max_amp=0.1200, rms_amp=0.0300, mean_amp=0.0192, non_zero_ratio=0.995, zero_ratio=0.005
2025-09-20 02:57:21.965 | DEBUG    | audio | add_audio_chunk:739 | 🎵 音频活动[高]: max_amp=0.120035 > 0.003
2025-09-20 02:57:21.965 | DEBUG    | audio | add_audio_chunk:743 | 音频块处理完成: format=pcm, samples=4096, max_amp=0.1200, rms_amp=0.0300, buffer_before=356352, buffer_after=360448, trimmed=False, processing_time=8.5ms
2025-09-20 02:57:21.971 | INFO     | audio | add_audio_chunk:775 | ✅ 标准音频输入: RMS=0.030000, 时长=0.26s
2025-09-20 02:57:22.218 | TRACE    | audio | add_audio_chunk:525 | 收到音频块: format=pcm, raw_size=8192 bytes, sample_rate=16000
2025-09-20 02:57:22.223 | TRACE    | audio | add_audio_chunk:577 | PCM解码完成: samples=4096
2025-09-20 02:57:22.223 | DEBUG    | audio | add_audio_chunk:668 | 音频质量分析: samples=4096, max_amp=0.0165, rms_amp=0.0073, mean_amp=0.0058, non_zero_ratio=0.999, zero_ratio=0.001
2025-09-20 02:57:22.225 | DEBUG    | audio | add_audio_chunk:739 | 🎵 音频活动[低]: max_amp=0.016510 > 0.003
2025-09-20 02:57:22.226 | DEBUG    | audio | add_audio_chunk:743 | 音频块处理完成: format=pcm, samples=4096, max_amp=0.0165, rms_amp=0.0073, buffer_before=360448, buffer_after=364544, trimmed=False, processing_time=7.2ms
2025-09-20 02:57:22.230 | DEBUG    | audio | add_audio_chunk:777 | 🔉 轻声音频输入: RMS=0.007340, 时长=0.26s
2025-09-20 02:57:22.466 | TRACE    | audio | add_audio_chunk:525 | 收到音频块: format=pcm, raw_size=8192 bytes, sample_rate=16000
2025-09-20 02:57:22.470 | TRACE    | audio | add_audio_chunk:577 | PCM解码完成: samples=4096
2025-09-20 02:57:22.471 | DEBUG    | audio | add_audio_chunk:668 | 音频质量分析: samples=4096, max_amp=0.0212, rms_amp=0.0052, mean_amp=0.0035, non_zero_ratio=0.995, zero_ratio=0.005
2025-09-20 02:57:22.473 | DEBUG    | audio | add_audio_chunk:739 | 🎵 音频活动[低]: max_amp=0.021179 > 0.003
2025-09-20 02:57:22.474 | DEBUG    | audio | add_audio_chunk:743 | 音频块处理完成: format=pcm, samples=4096, max_amp=0.0212, rms_amp=0.0052, buffer_before=364544, buffer_after=368640, trimmed=False, processing_time=7.5ms
2025-09-20 02:57:22.478 | DEBUG    | audio | add_audio_chunk:777 | 🔉 轻声音频输入: RMS=0.005237, 时长=0.26s
2025-09-20 02:57:22.727 | TRACE    | audio | add_audio_chunk:525 | 收到音频块: format=pcm, raw_size=8192 bytes, sample_rate=16000
2025-09-20 02:57:22.732 | TRACE    | audio | add_audio_chunk:577 | PCM解码完成: samples=4096
2025-09-20 02:57:22.732 | DEBUG    | audio | add_audio_chunk:668 | 音频质量分析: samples=4096, max_amp=0.0202, rms_amp=0.0081, mean_amp=0.0063, non_zero_ratio=0.998, zero_ratio=0.002
2025-09-20 02:57:22.734 | DEBUG    | audio | add_audio_chunk:739 | 🎵 音频活动[低]: max_amp=0.020172 > 0.003
2025-09-20 02:57:22.734 | DEBUG    | audio | add_audio_chunk:743 | 音频块处理完成: format=pcm, samples=4096, max_amp=0.0202, rms_amp=0.0081, buffer_before=368640, buffer_after=372736, trimmed=False, processing_time=7.8ms
2025-09-20 02:57:22.739 | DEBUG    | audio | add_audio_chunk:777 | 🔉 轻声音频输入: RMS=0.008077, 时长=0.26s
2025-09-20 02:57:22.987 | TRACE    | audio | add_audio_chunk:525 | 收到音频块: format=pcm, raw_size=8192 bytes, sample_rate=16000
2025-09-20 02:57:22.990 | TRACE    | audio | add_audio_chunk:577 | PCM解码完成: samples=4096
2025-09-20 02:57:22.991 | INFO     | audio | add_audio_chunk:657 | AGC已应用: 原始RMS=0.002470, 增益=10.00
2025-09-20 02:57:22.991 | DEBUG    | audio | add_audio_chunk:668 | 音频质量分析: samples=4096, max_amp=0.0598, rms_amp=0.0247, mean_amp=0.0198, non_zero_ratio=0.996, zero_ratio=0.004
2025-09-20 02:57:22.993 | DEBUG    | audio | add_audio_chunk:739 | 🎵 音频活动[中]: max_amp=0.059814 > 0.003
2025-09-20 02:57:22.994 | DEBUG    | audio | add_audio_chunk:743 | 音频块处理完成: format=pcm, samples=4096, max_amp=0.0598, rms_amp=0.0247, buffer_before=372736, buffer_after=376832, trimmed=False, processing_time=7.4ms
2025-09-20 02:57:22.998 | INFO     | audio | add_audio_chunk:775 | ✅ 标准音频输入: RMS=0.024705, 时长=0.26s
2025-09-20 02:57:23.236 | TRACE    | audio | add_audio_chunk:525 | 收到音频块: format=pcm, raw_size=8192 bytes, sample_rate=16000
2025-09-20 02:57:23.241 | TRACE    | audio | add_audio_chunk:577 | PCM解码完成: samples=4096
2025-09-20 02:57:23.241 | INFO     | audio | add_audio_chunk:657 | AGC已应用: 原始RMS=0.002161, 增益=10.00
2025-09-20 02:57:23.242 | DEBUG    | audio | add_audio_chunk:668 | 音频质量分析: samples=4096, max_amp=0.0552, rms_amp=0.0216, mean_amp=0.0179, non_zero_ratio=0.998, zero_ratio=0.002
2025-09-20 02:57:23.244 | DEBUG    | audio | add_audio_chunk:739 | 🎵 音频活动[中]: max_amp=0.055237 > 0.003
2025-09-20 02:57:23.244 | DEBUG    | audio | add_audio_chunk:743 | 音频块处理完成: format=pcm, samples=4096, max_amp=0.0552, rms_amp=0.0216, buffer_before=376832, buffer_after=380928, trimmed=False, processing_time=7.7ms
2025-09-20 02:57:23.249 | INFO     | audio | add_audio_chunk:775 | ✅ 标准音频输入: RMS=0.021609, 时长=0.26s
2025-09-20 02:57:23.496 | TRACE    | audio | add_audio_chunk:525 | 收到音频块: format=pcm, raw_size=8192 bytes, sample_rate=16000
2025-09-20 02:57:23.500 | TRACE    | audio | add_audio_chunk:577 | PCM解码完成: samples=4096
2025-09-20 02:57:23.500 | INFO     | audio | add_audio_chunk:657 | AGC已应用: 原始RMS=0.003147, 增益=9.53
2025-09-20 02:57:23.501 | DEBUG    | audio | add_audio_chunk:668 | 音频质量分析: samples=4096, max_amp=0.0759, rms_amp=0.0300, mean_amp=0.0253, non_zero_ratio=0.997, zero_ratio=0.003
2025-09-20 02:57:23.503 | DEBUG    | audio | add_audio_chunk:739 | 🎵 音频活动[中]: max_amp=0.075924 > 0.003
2025-09-20 02:57:23.504 | DEBUG    | audio | add_audio_chunk:743 | 音频块处理完成: format=pcm, samples=4096, max_amp=0.0759, rms_amp=0.0300, buffer_before=380928, buffer_after=385024, trimmed=False, processing_time=7.5ms
2025-09-20 02:57:23.508 | INFO     | audio | add_audio_chunk:775 | ✅ 标准音频输入: RMS=0.030000, 时长=0.26s
2025-09-20 02:57:23.747 | TRACE    | audio | add_audio_chunk:525 | 收到音频块: format=pcm, raw_size=8192 bytes, sample_rate=16000
2025-09-20 02:57:23.803 | TRACE    | audio | add_audio_chunk:577 | PCM解码完成: samples=4096
2025-09-20 02:57:23.804 | INFO     | audio | add_audio_chunk:657 | AGC已应用: 原始RMS=0.001755, 增益=10.00
2025-09-20 02:57:23.806 | DEBUG    | audio | add_audio_chunk:668 | 音频质量分析: samples=4096, max_amp=0.0500, rms_amp=0.0175, mean_amp=0.0143, non_zero_ratio=0.994, zero_ratio=0.006
2025-09-20 02:57:23.808 | DEBUG    | audio | add_audio_chunk:739 | 🎵 音频活动[中]: max_amp=0.050049 > 0.003
2025-09-20 02:57:23.808 | DEBUG    | audio | add_audio_chunk:743 | 音频块处理完成: format=pcm, samples=4096, max_amp=0.0500, rms_amp=0.0175, buffer_before=385024, buffer_after=389120, trimmed=False, processing_time=61.9ms
2025-09-20 02:57:23.813 | INFO     | audio | add_audio_chunk:775 | ✅ 标准音频输入: RMS=0.017545, 时长=0.26s
2025-09-20 02:57:24.006 | TRACE    | audio | add_audio_chunk:525 | 收到音频块: format=pcm, raw_size=8192 bytes, sample_rate=16000
2025-09-20 02:57:24.009 | TRACE    | audio | add_audio_chunk:577 | PCM解码完成: samples=4096
2025-09-20 02:57:24.010 | DEBUG    | audio | add_audio_chunk:668 | 音频质量分析: samples=4096, max_amp=0.0243, rms_amp=0.0087, mean_amp=0.0065, non_zero_ratio=0.998, zero_ratio=0.002
2025-09-20 02:57:24.012 | DEBUG    | audio | add_audio_chunk:739 | 🎵 音频活动[低]: max_amp=0.024323 > 0.003
2025-09-20 02:57:24.012 | DEBUG    | audio | add_audio_chunk:743 | 音频块处理完成: format=pcm, samples=4096, max_amp=0.0243, rms_amp=0.0087, buffer_before=389120, buffer_after=393216, trimmed=False, processing_time=6.1ms
2025-09-20 02:57:24.017 | DEBUG    | audio | add_audio_chunk:777 | 🔉 轻声音频输入: RMS=0.008735, 时长=0.26s
2025-09-20 02:57:24.266 | TRACE    | audio | add_audio_chunk:525 | 收到音频块: format=pcm, raw_size=8192 bytes, sample_rate=16000
2025-09-20 02:57:24.269 | TRACE    | audio | add_audio_chunk:577 | PCM解码完成: samples=4096
2025-09-20 02:57:24.269 | DEBUG    | audio | add_audio_chunk:668 | 音频质量分析: samples=4096, max_amp=0.0264, rms_amp=0.0110, mean_amp=0.0084, non_zero_ratio=0.997, zero_ratio=0.003
2025-09-20 02:57:24.271 | DEBUG    | audio | add_audio_chunk:739 | 🎵 音频活动[低]: max_amp=0.026428 > 0.003
2025-09-20 02:57:24.271 | DEBUG    | audio | add_audio_chunk:743 | 音频块处理完成: format=pcm, samples=4096, max_amp=0.0264, rms_amp=0.0110, buffer_before=393216, buffer_after=397312, trimmed=False, processing_time=5.5ms
2025-09-20 02:57:24.278 | INFO     | audio | add_audio_chunk:775 | ✅ 标准音频输入: RMS=0.010993, 时长=0.26s
2025-09-20 02:57:24.517 | TRACE    | audio | add_audio_chunk:525 | 收到音频块: format=pcm, raw_size=8192 bytes, sample_rate=16000
2025-09-20 02:57:24.521 | TRACE    | audio | add_audio_chunk:577 | PCM解码完成: samples=4096
2025-09-20 02:57:24.521 | DEBUG    | audio | add_audio_chunk:668 | 音频质量分析: samples=4096, max_amp=0.0162, rms_amp=0.0078, mean_amp=0.0070, non_zero_ratio=1.000, zero_ratio=0.000
2025-09-20 02:57:24.523 | DEBUG    | audio | add_audio_chunk:739 | 🎵 音频活动[低]: max_amp=0.016174 > 0.003
2025-09-20 02:57:24.524 | DEBUG    | audio | add_audio_chunk:743 | 音频块处理完成: format=pcm, samples=4096, max_amp=0.0162, rms_amp=0.0078, buffer_before=397312, buffer_after=401408, trimmed=False, processing_time=6.5ms
2025-09-20 02:57:24.528 | DEBUG    | audio | add_audio_chunk:777 | 🔉 轻声音频输入: RMS=0.007780, 时长=0.26s
2025-09-20 02:57:24.776 | TRACE    | audio | add_audio_chunk:525 | 收到音频块: format=pcm, raw_size=8192 bytes, sample_rate=16000
2025-09-20 02:57:24.780 | TRACE    | audio | add_audio_chunk:577 | PCM解码完成: samples=4096
2025-09-20 02:57:24.780 | DEBUG    | audio | add_audio_chunk:668 | 音频质量分析: samples=4096, max_amp=0.0134, rms_amp=0.0063, mean_amp=0.0054, non_zero_ratio=0.999, zero_ratio=0.001
2025-09-20 02:57:24.782 | DEBUG    | audio | add_audio_chunk:739 | 🎵 音频活动[低]: max_amp=0.013428 > 0.003
2025-09-20 02:57:24.783 | DEBUG    | audio | add_audio_chunk:743 | 音频块处理完成: format=pcm, samples=4096, max_amp=0.0134, rms_amp=0.0063, buffer_before=401408, buffer_after=405504, trimmed=False, processing_time=6.7ms
2025-09-20 02:57:24.788 | DEBUG    | audio | add_audio_chunk:777 | 🔉 轻声音频输入: RMS=0.006298, 时长=0.26s
2025-09-20 02:57:25.028 | TRACE    | audio | add_audio_chunk:525 | 收到音频块: format=pcm, raw_size=8192 bytes, sample_rate=16000
2025-09-20 02:57:25.031 | TRACE    | audio | add_audio_chunk:577 | PCM解码完成: samples=4096
2025-09-20 02:57:25.032 | DEBUG    | audio | add_audio_chunk:668 | 音频质量分析: samples=4096, max_amp=0.0339, rms_amp=0.0142, mean_amp=0.0112, non_zero_ratio=1.000, zero_ratio=0.000
2025-09-20 02:57:25.034 | DEBUG    | audio | add_audio_chunk:739 | 🎵 音频活动[中]: max_amp=0.033905 > 0.003
2025-09-20 02:57:25.035 | DEBUG    | audio | add_audio_chunk:743 | 音频块处理完成: format=pcm, samples=4096, max_amp=0.0339, rms_amp=0.0142, buffer_before=405504, buffer_after=409600, trimmed=False, processing_time=6.6ms
2025-09-20 02:57:25.040 | INFO     | audio | add_audio_chunk:775 | ✅ 标准音频输入: RMS=0.014190, 时长=0.26s
2025-09-20 02:57:25.287 | TRACE    | audio | add_audio_chunk:525 | 收到音频块: format=pcm, raw_size=8192 bytes, sample_rate=16000
2025-09-20 02:57:25.290 | TRACE    | audio | add_audio_chunk:577 | PCM解码完成: samples=4096
2025-09-20 02:57:25.290 | DEBUG    | audio | add_audio_chunk:668 | 音频质量分析: samples=4096, max_amp=0.0110, rms_amp=0.0061, mean_amp=0.0053, non_zero_ratio=1.000, zero_ratio=0.000
2025-09-20 02:57:25.292 | DEBUG    | audio | add_audio_chunk:739 | 🎵 音频活动[低]: max_amp=0.010956 > 0.003
2025-09-20 02:57:25.293 | DEBUG    | audio | add_audio_chunk:743 | 音频块处理完成: format=pcm, samples=4096, max_amp=0.0110, rms_amp=0.0061, buffer_before=409600, buffer_after=413696, trimmed=False, processing_time=6.2ms
2025-09-20 02:57:25.298 | DEBUG    | audio | add_audio_chunk:777 | 🔉 轻声音频输入: RMS=0.006060, 时长=0.26s
2025-09-20 02:57:25.546 | TRACE    | audio | add_audio_chunk:525 | 收到音频块: format=pcm, raw_size=8192 bytes, sample_rate=16000
2025-09-20 02:57:25.549 | TRACE    | audio | add_audio_chunk:577 | PCM解码完成: samples=4096
2025-09-20 02:57:25.550 | INFO     | audio | add_audio_chunk:657 | AGC已应用: 原始RMS=0.002255, 增益=10.00
2025-09-20 02:57:25.550 | DEBUG    | audio | add_audio_chunk:668 | 音频质量分析: samples=4096, max_amp=0.0583, rms_amp=0.0225, mean_amp=0.0187, non_zero_ratio=0.995, zero_ratio=0.005
2025-09-20 02:57:25.552 | DEBUG    | audio | add_audio_chunk:739 | 🎵 音频活动[中]: max_amp=0.058289 > 0.003
2025-09-20 02:57:25.552 | DEBUG    | audio | add_audio_chunk:743 | 音频块处理完成: format=pcm, samples=4096, max_amp=0.0583, rms_amp=0.0225, buffer_before=413696, buffer_after=417792, trimmed=False, processing_time=6.1ms
2025-09-20 02:57:25.557 | INFO     | audio | add_audio_chunk:775 | ✅ 标准音频输入: RMS=0.022547, 时长=0.26s
2025-09-20 02:57:25.796 | TRACE    | audio | add_audio_chunk:525 | 收到音频块: format=pcm, raw_size=8192 bytes, sample_rate=16000
2025-09-20 02:57:25.800 | TRACE    | audio | add_audio_chunk:577 | PCM解码完成: samples=4096
2025-09-20 02:57:25.800 | INFO     | audio | add_audio_chunk:657 | AGC已应用: 原始RMS=0.002089, 增益=10.00
2025-09-20 02:57:25.801 | DEBUG    | audio | add_audio_chunk:668 | 音频质量分析: samples=4096, max_amp=0.0662, rms_amp=0.0209, mean_amp=0.0165, non_zero_ratio=0.996, zero_ratio=0.004
2025-09-20 02:57:25.802 | DEBUG    | audio | add_audio_chunk:739 | 🎵 音频活动[中]: max_amp=0.066223 > 0.003
2025-09-20 02:57:25.803 | DEBUG    | audio | add_audio_chunk:743 | 音频块处理完成: format=pcm, samples=4096, max_amp=0.0662, rms_amp=0.0209, buffer_before=417792, buffer_after=421888, trimmed=False, processing_time=6.5ms
2025-09-20 02:57:25.809 | INFO     | audio | add_audio_chunk:775 | ✅ 标准音频输入: RMS=0.020888, 时长=0.26s
2025-09-20 02:57:26.057 | TRACE    | audio | add_audio_chunk:525 | 收到音频块: format=pcm, raw_size=8192 bytes, sample_rate=16000
2025-09-20 02:57:26.061 | TRACE    | audio | add_audio_chunk:577 | PCM解码完成: samples=4096
2025-09-20 02:57:26.061 | INFO     | audio | add_audio_chunk:657 | AGC已应用: 原始RMS=0.002617, 增益=10.00
2025-09-20 02:57:26.061 | DEBUG    | audio | add_audio_chunk:668 | 音频质量分析: samples=4096, max_amp=0.0803, rms_amp=0.0262, mean_amp=0.0223, non_zero_ratio=0.998, zero_ratio=0.002
2025-09-20 02:57:26.063 | DEBUG    | audio | add_audio_chunk:739 | 🎵 音频活动[中]: max_amp=0.080261 > 0.003
2025-09-20 02:57:26.063 | DEBUG    | audio | add_audio_chunk:743 | 音频块处理完成: format=pcm, samples=4096, max_amp=0.0803, rms_amp=0.0262, buffer_before=421888, buffer_after=425984, trimmed=False, processing_time=6.2ms
2025-09-20 02:57:26.072 | INFO     | audio | add_audio_chunk:775 | ✅ 标准音频输入: RMS=0.026169, 时长=0.26s
2025-09-20 02:57:26.306 | TRACE    | audio | add_audio_chunk:525 | 收到音频块: format=pcm, raw_size=8192 bytes, sample_rate=16000
2025-09-20 02:57:26.310 | TRACE    | audio | add_audio_chunk:577 | PCM解码完成: samples=4096
2025-09-20 02:57:26.310 | INFO     | audio | add_audio_chunk:657 | AGC已应用: 原始RMS=0.002618, 增益=10.00
2025-09-20 02:57:26.311 | DEBUG    | audio | add_audio_chunk:668 | 音频质量分析: samples=4096, max_amp=0.1031, rms_amp=0.0262, mean_amp=0.0209, non_zero_ratio=0.995, zero_ratio=0.005
2025-09-20 02:57:26.312 | DEBUG    | audio | add_audio_chunk:739 | 🎵 音频活动[高]: max_amp=0.103149 > 0.003
2025-09-20 02:57:26.313 | DEBUG    | audio | add_audio_chunk:743 | 音频块处理完成: format=pcm, samples=4096, max_amp=0.1031, rms_amp=0.0262, buffer_before=425984, buffer_after=430080, trimmed=False, processing_time=6.7ms
2025-09-20 02:57:26.323 | INFO     | audio | add_audio_chunk:775 | ✅ 标准音频输入: RMS=0.026179, 时长=0.26s
2025-09-20 02:57:26.566 | TRACE    | audio | add_audio_chunk:525 | 收到音频块: format=pcm, raw_size=8192 bytes, sample_rate=16000
2025-09-20 02:57:26.570 | TRACE    | audio | add_audio_chunk:577 | PCM解码完成: samples=4096
2025-09-20 02:57:26.570 | INFO     | audio | add_audio_chunk:657 | AGC已应用: 原始RMS=0.001644, 增益=10.00
2025-09-20 02:57:26.570 | DEBUG    | audio | add_audio_chunk:668 | 音频质量分析: samples=4096, max_amp=0.0616, rms_amp=0.0164, mean_amp=0.0130, non_zero_ratio=0.993, zero_ratio=0.007
2025-09-20 02:57:26.573 | DEBUG    | audio | add_audio_chunk:739 | 🎵 音频活动[中]: max_amp=0.061646 > 0.003
2025-09-20 02:57:26.573 | DEBUG    | audio | add_audio_chunk:743 | 音频块处理完成: format=pcm, samples=4096, max_amp=0.0616, rms_amp=0.0164, buffer_before=430080, buffer_after=434176, trimmed=False, processing_time=6.5ms
2025-09-20 02:57:26.579 | INFO     | audio | add_audio_chunk:775 | ✅ 标准音频输入: RMS=0.016442, 时长=0.26s
2025-09-20 02:57:26.832 | TRACE    | audio | add_audio_chunk:525 | 收到音频块: format=pcm, raw_size=8192 bytes, sample_rate=16000
2025-09-20 02:57:26.839 | TRACE    | audio | add_audio_chunk:577 | PCM解码完成: samples=4096
2025-09-20 02:57:26.839 | INFO     | audio | add_audio_chunk:657 | AGC已应用: 原始RMS=0.001211, 增益=10.00
2025-09-20 02:57:26.839 | DEBUG    | audio | add_audio_chunk:668 | 音频质量分析: samples=4096, max_amp=0.0385, rms_amp=0.0121, mean_amp=0.0096, non_zero_ratio=0.990, zero_ratio=0.010
2025-09-20 02:57:26.842 | DEBUG    | audio | add_audio_chunk:739 | 🎵 音频活动[中]: max_amp=0.038452 > 0.003
2025-09-20 02:57:26.842 | DEBUG    | audio | add_audio_chunk:743 | 音频块处理完成: format=pcm, samples=4096, max_amp=0.0385, rms_amp=0.0121, buffer_before=434176, buffer_after=438272, trimmed=False, processing_time=9.9ms
2025-09-20 02:57:26.850 | INFO     | audio | add_audio_chunk:775 | ✅ 标准音频输入: RMS=0.012113, 时长=0.26s
2025-09-20 02:57:27.080 | TRACE    | audio | add_audio_chunk:525 | 收到音频块: format=pcm, raw_size=8192 bytes, sample_rate=16000
2025-09-20 02:57:27.083 | TRACE    | audio | add_audio_chunk:577 | PCM解码完成: samples=4096
2025-09-20 02:57:27.084 | INFO     | audio | add_audio_chunk:657 | AGC已应用: 原始RMS=0.002666, 增益=10.00
2025-09-20 02:57:27.084 | DEBUG    | audio | add_audio_chunk:668 | 音频质量分析: samples=4096, max_amp=0.0894, rms_amp=0.0267, mean_amp=0.0209, non_zero_ratio=0.994, zero_ratio=0.006
2025-09-20 02:57:27.086 | DEBUG    | audio | add_audio_chunk:739 | 🎵 音频活动[中]: max_amp=0.089417 > 0.003
2025-09-20 02:57:27.087 | DEBUG    | audio | add_audio_chunk:743 | 音频块处理完成: format=pcm, samples=4096, max_amp=0.0894, rms_amp=0.0267, buffer_before=438272, buffer_after=442368, trimmed=False, processing_time=6.7ms
2025-09-20 02:57:27.098 | INFO     | audio | add_audio_chunk:775 | ✅ 标准音频输入: RMS=0.026656, 时长=0.26s
2025-09-20 02:57:27.339 | TRACE    | audio | add_audio_chunk:525 | 收到音频块: format=pcm, raw_size=8192 bytes, sample_rate=16000
2025-09-20 02:57:27.342 | TRACE    | audio | add_audio_chunk:577 | PCM解码完成: samples=4096
2025-09-20 02:57:27.342 | INFO     | audio | add_audio_chunk:657 | AGC已应用: 原始RMS=0.002724, 增益=10.00
2025-09-20 02:57:27.342 | DEBUG    | audio | add_audio_chunk:668 | 音频质量分析: samples=4096, max_amp=0.0809, rms_amp=0.0272, mean_amp=0.0219, non_zero_ratio=0.995, zero_ratio=0.005
2025-09-20 02:57:27.345 | DEBUG    | audio | add_audio_chunk:739 | 🎵 音频活动[中]: max_amp=0.080872 > 0.003
2025-09-20 02:57:27.346 | DEBUG    | audio | add_audio_chunk:743 | 音频块处理完成: format=pcm, samples=4096, max_amp=0.0809, rms_amp=0.0272, buffer_before=442368, buffer_after=446464, trimmed=False, processing_time=7.6ms
2025-09-20 02:57:27.352 | INFO     | audio | add_audio_chunk:775 | ✅ 标准音频输入: RMS=0.027236, 时长=0.26s
2025-09-20 02:57:27.646 | TRACE    | audio | add_audio_chunk:525 | 收到音频块: format=pcm, raw_size=8192 bytes, sample_rate=16000
2025-09-20 02:57:27.650 | TRACE    | audio | add_audio_chunk:577 | PCM解码完成: samples=4096
2025-09-20 02:57:27.650 | INFO     | audio | add_audio_chunk:657 | AGC已应用: 原始RMS=0.002854, 增益=10.00
2025-09-20 02:57:27.651 | DEBUG    | audio | add_audio_chunk:668 | 音频质量分析: samples=4096, max_amp=0.1428, rms_amp=0.0285, mean_amp=0.0227, non_zero_ratio=0.996, zero_ratio=0.004
2025-09-20 02:57:27.653 | DEBUG    | audio | add_audio_chunk:739 | 🎵 音频活动[高]: max_amp=0.142822 > 0.003
2025-09-20 02:57:27.653 | DEBUG    | audio | add_audio_chunk:743 | 音频块处理完成: format=pcm, samples=4096, max_amp=0.1428, rms_amp=0.0285, buffer_before=446464, buffer_after=450560, trimmed=False, processing_time=6.9ms
2025-09-20 02:57:27.659 | INFO     | audio | add_audio_chunk:775 | ✅ 标准音频输入: RMS=0.028539, 时长=0.26s
2025-09-20 02:57:27.847 | TRACE    | audio | add_audio_chunk:525 | 收到音频块: format=pcm, raw_size=8192 bytes, sample_rate=16000
2025-09-20 02:57:27.852 | TRACE    | audio | add_audio_chunk:577 | PCM解码完成: samples=4096
2025-09-20 02:57:27.852 | INFO     | audio | add_audio_chunk:657 | AGC已应用: 原始RMS=0.002014, 增益=10.00
2025-09-20 02:57:27.853 | DEBUG    | audio | add_audio_chunk:668 | 音频质量分析: samples=4096, max_amp=0.0571, rms_amp=0.0201, mean_amp=0.0170, non_zero_ratio=0.995, zero_ratio=0.005
2025-09-20 02:57:27.856 | DEBUG    | audio | add_audio_chunk:739 | 🎵 音频活动[中]: max_amp=0.057068 > 0.003
2025-09-20 02:57:27.861 | DEBUG    | audio | add_audio_chunk:743 | 音频块处理完成: format=pcm, samples=4096, max_amp=0.0571, rms_amp=0.0201, buffer_before=450560, buffer_after=454656, trimmed=False, processing_time=13.7ms
2025-09-20 02:57:27.868 | INFO     | audio | add_audio_chunk:775 | ✅ 标准音频输入: RMS=0.020145, 时长=0.26s
2025-09-20 02:57:28.107 | TRACE    | audio | add_audio_chunk:525 | 收到音频块: format=pcm, raw_size=8192 bytes, sample_rate=16000
2025-09-20 02:57:28.111 | TRACE    | audio | add_audio_chunk:577 | PCM解码完成: samples=4096
2025-09-20 02:57:28.111 | INFO     | audio | add_audio_chunk:657 | AGC已应用: 原始RMS=0.002202, 增益=10.00
2025-09-20 02:57:28.111 | DEBUG    | audio | add_audio_chunk:668 | 音频质量分析: samples=4096, max_amp=0.0488, rms_amp=0.0220, mean_amp=0.0178, non_zero_ratio=0.992, zero_ratio=0.008
2025-09-20 02:57:28.113 | DEBUG    | audio | add_audio_chunk:739 | 🎵 音频活动[中]: max_amp=0.048828 > 0.003
2025-09-20 02:57:28.113 | DEBUG    | audio | add_audio_chunk:743 | 音频块处理完成: format=pcm, samples=4096, max_amp=0.0488, rms_amp=0.0220, buffer_before=454656, buffer_after=458752, trimmed=False, processing_time=6.4ms
2025-09-20 02:57:28.119 | INFO     | audio | add_audio_chunk:775 | ✅ 标准音频输入: RMS=0.022021, 时长=0.26s
2025-09-20 02:57:28.357 | TRACE    | audio | add_audio_chunk:525 | 收到音频块: format=pcm, raw_size=8192 bytes, sample_rate=16000
2025-09-20 02:57:28.361 | TRACE    | audio | add_audio_chunk:577 | PCM解码完成: samples=4096
2025-09-20 02:57:28.361 | INFO     | audio | add_audio_chunk:657 | AGC已应用: 原始RMS=0.002069, 增益=10.00
2025-09-20 02:57:28.362 | DEBUG    | audio | add_audio_chunk:668 | 音频质量分析: samples=4096, max_amp=0.0452, rms_amp=0.0207, mean_amp=0.0174, non_zero_ratio=0.995, zero_ratio=0.005
2025-09-20 02:57:28.364 | DEBUG    | audio | add_audio_chunk:739 | 🎵 音频活动[中]: max_amp=0.045166 > 0.003
2025-09-20 02:57:28.364 | DEBUG    | audio | add_audio_chunk:743 | 音频块处理完成: format=pcm, samples=4096, max_amp=0.0452, rms_amp=0.0207, buffer_before=458752, buffer_after=462848, trimmed=False, processing_time=7.3ms
2025-09-20 02:57:28.370 | INFO     | audio | add_audio_chunk:775 | ✅ 标准音频输入: RMS=0.020685, 时长=0.26s
2025-09-20 02:57:28.617 | TRACE    | audio | add_audio_chunk:525 | 收到音频块: format=pcm, raw_size=8192 bytes, sample_rate=16000
2025-09-20 02:57:28.621 | TRACE    | audio | add_audio_chunk:577 | PCM解码完成: samples=4096
2025-09-20 02:57:28.621 | INFO     | audio | add_audio_chunk:657 | AGC已应用: 原始RMS=0.002819, 增益=10.00
2025-09-20 02:57:28.622 | DEBUG    | audio | add_audio_chunk:668 | 音频质量分析: samples=4096, max_amp=0.0510, rms_amp=0.0282, mean_amp=0.0249, non_zero_ratio=0.998, zero_ratio=0.002
2025-09-20 02:57:28.624 | DEBUG    | audio | add_audio_chunk:739 | 🎵 音频活动[中]: max_amp=0.050964 > 0.003
2025-09-20 02:57:28.625 | DEBUG    | audio | add_audio_chunk:743 | 音频块处理完成: format=pcm, samples=4096, max_amp=0.0510, rms_amp=0.0282, buffer_before=462848, buffer_after=466944, trimmed=False, processing_time=7.7ms
2025-09-20 02:57:28.631 | INFO     | audio | add_audio_chunk:775 | ✅ 标准音频输入: RMS=0.028194, 时长=0.26s
2025-09-20 02:57:29.260 | TRACE    | audio | add_audio_chunk:525 | 收到音频块: format=pcm, raw_size=8192 bytes, sample_rate=16000
2025-09-20 02:57:29.264 | TRACE    | audio | add_audio_chunk:577 | PCM解码完成: samples=4096
2025-09-20 02:57:29.265 | INFO     | audio | add_audio_chunk:657 | AGC已应用: 原始RMS=0.002077, 增益=10.00
2025-09-20 02:57:29.265 | DEBUG    | audio | add_audio_chunk:668 | 音频质量分析: samples=4096, max_amp=0.0870, rms_amp=0.0208, mean_amp=0.0164, non_zero_ratio=0.995, zero_ratio=0.005
2025-09-20 02:57:29.267 | DEBUG    | audio | add_audio_chunk:739 | 🎵 音频活动[中]: max_amp=0.086975 > 0.003
2025-09-20 02:57:29.267 | DEBUG    | audio | add_audio_chunk:743 | 音频块处理完成: format=pcm, samples=4096, max_amp=0.0870, rms_amp=0.0208, buffer_before=466944, buffer_after=471040, trimmed=False, processing_time=7.5ms
2025-09-20 02:57:29.274 | INFO     | audio | add_audio_chunk:775 | ✅ 标准音频输入: RMS=0.020768, 时长=0.26s
2025-09-20 02:57:29.274 | TRACE    | audio | add_audio_chunk:525 | 收到音频块: format=pcm, raw_size=8192 bytes, sample_rate=16000
2025-09-20 02:57:29.278 | TRACE    | audio | add_audio_chunk:577 | PCM解码完成: samples=4096
2025-09-20 02:57:29.278 | INFO     | audio | add_audio_chunk:657 | AGC已应用: 原始RMS=0.001830, 增益=10.00
2025-09-20 02:57:29.279 | DEBUG    | audio | add_audio_chunk:668 | 音频质量分析: samples=4096, max_amp=0.1688, rms_amp=0.0183, mean_amp=0.0111, non_zero_ratio=0.989, zero_ratio=0.011
2025-09-20 02:57:29.281 | DEBUG    | audio | add_audio_chunk:739 | 🎵 音频活动[高]: max_amp=0.168762 > 0.003
2025-09-20 02:57:29.281 | DEBUG    | audio | add_audio_chunk:743 | 音频块处理完成: format=pcm, samples=4096, max_amp=0.1688, rms_amp=0.0183, buffer_before=471040, buffer_after=475136, trimmed=False, processing_time=6.7ms
2025-09-20 02:57:29.288 | INFO     | audio | add_audio_chunk:775 | ✅ 标准音频输入: RMS=0.018301, 时长=0.26s
2025-09-20 02:57:29.393 | TRACE    | audio | add_audio_chunk:525 | 收到音频块: format=pcm, raw_size=8192 bytes, sample_rate=16000
2025-09-20 02:57:29.404 | TRACE    | audio | add_audio_chunk:577 | PCM解码完成: samples=4096
2025-09-20 02:57:29.405 | INFO     | audio | add_audio_chunk:657 | AGC已应用: 原始RMS=0.002347, 增益=10.00
2025-09-20 02:57:29.405 | DEBUG    | audio | add_audio_chunk:668 | 音频质量分析: samples=4096, max_amp=0.0870, rms_amp=0.0235, mean_amp=0.0192, non_zero_ratio=0.996, zero_ratio=0.004
2025-09-20 02:57:29.407 | DEBUG    | audio | add_audio_chunk:739 | 🎵 音频活动[中]: max_amp=0.086975 > 0.003
2025-09-20 02:57:29.407 | DEBUG    | audio | add_audio_chunk:743 | 音频块处理完成: format=pcm, samples=4096, max_amp=0.0870, rms_amp=0.0235, buffer_before=475136, buffer_after=479232, trimmed=False, processing_time=14.4ms
2025-09-20 02:57:29.414 | INFO     | audio | add_audio_chunk:775 | ✅ 标准音频输入: RMS=0.023473, 时长=0.26s
2025-09-20 02:57:29.728 | TRACE    | audio | add_audio_chunk:525 | 收到音频块: format=pcm, raw_size=8192 bytes, sample_rate=16000
2025-09-20 02:57:29.732 | TRACE    | audio | add_audio_chunk:577 | PCM解码完成: samples=4096
2025-09-20 02:57:29.732 | INFO     | audio | add_audio_chunk:657 | AGC已应用: 原始RMS=0.003322, 增益=9.03
2025-09-20 02:57:29.732 | DEBUG    | audio | add_audio_chunk:668 | 音频质量分析: samples=4096, max_amp=0.1218, rms_amp=0.0300, mean_amp=0.0203, non_zero_ratio=0.955, zero_ratio=0.045
2025-09-20 02:57:29.735 | DEBUG    | audio | add_audio_chunk:739 | 🎵 音频活动[高]: max_amp=0.121816 > 0.003
2025-09-20 02:57:29.735 | DEBUG    | audio | add_audio_chunk:743 | 音频块处理完成: format=pcm, samples=4096, max_amp=0.1218, rms_amp=0.0300, buffer_before=479232, buffer_after=483328, trimmed=False, processing_time=7.3ms
2025-09-20 02:57:29.741 | INFO     | audio | add_audio_chunk:775 | ✅ 标准音频输入: RMS=0.030000, 时长=0.26s
2025-09-20 02:57:30.131 | TRACE    | audio | add_audio_chunk:525 | 收到音频块: format=pcm, raw_size=8192 bytes, sample_rate=16000
2025-09-20 02:57:30.134 | TRACE    | audio | add_audio_chunk:577 | PCM解码完成: samples=4096
2025-09-20 02:57:30.134 | INFO     | audio | add_audio_chunk:657 | AGC已应用: 原始RMS=0.002602, 增益=10.00
2025-09-20 02:57:30.135 | DEBUG    | audio | add_audio_chunk:668 | 音频质量分析: samples=4096, max_amp=0.0870, rms_amp=0.0260, mean_amp=0.0196, non_zero_ratio=0.992, zero_ratio=0.008
2025-09-20 02:57:30.137 | DEBUG    | audio | add_audio_chunk:739 | 🎵 音频活动[中]: max_amp=0.086975 > 0.003
2025-09-20 02:57:30.137 | DEBUG    | audio | add_audio_chunk:743 | 音频块处理完成: format=pcm, samples=4096, max_amp=0.0870, rms_amp=0.0260, buffer_before=483328, buffer_after=487424, trimmed=False, processing_time=6.3ms
2025-09-20 02:57:30.144 | INFO     | audio | add_audio_chunk:775 | ✅ 标准音频输入: RMS=0.026020, 时长=0.26s
2025-09-20 02:57:30.521 | TRACE    | audio | add_audio_chunk:525 | 收到音频块: format=pcm, raw_size=8192 bytes, sample_rate=16000
2025-09-20 02:57:30.527 | TRACE    | audio | add_audio_chunk:577 | PCM解码完成: samples=4096
2025-09-20 02:57:30.527 | INFO     | audio | add_audio_chunk:657 | AGC已应用: 原始RMS=0.001558, 增益=10.00
2025-09-20 02:57:30.527 | DEBUG    | audio | add_audio_chunk:668 | 音频质量分析: samples=4096, max_amp=0.0385, rms_amp=0.0156, mean_amp=0.0129, non_zero_ratio=0.992, zero_ratio=0.008
2025-09-20 02:57:30.530 | DEBUG    | audio | add_audio_chunk:739 | 🎵 音频活动[中]: max_amp=0.038452 > 0.003
2025-09-20 02:57:30.530 | DEBUG    | audio | add_audio_chunk:743 | 音频块处理完成: format=pcm, samples=4096, max_amp=0.0385, rms_amp=0.0156, buffer_before=487424, buffer_after=491520, trimmed=False, processing_time=9.3ms
2025-09-20 02:57:30.537 | INFO     | audio | add_audio_chunk:775 | ✅ 标准音频输入: RMS=0.015583, 时长=0.26s
2025-09-20 02:57:30.924 | TRACE    | audio | add_audio_chunk:525 | 收到音频块: format=pcm, raw_size=8192 bytes, sample_rate=16000
2025-09-20 02:57:30.929 | TRACE    | audio | add_audio_chunk:577 | PCM解码完成: samples=4096
2025-09-20 02:57:30.929 | INFO     | audio | add_audio_chunk:657 | AGC已应用: 原始RMS=0.001572, 增益=10.00
2025-09-20 02:57:30.929 | DEBUG    | audio | add_audio_chunk:668 | 音频质量分析: samples=4096, max_amp=0.0525, rms_amp=0.0157, mean_amp=0.0122, non_zero_ratio=0.990, zero_ratio=0.010
2025-09-20 02:57:30.931 | DEBUG    | audio | add_audio_chunk:739 | 🎵 音频活动[中]: max_amp=0.052490 > 0.003
2025-09-20 02:57:30.931 | DEBUG    | audio | add_audio_chunk:743 | 音频块处理完成: format=pcm, samples=4096, max_amp=0.0525, rms_amp=0.0157, buffer_before=491520, buffer_after=495616, trimmed=False, processing_time=7.0ms
2025-09-20 02:57:30.936 | INFO     | audio | add_audio_chunk:775 | ✅ 标准音频输入: RMS=0.015718, 时长=0.26s
2025-09-20 02:57:31.332 | TRACE    | audio | add_audio_chunk:525 | 收到音频块: format=pcm, raw_size=8192 bytes, sample_rate=16000
2025-09-20 02:57:31.337 | TRACE    | audio | add_audio_chunk:577 | PCM解码完成: samples=4096
2025-09-20 02:57:31.337 | INFO     | audio | add_audio_chunk:657 | AGC已应用: 原始RMS=0.001619, 增益=10.00
2025-09-20 02:57:31.337 | DEBUG    | audio | add_audio_chunk:668 | 音频质量分析: samples=4096, max_amp=0.0485, rms_amp=0.0162, mean_amp=0.0129, non_zero_ratio=0.995, zero_ratio=0.005
2025-09-20 02:57:31.339 | DEBUG    | audio | add_audio_chunk:739 | 🎵 音频活动[中]: max_amp=0.048523 > 0.003
2025-09-20 02:57:31.340 | DEBUG    | audio | add_audio_chunk:743 | 音频块处理完成: format=pcm, samples=4096, max_amp=0.0485, rms_amp=0.0162, buffer_before=495616, buffer_after=499712, trimmed=False, processing_time=7.1ms
2025-09-20 02:57:31.347 | INFO     | audio | add_audio_chunk:775 | ✅ 标准音频输入: RMS=0.016189, 时长=0.26s
2025-09-20 02:57:31.347 | INFO     | audio | _report_quality_stats:1202 | 📊 音频质量报告: 有效率=100.0%, 高质量率=0.0%, 平均RMS=0.017165, 识别成功率=0.0% (总块数:122, 识别尝试:0)
2025-09-20 02:57:31.736 | TRACE    | audio | add_audio_chunk:525 | 收到音频块: format=pcm, raw_size=8192 bytes, sample_rate=16000
2025-09-20 02:57:31.742 | TRACE    | audio | add_audio_chunk:577 | PCM解码完成: samples=4096
2025-09-20 02:57:31.742 | INFO     | audio | add_audio_chunk:657 | AGC已应用: 原始RMS=0.001822, 增益=10.00
2025-09-20 02:57:31.743 | DEBUG    | audio | add_audio_chunk:668 | 音频质量分析: samples=4096, max_amp=0.0522, rms_amp=0.0182, mean_amp=0.0151, non_zero_ratio=0.994, zero_ratio=0.006
2025-09-20 02:57:31.745 | DEBUG    | audio | add_audio_chunk:739 | 🎵 音频活动[中]: max_amp=0.052185 > 0.003
2025-09-20 02:57:31.746 | DEBUG    | audio | add_audio_chunk:743 | 音频块处理完成: format=pcm, samples=4096, max_amp=0.0522, rms_amp=0.0182, buffer_before=499712, buffer_after=503808, trimmed=False, processing_time=9.3ms
2025-09-20 02:57:31.753 | INFO     | audio | add_audio_chunk:775 | ✅ 标准音频输入: RMS=0.018217, 时长=0.26s
2025-09-20 02:57:32.123 | TRACE    | audio | add_audio_chunk:525 | 收到音频块: format=pcm, raw_size=8192 bytes, sample_rate=16000
2025-09-20 02:57:32.135 | TRACE    | audio | add_audio_chunk:577 | PCM解码完成: samples=4096
2025-09-20 02:57:32.136 | INFO     | audio | add_audio_chunk:657 | AGC已应用: 原始RMS=0.002194, 增益=10.00
2025-09-20 02:57:32.136 | DEBUG    | audio | add_audio_chunk:668 | 音频质量分析: samples=4096, max_amp=0.0668, rms_amp=0.0219, mean_amp=0.0179, non_zero_ratio=0.997, zero_ratio=0.003
2025-09-20 02:57:32.138 | DEBUG    | audio | add_audio_chunk:739 | 🎵 音频活动[中]: max_amp=0.066833 > 0.003
2025-09-20 02:57:32.139 | DEBUG    | audio | add_audio_chunk:743 | 音频块处理完成: format=pcm, samples=4096, max_amp=0.0668, rms_amp=0.0219, buffer_before=503808, buffer_after=507904, trimmed=False, processing_time=15.4ms
2025-09-20 02:57:32.145 | INFO     | audio | add_audio_chunk:775 | ✅ 标准音频输入: RMS=0.021937, 时长=0.26s
2025-09-20 02:57:32.493 | TRACE    | audio | add_audio_chunk:525 | 收到音频块: format=pcm, raw_size=8192 bytes, sample_rate=16000
2025-09-20 02:57:32.497 | TRACE    | audio | add_audio_chunk:577 | PCM解码完成: samples=4096
2025-09-20 02:57:32.497 | INFO     | audio | add_audio_chunk:657 | AGC已应用: 原始RMS=0.001794, 增益=10.00
2025-09-20 02:57:32.497 | DEBUG    | audio | add_audio_chunk:668 | 音频质量分析: samples=4096, max_amp=0.0510, rms_amp=0.0179, mean_amp=0.0147, non_zero_ratio=0.996, zero_ratio=0.004
2025-09-20 02:57:32.499 | DEBUG    | audio | add_audio_chunk:739 | 🎵 音频活动[中]: max_amp=0.050964 > 0.003
2025-09-20 02:57:32.499 | DEBUG    | audio | add_audio_chunk:743 | 音频块处理完成: format=pcm, samples=4096, max_amp=0.0510, rms_amp=0.0179, buffer_before=507904, buffer_after=512000, trimmed=False, processing_time=6.7ms
2025-09-20 02:57:32.506 | INFO     | audio | add_audio_chunk:775 | ✅ 标准音频输入: RMS=0.017942, 时长=0.26s
2025-09-20 02:57:32.778 | TRACE    | audio | add_audio_chunk:525 | 收到音频块: format=pcm, raw_size=8192 bytes, sample_rate=16000
2025-09-20 02:57:32.782 | TRACE    | audio | add_audio_chunk:577 | PCM解码完成: samples=4096
2025-09-20 02:57:32.782 | INFO     | audio | add_audio_chunk:657 | AGC已应用: 原始RMS=0.001041, 增益=10.00
2025-09-20 02:57:32.782 | DEBUG    | audio | add_audio_chunk:668 | 音频质量分析: samples=4096, max_amp=0.0259, rms_amp=0.0104, mean_amp=0.0086, non_zero_ratio=0.989, zero_ratio=0.011
2025-09-20 02:57:32.784 | DEBUG    | audio | add_audio_chunk:739 | 🎵 音频活动[低]: max_amp=0.025940 > 0.003
2025-09-20 02:57:32.785 | DEBUG    | audio | add_audio_chunk:743 | 音频块处理完成: format=pcm, samples=4096, max_amp=0.0259, rms_amp=0.0104, buffer_before=512000, buffer_after=516096, trimmed=False, processing_time=7.4ms
2025-09-20 02:57:32.791 | INFO     | audio | add_audio_chunk:775 | ✅ 标准音频输入: RMS=0.010413, 时长=0.26s
2025-09-20 02:57:33.028 | TRACE    | audio | add_audio_chunk:525 | 收到音频块: format=pcm, raw_size=8192 bytes, sample_rate=16000
2025-09-20 02:57:33.032 | TRACE    | audio | add_audio_chunk:577 | PCM解码完成: samples=4096
2025-09-20 02:57:33.032 | INFO     | audio | add_audio_chunk:657 | AGC已应用: 原始RMS=0.001146, 增益=10.00
2025-09-20 02:57:33.032 | DEBUG    | audio | add_audio_chunk:668 | 音频质量分析: samples=4096, max_amp=0.0290, rms_amp=0.0115, mean_amp=0.0096, non_zero_ratio=0.992, zero_ratio=0.008
2025-09-20 02:57:33.034 | DEBUG    | audio | add_audio_chunk:739 | 🎵 音频活动[低]: max_amp=0.028992 > 0.003
2025-09-20 02:57:33.034 | DEBUG    | audio | add_audio_chunk:743 | 音频块处理完成: format=pcm, samples=4096, max_amp=0.0290, rms_amp=0.0115, buffer_before=516096, buffer_after=520192, trimmed=False, processing_time=6.7ms
2025-09-20 02:57:33.039 | INFO     | audio | add_audio_chunk:775 | ✅ 标准音频输入: RMS=0.011455, 时长=0.26s
2025-09-20 02:57:33.290 | TRACE    | audio | add_audio_chunk:525 | 收到音频块: format=pcm, raw_size=8192 bytes, sample_rate=16000
2025-09-20 02:57:33.294 | TRACE    | audio | add_audio_chunk:577 | PCM解码完成: samples=4096
2025-09-20 02:57:33.294 | INFO     | audio | add_audio_chunk:657 | AGC已应用: 原始RMS=0.001655, 增益=10.00
2025-09-20 02:57:33.294 | DEBUG    | audio | add_audio_chunk:668 | 音频质量分析: samples=4096, max_amp=0.0415, rms_amp=0.0165, mean_amp=0.0137, non_zero_ratio=0.993, zero_ratio=0.007
2025-09-20 02:57:33.296 | DEBUG    | audio | add_audio_chunk:739 | 🎵 音频活动[中]: max_amp=0.041504 > 0.003
2025-09-20 02:57:33.297 | DEBUG    | audio | add_audio_chunk:743 | 音频块处理完成: format=pcm, samples=4096, max_amp=0.0415, rms_amp=0.0165, buffer_before=520192, buffer_after=524288, trimmed=False, processing_time=6.9ms
2025-09-20 02:57:33.306 | INFO     | audio | add_audio_chunk:775 | ✅ 标准音频输入: RMS=0.016546, 时长=0.26s
2025-09-20 02:57:33.548 | TRACE    | audio | add_audio_chunk:525 | 收到音频块: format=pcm, raw_size=8192 bytes, sample_rate=16000
2025-09-20 02:57:33.552 | TRACE    | audio | add_audio_chunk:577 | PCM解码完成: samples=4096
2025-09-20 02:57:33.553 | INFO     | audio | add_audio_chunk:657 | AGC已应用: 原始RMS=0.001525, 增益=10.00
2025-09-20 02:57:33.553 | DEBUG    | audio | add_audio_chunk:668 | 音频质量分析: samples=4096, max_amp=0.0323, rms_amp=0.0152, mean_amp=0.0134, non_zero_ratio=0.993, zero_ratio=0.007
2025-09-20 02:57:33.555 | DEBUG    | audio | add_audio_chunk:739 | 🎵 音频活动[中]: max_amp=0.032349 > 0.003
2025-09-20 02:57:33.556 | DEBUG    | audio | add_audio_chunk:743 | 音频块处理完成: format=pcm, samples=4096, max_amp=0.0323, rms_amp=0.0152, buffer_before=524288, buffer_after=528384, trimmed=False, processing_time=7.4ms
2025-09-20 02:57:33.561 | INFO     | audio | add_audio_chunk:775 | ✅ 标准音频输入: RMS=0.015246, 时长=0.26s
2025-09-20 02:57:33.802 | TRACE    | audio | add_audio_chunk:525 | 收到音频块: format=pcm, raw_size=8192 bytes, sample_rate=16000
2025-09-20 02:57:33.852 | TRACE    | audio | add_audio_chunk:577 | PCM解码完成: samples=4096
2025-09-20 02:57:33.853 | INFO     | audio | add_audio_chunk:657 | AGC已应用: 原始RMS=0.001664, 增益=10.00
2025-09-20 02:57:33.853 | DEBUG    | audio | add_audio_chunk:668 | 音频质量分析: samples=4096, max_amp=0.0381, rms_amp=0.0166, mean_amp=0.0137, non_zero_ratio=0.994, zero_ratio=0.006
2025-09-20 02:57:33.855 | DEBUG    | audio | add_audio_chunk:739 | 🎵 音频活动[中]: max_amp=0.038147 > 0.003
2025-09-20 02:57:33.855 | DEBUG    | audio | add_audio_chunk:743 | 音频块处理完成: format=pcm, samples=4096, max_amp=0.0381, rms_amp=0.0166, buffer_before=528384, buffer_after=532480, trimmed=False, processing_time=53.1ms
2025-09-20 02:57:33.860 | INFO     | audio | add_audio_chunk:775 | ✅ 标准音频输入: RMS=0.016637, 时长=0.26s
2025-09-20 02:57:34.068 | TRACE    | audio | add_audio_chunk:525 | 收到音频块: format=pcm, raw_size=8192 bytes, sample_rate=16000
2025-09-20 02:57:34.072 | TRACE    | audio | add_audio_chunk:577 | PCM解码完成: samples=4096
2025-09-20 02:57:34.072 | INFO     | audio | add_audio_chunk:657 | AGC已应用: 原始RMS=0.001838, 增益=10.00
2025-09-20 02:57:34.073 | DEBUG    | audio | add_audio_chunk:668 | 音频质量分析: samples=4096, max_amp=0.0620, rms_amp=0.0184, mean_amp=0.0152, non_zero_ratio=0.994, zero_ratio=0.006
2025-09-20 02:57:34.075 | DEBUG    | audio | add_audio_chunk:739 | 🎵 音频活动[中]: max_amp=0.061951 > 0.003
2025-09-20 02:57:34.075 | DEBUG    | audio | add_audio_chunk:743 | 音频块处理完成: format=pcm, samples=4096, max_amp=0.0620, rms_amp=0.0184, buffer_before=532480, buffer_after=536576, trimmed=False, processing_time=6.9ms
2025-09-20 02:57:34.080 | INFO     | audio | add_audio_chunk:775 | ✅ 标准音频输入: RMS=0.018384, 时长=0.26s
2025-09-20 02:57:34.318 | TRACE    | audio | add_audio_chunk:525 | 收到音频块: format=pcm, raw_size=8192 bytes, sample_rate=16000
2025-09-20 02:57:34.321 | TRACE    | audio | add_audio_chunk:577 | PCM解码完成: samples=4096
2025-09-20 02:57:34.321 | INFO     | audio | add_audio_chunk:657 | AGC已应用: 原始RMS=0.001399, 增益=10.00
2025-09-20 02:57:34.322 | DEBUG    | audio | add_audio_chunk:668 | 音频质量分析: samples=4096, max_amp=0.0461, rms_amp=0.0140, mean_amp=0.0113, non_zero_ratio=0.990, zero_ratio=0.010
2025-09-20 02:57:34.324 | DEBUG    | audio | add_audio_chunk:739 | 🎵 音频活动[中]: max_amp=0.046082 > 0.003
2025-09-20 02:57:34.324 | DEBUG    | audio | add_audio_chunk:743 | 音频块处理完成: format=pcm, samples=4096, max_amp=0.0461, rms_amp=0.0140, buffer_before=536576, buffer_after=540672, trimmed=False, processing_time=6.5ms
2025-09-20 02:57:34.330 | INFO     | audio | add_audio_chunk:775 | ✅ 标准音频输入: RMS=0.013994, 时长=0.26s
2025-09-20 02:57:34.578 | TRACE    | audio | add_audio_chunk:525 | 收到音频块: format=pcm, raw_size=8192 bytes, sample_rate=16000
2025-09-20 02:57:34.581 | TRACE    | audio | add_audio_chunk:577 | PCM解码完成: samples=4096
2025-09-20 02:57:34.582 | INFO     | audio | add_audio_chunk:657 | AGC已应用: 原始RMS=0.001495, 增益=10.00
2025-09-20 02:57:34.582 | DEBUG    | audio | add_audio_chunk:668 | 音频质量分析: samples=4096, max_amp=0.0488, rms_amp=0.0150, mean_amp=0.0120, non_zero_ratio=0.994, zero_ratio=0.006
2025-09-20 02:57:34.584 | DEBUG    | audio | add_audio_chunk:739 | 🎵 音频活动[中]: max_amp=0.048828 > 0.003
2025-09-20 02:57:34.584 | DEBUG    | audio | add_audio_chunk:743 | 音频块处理完成: format=pcm, samples=4096, max_amp=0.0488, rms_amp=0.0150, buffer_before=540672, buffer_after=544768, trimmed=False, processing_time=6.7ms
2025-09-20 02:57:34.590 | INFO     | audio | add_audio_chunk:775 | ✅ 标准音频输入: RMS=0.014950, 时长=0.26s
2025-09-20 02:57:34.840 | TRACE    | audio | add_audio_chunk:525 | 收到音频块: format=pcm, raw_size=8192 bytes, sample_rate=16000
2025-09-20 02:57:34.845 | TRACE    | audio | add_audio_chunk:577 | PCM解码完成: samples=4096
2025-09-20 02:57:34.845 | INFO     | audio | add_audio_chunk:657 | AGC已应用: 原始RMS=0.001699, 增益=10.00
2025-09-20 02:57:34.846 | DEBUG    | audio | add_audio_chunk:668 | 音频质量分析: samples=4096, max_amp=0.0494, rms_amp=0.0170, mean_amp=0.0137, non_zero_ratio=0.993, zero_ratio=0.007
2025-09-20 02:57:34.849 | DEBUG    | audio | add_audio_chunk:739 | 🎵 音频活动[中]: max_amp=0.049438 > 0.003
2025-09-20 02:57:34.849 | DEBUG    | audio | add_audio_chunk:743 | 音频块处理完成: format=pcm, samples=4096, max_amp=0.0494, rms_amp=0.0170, buffer_before=544768, buffer_after=548864, trimmed=False, processing_time=9.0ms
2025-09-20 02:57:34.856 | INFO     | audio | add_audio_chunk:775 | ✅ 标准音频输入: RMS=0.016987, 时长=0.26s
2025-09-20 02:57:35.087 | TRACE    | audio | add_audio_chunk:525 | 收到音频块: format=pcm, raw_size=8192 bytes, sample_rate=16000
2025-09-20 02:57:35.096 | TRACE    | audio | add_audio_chunk:577 | PCM解码完成: samples=4096
2025-09-20 02:57:35.097 | INFO     | audio | add_audio_chunk:657 | AGC已应用: 原始RMS=0.001719, 增益=10.00
2025-09-20 02:57:35.098 | DEBUG    | audio | add_audio_chunk:668 | 音频质量分析: samples=4096, max_amp=0.0510, rms_amp=0.0172, mean_amp=0.0134, non_zero_ratio=0.994, zero_ratio=0.006
2025-09-20 02:57:35.101 | DEBUG    | audio | add_audio_chunk:739 | 🎵 音频活动[中]: max_amp=0.050964 > 0.003
2025-09-20 02:57:35.101 | DEBUG    | audio | add_audio_chunk:743 | 音频块处理完成: format=pcm, samples=4096, max_amp=0.0510, rms_amp=0.0172, buffer_before=548864, buffer_after=552960, trimmed=False, processing_time=13.5ms
2025-09-20 02:57:35.107 | INFO     | audio | add_audio_chunk:775 | ✅ 标准音频输入: RMS=0.017187, 时长=0.26s
2025-09-20 02:57:35.347 | TRACE    | audio | add_audio_chunk:525 | 收到音频块: format=pcm, raw_size=8192 bytes, sample_rate=16000
2025-09-20 02:57:35.351 | TRACE    | audio | add_audio_chunk:577 | PCM解码完成: samples=4096
2025-09-20 02:57:35.351 | INFO     | audio | add_audio_chunk:657 | AGC已应用: 原始RMS=0.001886, 增益=10.00
2025-09-20 02:57:35.351 | DEBUG    | audio | add_audio_chunk:668 | 音频质量分析: samples=4096, max_amp=0.0491, rms_amp=0.0189, mean_amp=0.0155, non_zero_ratio=0.994, zero_ratio=0.006
2025-09-20 02:57:35.353 | DEBUG    | audio | add_audio_chunk:739 | 🎵 音频活动[中]: max_amp=0.049133 > 0.003
2025-09-20 02:57:35.354 | DEBUG    | audio | add_audio_chunk:743 | 音频块处理完成: format=pcm, samples=4096, max_amp=0.0491, rms_amp=0.0189, buffer_before=552960, buffer_after=557056, trimmed=False, processing_time=6.6ms
2025-09-20 02:57:35.362 | INFO     | audio | add_audio_chunk:775 | ✅ 标准音频输入: RMS=0.018859, 时长=0.26s
2025-09-20 02:57:35.598 | TRACE    | audio | add_audio_chunk:525 | 收到音频块: format=pcm, raw_size=8192 bytes, sample_rate=16000
2025-09-20 02:57:35.602 | TRACE    | audio | add_audio_chunk:577 | PCM解码完成: samples=4096
2025-09-20 02:57:35.602 | INFO     | audio | add_audio_chunk:657 | AGC已应用: 原始RMS=0.003630, 增益=8.26
2025-09-20 02:57:35.603 | DEBUG    | audio | add_audio_chunk:668 | 音频质量分析: samples=4096, max_amp=0.2199, rms_amp=0.0300, mean_amp=0.0189, non_zero_ratio=0.994, zero_ratio=0.006
2025-09-20 02:57:35.605 | DEBUG    | audio | add_audio_chunk:739 | 🎵 音频活动[高]: max_amp=0.219934 > 0.003
2025-09-20 02:57:35.605 | DEBUG    | audio | add_audio_chunk:743 | 音频块处理完成: format=pcm, samples=4096, max_amp=0.2199, rms_amp=0.0300, buffer_before=557056, buffer_after=561152, trimmed=False, processing_time=7.3ms
2025-09-20 02:57:35.610 | INFO     | audio | add_audio_chunk:775 | ✅ 标准音频输入: RMS=0.030000, 时长=0.26s
2025-09-20 02:57:35.858 | TRACE    | audio | add_audio_chunk:525 | 收到音频块: format=pcm, raw_size=8192 bytes, sample_rate=16000
2025-09-20 02:57:35.862 | TRACE    | audio | add_audio_chunk:577 | PCM解码完成: samples=4096
2025-09-20 02:57:35.863 | INFO     | audio | add_audio_chunk:657 | AGC已应用: 原始RMS=0.003363, 增益=8.92
2025-09-20 02:57:35.863 | DEBUG    | audio | add_audio_chunk:668 | 音频质量分析: samples=4096, max_amp=0.0874, rms_amp=0.0300, mean_amp=0.0230, non_zero_ratio=0.997, zero_ratio=0.003
2025-09-20 02:57:35.865 | DEBUG    | audio | add_audio_chunk:739 | 🎵 音频活动[中]: max_amp=0.087375 > 0.003
2025-09-20 02:57:35.865 | DEBUG    | audio | add_audio_chunk:743 | 音频块处理完成: format=pcm, samples=4096, max_amp=0.0874, rms_amp=0.0300, buffer_before=561152, buffer_after=565248, trimmed=False, processing_time=6.9ms
2025-09-20 02:57:35.871 | INFO     | audio | add_audio_chunk:775 | ✅ 标准音频输入: RMS=0.030000, 时长=0.26s
2025-09-20 02:57:36.118 | TRACE    | audio | add_audio_chunk:525 | 收到音频块: format=pcm, raw_size=8192 bytes, sample_rate=16000
2025-09-20 02:57:36.122 | TRACE    | audio | add_audio_chunk:577 | PCM解码完成: samples=4096
2025-09-20 02:57:36.122 | INFO     | audio | add_audio_chunk:657 | AGC已应用: 原始RMS=0.001666, 增益=10.00
2025-09-20 02:57:36.122 | DEBUG    | audio | add_audio_chunk:668 | 音频质量分析: samples=4096, max_amp=0.0513, rms_amp=0.0167, mean_amp=0.0134, non_zero_ratio=0.994, zero_ratio=0.006
2025-09-20 02:57:36.125 | DEBUG    | audio | add_audio_chunk:739 | 🎵 音频活动[中]: max_amp=0.051270 > 0.003
2025-09-20 02:57:36.125 | DEBUG    | audio | add_audio_chunk:743 | 音频块处理完成: format=pcm, samples=4096, max_amp=0.0513, rms_amp=0.0167, buffer_before=565248, buffer_after=569344, trimmed=False, processing_time=6.6ms
2025-09-20 02:57:36.129 | INFO     | audio | add_audio_chunk:775 | ✅ 标准音频输入: RMS=0.016662, 时长=0.26s
2025-09-20 02:57:36.368 | TRACE    | audio | add_audio_chunk:525 | 收到音频块: format=pcm, raw_size=8192 bytes, sample_rate=16000
2025-09-20 02:57:36.371 | TRACE    | audio | add_audio_chunk:577 | PCM解码完成: samples=4096
2025-09-20 02:57:36.371 | INFO     | audio | add_audio_chunk:657 | AGC已应用: 原始RMS=0.002433, 增益=10.00
2025-09-20 02:57:36.372 | DEBUG    | audio | add_audio_chunk:668 | 音频质量分析: samples=4096, max_amp=0.1114, rms_amp=0.0243, mean_amp=0.0186, non_zero_ratio=0.994, zero_ratio=0.006
2025-09-20 02:57:36.374 | DEBUG    | audio | add_audio_chunk:739 | 🎵 音频活动[高]: max_amp=0.111389 > 0.003
2025-09-20 02:57:36.374 | DEBUG    | audio | add_audio_chunk:743 | 音频块处理完成: format=pcm, samples=4096, max_amp=0.1114, rms_amp=0.0243, buffer_before=569344, buffer_after=573440, trimmed=False, processing_time=6.2ms
2025-09-20 02:57:36.379 | INFO     | audio | add_audio_chunk:775 | ✅ 标准音频输入: RMS=0.024334, 时长=0.26s
2025-09-20 02:57:36.642 | TRACE    | audio | add_audio_chunk:525 | 收到音频块: format=pcm, raw_size=8192 bytes, sample_rate=16000
2025-09-20 02:57:36.646 | TRACE    | audio | add_audio_chunk:577 | PCM解码完成: samples=4096
2025-09-20 02:57:36.646 | INFO     | audio | add_audio_chunk:657 | AGC已应用: 原始RMS=0.002627, 增益=10.00
2025-09-20 02:57:36.646 | DEBUG    | audio | add_audio_chunk:668 | 音频质量分析: samples=4096, max_amp=0.0778, rms_amp=0.0263, mean_amp=0.0220, non_zero_ratio=0.996, zero_ratio=0.004
2025-09-20 02:57:36.649 | DEBUG    | audio | add_audio_chunk:739 | 🎵 音频活动[中]: max_amp=0.077820 > 0.003
2025-09-20 02:57:36.649 | DEBUG    | audio | add_audio_chunk:743 | 音频块处理完成: format=pcm, samples=4096, max_amp=0.0778, rms_amp=0.0263, buffer_before=573440, buffer_after=577536, trimmed=False, processing_time=6.7ms
2025-09-20 02:57:36.654 | INFO     | audio | add_audio_chunk:775 | ✅ 标准音频输入: RMS=0.026268, 时长=0.26s
2025-09-20 02:57:36.878 | TRACE    | audio | add_audio_chunk:525 | 收到音频块: format=pcm, raw_size=8192 bytes, sample_rate=16000
2025-09-20 02:57:36.883 | TRACE    | audio | add_audio_chunk:577 | PCM解码完成: samples=4096
2025-09-20 02:57:36.884 | INFO     | audio | add_audio_chunk:657 | AGC已应用: 原始RMS=0.001454, 增益=10.00
2025-09-20 02:57:36.884 | DEBUG    | audio | add_audio_chunk:668 | 音频质量分析: samples=4096, max_amp=0.0430, rms_amp=0.0145, mean_amp=0.0116, non_zero_ratio=0.992, zero_ratio=0.008
2025-09-20 02:57:36.886 | DEBUG    | audio | add_audio_chunk:739 | 🎵 音频活动[中]: max_amp=0.043030 > 0.003
2025-09-20 02:57:36.886 | DEBUG    | audio | add_audio_chunk:743 | 音频块处理完成: format=pcm, samples=4096, max_amp=0.0430, rms_amp=0.0145, buffer_before=577536, buffer_after=581632, trimmed=False, processing_time=8.6ms
2025-09-20 02:57:36.892 | INFO     | audio | add_audio_chunk:775 | ✅ 标准音频输入: RMS=0.014538, 时长=0.26s
2025-09-20 02:57:37.139 | TRACE    | audio | add_audio_chunk:525 | 收到音频块: format=pcm, raw_size=8192 bytes, sample_rate=16000
2025-09-20 02:57:37.143 | TRACE    | audio | add_audio_chunk:577 | PCM解码完成: samples=4096
2025-09-20 02:57:37.143 | INFO     | audio | add_audio_chunk:657 | AGC已应用: 原始RMS=0.002366, 增益=10.00
2025-09-20 02:57:37.143 | DEBUG    | audio | add_audio_chunk:668 | 音频质量分析: samples=4096, max_amp=0.0668, rms_amp=0.0237, mean_amp=0.0185, non_zero_ratio=0.993, zero_ratio=0.007
2025-09-20 02:57:37.146 | DEBUG    | audio | add_audio_chunk:739 | 🎵 音频活动[中]: max_amp=0.066833 > 0.003
2025-09-20 02:57:37.146 | DEBUG    | audio | add_audio_chunk:743 | 音频块处理完成: format=pcm, samples=4096, max_amp=0.0668, rms_amp=0.0237, buffer_before=581632, buffer_after=585728, trimmed=False, processing_time=7.0ms
2025-09-20 02:57:37.155 | INFO     | audio | add_audio_chunk:775 | ✅ 标准音频输入: RMS=0.023657, 时长=0.26s
2025-09-20 02:57:37.400 | TRACE    | audio | add_audio_chunk:525 | 收到音频块: format=pcm, raw_size=8192 bytes, sample_rate=16000
2025-09-20 02:57:37.404 | TRACE    | audio | add_audio_chunk:577 | PCM解码完成: samples=4096
2025-09-20 02:57:37.404 | INFO     | audio | add_audio_chunk:657 | AGC已应用: 原始RMS=0.002659, 增益=10.00
2025-09-20 02:57:37.405 | DEBUG    | audio | add_audio_chunk:668 | 音频质量分析: samples=4096, max_amp=0.0638, rms_amp=0.0266, mean_amp=0.0225, non_zero_ratio=0.998, zero_ratio=0.002
2025-09-20 02:57:37.407 | DEBUG    | audio | add_audio_chunk:739 | 🎵 音频活动[中]: max_amp=0.063782 > 0.003
2025-09-20 02:57:37.407 | DEBUG    | audio | add_audio_chunk:743 | 音频块处理完成: format=pcm, samples=4096, max_amp=0.0638, rms_amp=0.0266, buffer_before=585728, buffer_after=589824, trimmed=False, processing_time=6.8ms
2025-09-20 02:57:37.412 | INFO     | audio | add_audio_chunk:775 | ✅ 标准音频输入: RMS=0.026586, 时长=0.26s
2025-09-20 02:57:37.649 | TRACE    | audio | add_audio_chunk:525 | 收到音频块: format=pcm, raw_size=8192 bytes, sample_rate=16000
2025-09-20 02:57:37.653 | TRACE    | audio | add_audio_chunk:577 | PCM解码完成: samples=4096
2025-09-20 02:57:37.654 | INFO     | audio | add_audio_chunk:657 | AGC已应用: 原始RMS=0.001641, 增益=10.00
2025-09-20 02:57:37.654 | DEBUG    | audio | add_audio_chunk:668 | 音频质量分析: samples=4096, max_amp=0.0400, rms_amp=0.0164, mean_amp=0.0134, non_zero_ratio=0.991, zero_ratio=0.009
2025-09-20 02:57:37.656 | DEBUG    | audio | add_audio_chunk:739 | 🎵 音频活动[中]: max_amp=0.039978 > 0.003
2025-09-20 02:57:37.656 | DEBUG    | audio | add_audio_chunk:743 | 音频块处理完成: format=pcm, samples=4096, max_amp=0.0400, rms_amp=0.0164, buffer_before=589824, buffer_after=593920, trimmed=False, processing_time=7.7ms
2025-09-20 02:57:37.661 | INFO     | audio | add_audio_chunk:775 | ✅ 标准音频输入: RMS=0.016414, 时长=0.26s
2025-09-20 02:57:37.909 | TRACE    | audio | add_audio_chunk:525 | 收到音频块: format=pcm, raw_size=8192 bytes, sample_rate=16000
2025-09-20 02:57:37.912 | TRACE    | audio | add_audio_chunk:577 | PCM解码完成: samples=4096
2025-09-20 02:57:37.913 | INFO     | audio | add_audio_chunk:657 | AGC已应用: 原始RMS=0.001339, 增益=10.00
2025-09-20 02:57:37.913 | DEBUG    | audio | add_audio_chunk:668 | 音频质量分析: samples=4096, max_amp=0.0342, rms_amp=0.0134, mean_amp=0.0115, non_zero_ratio=0.997, zero_ratio=0.003
2025-09-20 02:57:37.915 | DEBUG    | audio | add_audio_chunk:739 | 🎵 音频活动[中]: max_amp=0.034180 > 0.003
2025-09-20 02:57:37.916 | DEBUG    | audio | add_audio_chunk:743 | 音频块处理完成: format=pcm, samples=4096, max_amp=0.0342, rms_amp=0.0134, buffer_before=593920, buffer_after=598016, trimmed=False, processing_time=6.9ms
2025-09-20 02:57:37.921 | INFO     | audio | add_audio_chunk:775 | ✅ 标准音频输入: RMS=0.013393, 时长=0.26s
2025-09-20 02:57:38.158 | TRACE    | audio | add_audio_chunk:525 | 收到音频块: format=pcm, raw_size=8192 bytes, sample_rate=16000
2025-09-20 02:57:38.162 | TRACE    | audio | add_audio_chunk:577 | PCM解码完成: samples=4096
2025-09-20 02:57:38.162 | INFO     | audio | add_audio_chunk:657 | AGC已应用: 原始RMS=0.001143, 增益=10.00
2025-09-20 02:57:38.162 | DEBUG    | audio | add_audio_chunk:668 | 音频质量分析: samples=4096, max_amp=0.0333, rms_amp=0.0114, mean_amp=0.0093, non_zero_ratio=0.991, zero_ratio=0.009
2025-09-20 02:57:38.164 | DEBUG    | audio | add_audio_chunk:739 | 🎵 音频活动[中]: max_amp=0.033264 > 0.003
2025-09-20 02:57:38.164 | DEBUG    | audio | add_audio_chunk:743 | 音频块处理完成: format=pcm, samples=4096, max_amp=0.0333, rms_amp=0.0114, buffer_before=598016, buffer_after=602112, trimmed=False, processing_time=6.2ms
2025-09-20 02:57:38.169 | INFO     | audio | add_audio_chunk:775 | ✅ 标准音频输入: RMS=0.011427, 时长=0.26s
2025-09-20 02:57:38.419 | TRACE    | audio | add_audio_chunk:525 | 收到音频块: format=pcm, raw_size=8192 bytes, sample_rate=16000
2025-09-20 02:57:38.424 | TRACE    | audio | add_audio_chunk:577 | PCM解码完成: samples=4096
2025-09-20 02:57:38.424 | INFO     | audio | add_audio_chunk:657 | AGC已应用: 原始RMS=0.001204, 增益=10.00
2025-09-20 02:57:38.425 | DEBUG    | audio | add_audio_chunk:668 | 音频质量分析: samples=4096, max_amp=0.0302, rms_amp=0.0120, mean_amp=0.0099, non_zero_ratio=0.991, zero_ratio=0.009
2025-09-20 02:57:38.427 | DEBUG    | audio | add_audio_chunk:739 | 🎵 音频活动[中]: max_amp=0.030212 > 0.003
2025-09-20 02:57:38.427 | DEBUG    | audio | add_audio_chunk:743 | 音频块处理完成: format=pcm, samples=4096, max_amp=0.0302, rms_amp=0.0120, buffer_before=602112, buffer_after=606208, trimmed=False, processing_time=7.5ms
2025-09-20 02:57:38.433 | INFO     | audio | add_audio_chunk:775 | ✅ 标准音频输入: RMS=0.012035, 时长=0.26s
2025-09-20 02:57:38.678 | TRACE    | audio | add_audio_chunk:525 | 收到音频块: format=pcm, raw_size=8192 bytes, sample_rate=16000
2025-09-20 02:57:38.682 | TRACE    | audio | add_audio_chunk:577 | PCM解码完成: samples=4096
2025-09-20 02:57:38.683 | INFO     | audio | add_audio_chunk:657 | AGC已应用: 原始RMS=0.001284, 增益=10.00
2025-09-20 02:57:38.683 | DEBUG    | audio | add_audio_chunk:668 | 音频质量分析: samples=4096, max_amp=0.0320, rms_amp=0.0128, mean_amp=0.0109, non_zero_ratio=0.994, zero_ratio=0.006
2025-09-20 02:57:38.685 | DEBUG    | audio | add_audio_chunk:739 | 🎵 音频活动[中]: max_amp=0.032043 > 0.003
2025-09-20 02:57:38.685 | DEBUG    | audio | add_audio_chunk:743 | 音频块处理完成: format=pcm, samples=4096, max_amp=0.0320, rms_amp=0.0128, buffer_before=606208, buffer_after=610304, trimmed=False, processing_time=6.9ms
2025-09-20 02:57:38.691 | INFO     | audio | add_audio_chunk:775 | ✅ 标准音频输入: RMS=0.012841, 时长=0.26s
2025-09-20 02:57:38.928 | TRACE    | audio | add_audio_chunk:525 | 收到音频块: format=pcm, raw_size=8192 bytes, sample_rate=16000
2025-09-20 02:57:38.934 | TRACE    | audio | add_audio_chunk:577 | PCM解码完成: samples=4096
2025-09-20 02:57:38.934 | INFO     | audio | add_audio_chunk:657 | AGC已应用: 原始RMS=0.001514, 增益=10.00
2025-09-20 02:57:38.934 | DEBUG    | audio | add_audio_chunk:668 | 音频质量分析: samples=4096, max_amp=0.0363, rms_amp=0.0151, mean_amp=0.0127, non_zero_ratio=0.993, zero_ratio=0.007
2025-09-20 02:57:38.936 | DEBUG    | audio | add_audio_chunk:739 | 🎵 音频活动[中]: max_amp=0.036316 > 0.003
2025-09-20 02:57:38.937 | DEBUG    | audio | add_audio_chunk:743 | 音频块处理完成: format=pcm, samples=4096, max_amp=0.0363, rms_amp=0.0151, buffer_before=610304, buffer_after=614400, trimmed=False, processing_time=8.3ms
2025-09-20 02:57:38.943 | INFO     | audio | add_audio_chunk:775 | ✅ 标准音频输入: RMS=0.015142, 时长=0.26s
2025-09-20 02:57:39.188 | TRACE    | audio | add_audio_chunk:525 | 收到音频块: format=pcm, raw_size=8192 bytes, sample_rate=16000
2025-09-20 02:57:39.192 | TRACE    | audio | add_audio_chunk:577 | PCM解码完成: samples=4096
2025-09-20 02:57:39.192 | INFO     | audio | add_audio_chunk:657 | AGC已应用: 原始RMS=0.001767, 增益=10.00
2025-09-20 02:57:39.193 | DEBUG    | audio | add_audio_chunk:668 | 音频质量分析: samples=4096, max_amp=0.0424, rms_amp=0.0177, mean_amp=0.0151, non_zero_ratio=0.997, zero_ratio=0.003
2025-09-20 02:57:39.195 | DEBUG    | audio | add_audio_chunk:739 | 🎵 音频活动[中]: max_amp=0.042419 > 0.003
2025-09-20 02:57:39.195 | DEBUG    | audio | add_audio_chunk:743 | 音频块处理完成: format=pcm, samples=4096, max_amp=0.0424, rms_amp=0.0177, buffer_before=614400, buffer_after=618496, trimmed=False, processing_time=7.1ms
2025-09-20 02:57:39.212 | INFO     | audio | add_audio_chunk:775 | ✅ 标准音频输入: RMS=0.017669, 时长=0.26s
2025-09-20 02:57:39.438 | TRACE    | audio | add_audio_chunk:525 | 收到音频块: format=pcm, raw_size=8192 bytes, sample_rate=16000
2025-09-20 02:57:39.442 | TRACE    | audio | add_audio_chunk:577 | PCM解码完成: samples=4096
2025-09-20 02:57:39.443 | INFO     | audio | add_audio_chunk:657 | AGC已应用: 原始RMS=0.001368, 增益=10.00
2025-09-20 02:57:39.443 | DEBUG    | audio | add_audio_chunk:668 | 音频质量分析: samples=4096, max_amp=0.0345, rms_amp=0.0137, mean_amp=0.0117, non_zero_ratio=0.994, zero_ratio=0.006
2025-09-20 02:57:39.445 | DEBUG    | audio | add_audio_chunk:739 | 🎵 音频活动[中]: max_amp=0.034485 > 0.003
2025-09-20 02:57:39.446 | DEBUG    | audio | add_audio_chunk:743 | 音频块处理完成: format=pcm, samples=4096, max_amp=0.0345, rms_amp=0.0137, buffer_before=618496, buffer_after=622592, trimmed=False, processing_time=7.2ms
2025-09-20 02:57:39.456 | INFO     | audio | add_audio_chunk:775 | ✅ 标准音频输入: RMS=0.013683, 时长=0.26s
2025-09-20 02:57:39.698 | TRACE    | audio | add_audio_chunk:525 | 收到音频块: format=pcm, raw_size=8192 bytes, sample_rate=16000
2025-09-20 02:57:39.702 | TRACE    | audio | add_audio_chunk:577 | PCM解码完成: samples=4096
2025-09-20 02:57:39.702 | INFO     | audio | add_audio_chunk:657 | AGC已应用: 原始RMS=0.001209, 增益=10.00
2025-09-20 02:57:39.702 | DEBUG    | audio | add_audio_chunk:668 | 音频质量分析: samples=4096, max_amp=0.0275, rms_amp=0.0121, mean_amp=0.0103, non_zero_ratio=0.994, zero_ratio=0.006
2025-09-20 02:57:39.705 | DEBUG    | audio | add_audio_chunk:739 | 🎵 音频活动[低]: max_amp=0.027466 > 0.003
2025-09-20 02:57:39.705 | DEBUG    | audio | add_audio_chunk:743 | 音频块处理完成: format=pcm, samples=4096, max_amp=0.0275, rms_amp=0.0121, buffer_before=622592, buffer_after=626688, trimmed=False, processing_time=6.7ms
2025-09-20 02:57:39.711 | INFO     | audio | add_audio_chunk:775 | ✅ 标准音频输入: RMS=0.012088, 时长=0.26s
2025-09-20 02:57:39.959 | TRACE    | audio | add_audio_chunk:525 | 收到音频块: format=pcm, raw_size=8192 bytes, sample_rate=16000
2025-09-20 02:57:39.962 | TRACE    | audio | add_audio_chunk:577 | PCM解码完成: samples=4096
2025-09-20 02:57:39.962 | INFO     | audio | add_audio_chunk:657 | AGC已应用: 原始RMS=0.001018, 增益=10.00
2025-09-20 02:57:39.963 | DEBUG    | audio | add_audio_chunk:668 | 音频质量分析: samples=4096, max_amp=0.0342, rms_amp=0.0102, mean_amp=0.0083, non_zero_ratio=0.989, zero_ratio=0.011
2025-09-20 02:57:39.965 | DEBUG    | audio | add_audio_chunk:739 | 🎵 音频活动[中]: max_amp=0.034180 > 0.003
2025-09-20 02:57:39.965 | DEBUG    | audio | add_audio_chunk:743 | 音频块处理完成: format=pcm, samples=4096, max_amp=0.0342, rms_amp=0.0102, buffer_before=626688, buffer_after=630784, trimmed=False, processing_time=6.3ms
2025-09-20 02:57:39.970 | INFO     | audio | add_audio_chunk:775 | ✅ 标准音频输入: RMS=0.010184, 时长=0.26s
2025-09-20 02:57:40.219 | TRACE    | audio | add_audio_chunk:525 | 收到音频块: format=pcm, raw_size=8192 bytes, sample_rate=16000
2025-09-20 02:57:40.223 | TRACE    | audio | add_audio_chunk:577 | PCM解码完成: samples=4096
2025-09-20 02:57:40.223 | INFO     | audio | add_audio_chunk:657 | AGC已应用: 原始RMS=0.000936, 增益=10.00
2025-09-20 02:57:40.223 | DEBUG    | audio | add_audio_chunk:668 | 音频质量分析: samples=4096, max_amp=0.0311, rms_amp=0.0094, mean_amp=0.0076, non_zero_ratio=0.987, zero_ratio=0.013
2025-09-20 02:57:40.226 | DEBUG    | audio | add_audio_chunk:739 | 🎵 音频活动[中]: max_amp=0.031128 > 0.003
2025-09-20 02:57:40.226 | DEBUG    | audio | add_audio_chunk:743 | 音频块处理完成: format=pcm, samples=4096, max_amp=0.0311, rms_amp=0.0094, buffer_before=630784, buffer_after=634880, trimmed=False, processing_time=7.0ms
2025-09-20 02:57:40.232 | DEBUG    | audio | add_audio_chunk:777 | 🔉 轻声音频输入: RMS=0.009357, 时长=0.26s
2025-09-20 02:57:40.478 | TRACE    | audio | add_audio_chunk:525 | 收到音频块: format=pcm, raw_size=8192 bytes, sample_rate=16000
2025-09-20 02:57:40.483 | TRACE    | audio | add_audio_chunk:577 | PCM解码完成: samples=4096
2025-09-20 02:57:40.484 | INFO     | audio | add_audio_chunk:657 | AGC已应用: 原始RMS=0.001058, 增益=10.00
2025-09-20 02:57:40.484 | DEBUG    | audio | add_audio_chunk:668 | 音频质量分析: samples=4096, max_amp=0.0266, rms_amp=0.0106, mean_amp=0.0088, non_zero_ratio=0.987, zero_ratio=0.013
2025-09-20 02:57:40.486 | DEBUG    | audio | add_audio_chunk:739 | 🎵 音频活动[低]: max_amp=0.026550 > 0.003
2025-09-20 02:57:40.486 | DEBUG    | audio | add_audio_chunk:743 | 音频块处理完成: format=pcm, samples=4096, max_amp=0.0266, rms_amp=0.0106, buffer_before=634880, buffer_after=638976, trimmed=False, processing_time=7.9ms
2025-09-20 02:57:40.492 | INFO     | audio | add_audio_chunk:775 | ✅ 标准音频输入: RMS=0.010579, 时长=0.26s
2025-09-20 02:57:40.728 | TRACE    | audio | add_audio_chunk:525 | 收到音频块: format=pcm, raw_size=8192 bytes, sample_rate=16000
2025-09-20 02:57:40.733 | TRACE    | audio | add_audio_chunk:577 | PCM解码完成: samples=4096
2025-09-20 02:57:40.733 | INFO     | audio | add_audio_chunk:657 | AGC已应用: 原始RMS=0.001553, 增益=10.00
2025-09-20 02:57:40.733 | DEBUG    | audio | add_audio_chunk:668 | 音频质量分析: samples=4096, max_amp=0.0400, rms_amp=0.0155, mean_amp=0.0126, non_zero_ratio=0.990, zero_ratio=0.010
2025-09-20 02:57:40.736 | DEBUG    | audio | add_audio_chunk:739 | 🎵 音频活动[中]: max_amp=0.039978 > 0.003
2025-09-20 02:57:40.736 | DEBUG    | audio | add_audio_chunk:743 | 音频块处理完成: format=pcm, samples=4096, max_amp=0.0400, rms_amp=0.0155, buffer_before=638976, buffer_after=643072, trimmed=False, processing_time=8.7ms
2025-09-20 02:57:40.744 | INFO     | audio | add_audio_chunk:775 | ✅ 标准音频输入: RMS=0.015534, 时长=0.26s
2025-09-20 02:57:40.988 | TRACE    | audio | add_audio_chunk:525 | 收到音频块: format=pcm, raw_size=8192 bytes, sample_rate=16000
2025-09-20 02:57:40.992 | TRACE    | audio | add_audio_chunk:577 | PCM解码完成: samples=4096
2025-09-20 02:57:40.992 | INFO     | audio | add_audio_chunk:657 | AGC已应用: 原始RMS=0.001596, 增益=10.00
2025-09-20 02:57:40.992 | DEBUG    | audio | add_audio_chunk:668 | 音频质量分析: samples=4096, max_amp=0.0394, rms_amp=0.0160, mean_amp=0.0136, non_zero_ratio=0.995, zero_ratio=0.005
2025-09-20 02:57:40.995 | DEBUG    | audio | add_audio_chunk:739 | 🎵 音频活动[中]: max_amp=0.039368 > 0.003
2025-09-20 02:57:40.995 | DEBUG    | audio | add_audio_chunk:743 | 音频块处理完成: format=pcm, samples=4096, max_amp=0.0394, rms_amp=0.0160, buffer_before=643072, buffer_after=647168, trimmed=False, processing_time=6.5ms
2025-09-20 02:57:41.001 | INFO     | audio | add_audio_chunk:775 | ✅ 标准音频输入: RMS=0.015955, 时长=0.26s
2025-09-20 02:57:41.238 | TRACE    | audio | add_audio_chunk:525 | 收到音频块: format=pcm, raw_size=8192 bytes, sample_rate=16000
2025-09-20 02:57:41.243 | TRACE    | audio | add_audio_chunk:577 | PCM解码完成: samples=4096
2025-09-20 02:57:41.243 | INFO     | audio | add_audio_chunk:657 | AGC已应用: 原始RMS=0.001403, 增益=10.00
2025-09-20 02:57:41.243 | DEBUG    | audio | add_audio_chunk:668 | 音频质量分析: samples=4096, max_amp=0.0363, rms_amp=0.0140, mean_amp=0.0120, non_zero_ratio=0.996, zero_ratio=0.004
2025-09-20 02:57:41.245 | DEBUG    | audio | add_audio_chunk:739 | 🎵 音频活动[中]: max_amp=0.036316 > 0.003
2025-09-20 02:57:41.245 | DEBUG    | audio | add_audio_chunk:743 | 音频块处理完成: format=pcm, samples=4096, max_amp=0.0363, rms_amp=0.0140, buffer_before=647168, buffer_after=651264, trimmed=False, processing_time=7.0ms
2025-09-20 02:57:41.250 | INFO     | audio | add_audio_chunk:775 | ✅ 标准音频输入: RMS=0.014031, 时长=0.26s
2025-09-20 02:57:41.499 | TRACE    | audio | add_audio_chunk:525 | 收到音频块: format=pcm, raw_size=8192 bytes, sample_rate=16000
2025-09-20 02:57:41.504 | TRACE    | audio | add_audio_chunk:577 | PCM解码完成: samples=4096
2025-09-20 02:57:41.504 | INFO     | audio | add_audio_chunk:657 | AGC已应用: 原始RMS=0.001381, 增益=10.00
2025-09-20 02:57:41.504 | DEBUG    | audio | add_audio_chunk:668 | 音频质量分析: samples=4096, max_amp=0.0363, rms_amp=0.0138, mean_amp=0.0120, non_zero_ratio=0.992, zero_ratio=0.008
2025-09-20 02:57:41.506 | DEBUG    | audio | add_audio_chunk:739 | 🎵 音频活动[中]: max_amp=0.036316 > 0.003
2025-09-20 02:57:41.506 | DEBUG    | audio | add_audio_chunk:743 | 音频块处理完成: format=pcm, samples=4096, max_amp=0.0363, rms_amp=0.0138, buffer_before=651264, buffer_after=655360, trimmed=False, processing_time=7.4ms
2025-09-20 02:57:41.513 | INFO     | audio | add_audio_chunk:775 | ✅ 标准音频输入: RMS=0.013805, 时长=0.26s
2025-09-20 02:57:41.759 | TRACE    | audio | add_audio_chunk:525 | 收到音频块: format=pcm, raw_size=8192 bytes, sample_rate=16000
2025-09-20 02:57:41.767 | TRACE    | audio | add_audio_chunk:577 | PCM解码完成: samples=4096
2025-09-20 02:57:41.767 | INFO     | audio | add_audio_chunk:657 | AGC已应用: 原始RMS=0.000959, 增益=10.00
2025-09-20 02:57:41.768 | DEBUG    | audio | add_audio_chunk:668 | 音频质量分析: samples=4096, max_amp=0.0253, rms_amp=0.0096, mean_amp=0.0079, non_zero_ratio=0.991, zero_ratio=0.009
2025-09-20 02:57:41.770 | DEBUG    | audio | add_audio_chunk:739 | 🎵 音频活动[低]: max_amp=0.025330 > 0.003
2025-09-20 02:57:41.771 | DEBUG    | audio | add_audio_chunk:743 | 音频块处理完成: format=pcm, samples=4096, max_amp=0.0253, rms_amp=0.0096, buffer_before=655360, buffer_after=659456, trimmed=False, processing_time=11.4ms
2025-09-20 02:57:41.790 | DEBUG    | audio | add_audio_chunk:777 | 🔉 轻声音频输入: RMS=0.009591, 时长=0.26s
2025-09-20 02:57:42.019 | TRACE    | audio | add_audio_chunk:525 | 收到音频块: format=pcm, raw_size=8192 bytes, sample_rate=16000
2025-09-20 02:57:42.023 | TRACE    | audio | add_audio_chunk:577 | PCM解码完成: samples=4096
2025-09-20 02:57:42.023 | INFO     | audio | add_audio_chunk:657 | AGC已应用: 原始RMS=0.001346, 增益=10.00
2025-09-20 02:57:42.023 | DEBUG    | audio | add_audio_chunk:668 | 音频质量分析: samples=4096, max_amp=0.0507, rms_amp=0.0135, mean_amp=0.0106, non_zero_ratio=0.990, zero_ratio=0.010
2025-09-20 02:57:42.026 | DEBUG    | audio | add_audio_chunk:739 | 🎵 音频活动[中]: max_amp=0.050659 > 0.003
2025-09-20 02:57:42.026 | DEBUG    | audio | add_audio_chunk:743 | 音频块处理完成: format=pcm, samples=4096, max_amp=0.0507, rms_amp=0.0135, buffer_before=659456, buffer_after=663552, trimmed=False, processing_time=7.0ms
2025-09-20 02:57:42.032 | INFO     | audio | add_audio_chunk:775 | ✅ 标准音频输入: RMS=0.013463, 时长=0.26s
2025-09-20 02:57:42.279 | TRACE    | audio | add_audio_chunk:525 | 收到音频块: format=pcm, raw_size=8192 bytes, sample_rate=16000
2025-09-20 02:57:42.282 | TRACE    | audio | add_audio_chunk:577 | PCM解码完成: samples=4096
2025-09-20 02:57:42.283 | INFO     | audio | add_audio_chunk:657 | AGC已应用: 原始RMS=0.001133, 增益=10.00
2025-09-20 02:57:42.283 | DEBUG    | audio | add_audio_chunk:668 | 音频质量分析: samples=4096, max_amp=0.0381, rms_amp=0.0113, mean_amp=0.0091, non_zero_ratio=0.987, zero_ratio=0.013
2025-09-20 02:57:42.285 | DEBUG    | audio | add_audio_chunk:739 | 🎵 音频活动[中]: max_amp=0.038147 > 0.003
2025-09-20 02:57:42.285 | DEBUG    | audio | add_audio_chunk:743 | 音频块处理完成: format=pcm, samples=4096, max_amp=0.0381, rms_amp=0.0113, buffer_before=663552, buffer_after=667648, trimmed=False, processing_time=6.8ms
2025-09-20 02:57:42.293 | INFO     | audio | add_audio_chunk:775 | ✅ 标准音频输入: RMS=0.011325, 时长=0.26s
2025-09-20 02:57:42.530 | TRACE    | audio | add_audio_chunk:525 | 收到音频块: format=pcm, raw_size=8192 bytes, sample_rate=16000
2025-09-20 02:57:42.534 | TRACE    | audio | add_audio_chunk:577 | PCM解码完成: samples=4096
2025-09-20 02:57:42.534 | INFO     | audio | add_audio_chunk:657 | AGC已应用: 原始RMS=0.001642, 增益=10.00
2025-09-20 02:57:42.535 | DEBUG    | audio | add_audio_chunk:668 | 音频质量分析: samples=4096, max_amp=0.0421, rms_amp=0.0164, mean_amp=0.0135, non_zero_ratio=0.993, zero_ratio=0.007
2025-09-20 02:57:42.537 | DEBUG    | audio | add_audio_chunk:739 | 🎵 音频活动[中]: max_amp=0.042114 > 0.003
2025-09-20 02:57:42.537 | DEBUG    | audio | add_audio_chunk:743 | 音频块处理完成: format=pcm, samples=4096, max_amp=0.0421, rms_amp=0.0164, buffer_before=667648, buffer_after=671744, trimmed=False, processing_time=7.0ms
2025-09-20 02:57:42.543 | INFO     | audio | add_audio_chunk:775 | ✅ 标准音频输入: RMS=0.016416, 时长=0.26s
2025-09-20 02:57:42.789 | TRACE    | audio | add_audio_chunk:525 | 收到音频块: format=pcm, raw_size=8192 bytes, sample_rate=16000
2025-09-20 02:57:42.793 | TRACE    | audio | add_audio_chunk:577 | PCM解码完成: samples=4096
2025-09-20 02:57:42.793 | DEBUG    | audio | add_audio_chunk:668 | 音频质量分析: samples=4096, max_amp=0.0480, rms_amp=0.0147, mean_amp=0.0099, non_zero_ratio=1.000, zero_ratio=0.000
2025-09-20 02:57:42.795 | DEBUG    | audio | add_audio_chunk:739 | 🎵 音频活动[中]: max_amp=0.047974 > 0.003
2025-09-20 02:57:42.795 | DEBUG    | audio | add_audio_chunk:743 | 音频块处理完成: format=pcm, samples=4096, max_amp=0.0480, rms_amp=0.0147, buffer_before=671744, buffer_after=675840, trimmed=False, processing_time=6.6ms
2025-09-20 02:57:42.802 | INFO     | audio | add_audio_chunk:775 | ✅ 标准音频输入: RMS=0.014655, 时长=0.26s
2025-09-20 02:57:43.037 | TRACE    | audio | add_audio_chunk:525 | 收到音频块: format=pcm, raw_size=8192 bytes, sample_rate=16000
2025-09-20 02:57:43.041 | TRACE    | audio | add_audio_chunk:577 | PCM解码完成: samples=4096
2025-09-20 02:57:43.041 | DEBUG    | audio | add_audio_chunk:668 | 音频质量分析: samples=4096, max_amp=0.0314, rms_amp=0.0086, mean_amp=0.0061, non_zero_ratio=0.999, zero_ratio=0.001
2025-09-20 02:57:43.043 | DEBUG    | audio | add_audio_chunk:739 | 🎵 音频活动[中]: max_amp=0.031403 > 0.003
2025-09-20 02:57:43.043 | DEBUG    | audio | add_audio_chunk:743 | 音频块处理完成: format=pcm, samples=4096, max_amp=0.0314, rms_amp=0.0086, buffer_before=675840, buffer_after=679936, trimmed=False, processing_time=6.4ms
2025-09-20 02:57:43.050 | DEBUG    | audio | add_audio_chunk:777 | 🔉 轻声音频输入: RMS=0.008648, 时长=0.26s
2025-09-20 02:57:43.299 | TRACE    | audio | add_audio_chunk:525 | 收到音频块: format=pcm, raw_size=8192 bytes, sample_rate=16000
2025-09-20 02:57:43.303 | TRACE    | audio | add_audio_chunk:577 | PCM解码完成: samples=4096
2025-09-20 02:57:43.304 | DEBUG    | audio | add_audio_chunk:668 | 音频质量分析: samples=4096, max_amp=0.0303, rms_amp=0.0110, mean_amp=0.0095, non_zero_ratio=1.000, zero_ratio=0.000
2025-09-20 02:57:43.306 | DEBUG    | audio | add_audio_chunk:739 | 🎵 音频活动[中]: max_amp=0.030304 > 0.003
2025-09-20 02:57:43.306 | DEBUG    | audio | add_audio_chunk:743 | 音频块处理完成: format=pcm, samples=4096, max_amp=0.0303, rms_amp=0.0110, buffer_before=679936, buffer_after=684032, trimmed=False, processing_time=7.1ms
2025-09-20 02:57:43.312 | INFO     | audio | add_audio_chunk:775 | ✅ 标准音频输入: RMS=0.011017, 时长=0.26s
2025-09-20 02:57:43.560 | TRACE    | audio | add_audio_chunk:525 | 收到音频块: format=pcm, raw_size=8192 bytes, sample_rate=16000
2025-09-20 02:57:43.603 | TRACE    | audio | add_audio_chunk:577 | PCM解码完成: samples=4096
2025-09-20 02:57:43.605 | INFO     | audio | add_audio_chunk:657 | AGC已应用: 原始RMS=0.003381, 增益=8.87
2025-09-20 02:57:43.606 | DEBUG    | audio | add_audio_chunk:668 | 音频质量分析: samples=4096, max_amp=0.0772, rms_amp=0.0300, mean_amp=0.0234, non_zero_ratio=0.997, zero_ratio=0.003
2025-09-20 02:57:43.609 | DEBUG    | audio | add_audio_chunk:739 | 🎵 音频活动[中]: max_amp=0.077165 > 0.003
2025-09-20 02:57:43.609 | DEBUG    | audio | add_audio_chunk:743 | 音频块处理完成: format=pcm, samples=4096, max_amp=0.0772, rms_amp=0.0300, buffer_before=684032, buffer_after=688128, trimmed=False, processing_time=49.3ms
2025-09-20 02:57:43.632 | INFO     | audio | add_audio_chunk:775 | ✅ 标准音频输入: RMS=0.030000, 时长=0.26s
2025-09-20 02:57:43.809 | TRACE    | audio | add_audio_chunk:525 | 收到音频块: format=pcm, raw_size=8192 bytes, sample_rate=16000
2025-09-20 02:57:43.815 | TRACE    | audio | add_audio_chunk:577 | PCM解码完成: samples=4096
2025-09-20 02:57:43.815 | INFO     | audio | add_audio_chunk:657 | AGC已应用: 原始RMS=0.001144, 增益=10.00
2025-09-20 02:57:43.816 | DEBUG    | audio | add_audio_chunk:668 | 音频质量分析: samples=4096, max_amp=0.0357, rms_amp=0.0114, mean_amp=0.0093, non_zero_ratio=0.990, zero_ratio=0.010
2025-09-20 02:57:43.818 | DEBUG    | audio | add_audio_chunk:739 | 🎵 音频活动[中]: max_amp=0.035706 > 0.003
2025-09-20 02:57:43.819 | DEBUG    | audio | add_audio_chunk:743 | 音频块处理完成: format=pcm, samples=4096, max_amp=0.0357, rms_amp=0.0114, buffer_before=688128, buffer_after=692224, trimmed=False, processing_time=10.4ms
2025-09-20 02:57:43.829 | INFO     | audio | add_audio_chunk:775 | ✅ 标准音频输入: RMS=0.011438, 时长=0.26s
2025-09-20 02:57:44.076 | TRACE    | audio | add_audio_chunk:525 | 收到音频块: format=pcm, raw_size=8192 bytes, sample_rate=16000
2025-09-20 02:57:44.098 | TRACE    | audio | add_audio_chunk:577 | PCM解码完成: samples=4096
2025-09-20 02:57:44.099 | INFO     | audio | add_audio_chunk:657 | AGC已应用: 原始RMS=0.001520, 增益=10.00
2025-09-20 02:57:44.099 | DEBUG    | audio | add_audio_chunk:668 | 音频质量分析: samples=4096, max_amp=0.0519, rms_amp=0.0152, mean_amp=0.0120, non_zero_ratio=0.991, zero_ratio=0.009
2025-09-20 02:57:44.101 | DEBUG    | audio | add_audio_chunk:739 | 🎵 音频活动[中]: max_amp=0.051880 > 0.003
2025-09-20 02:57:44.102 | DEBUG    | audio | add_audio_chunk:743 | 音频块处理完成: format=pcm, samples=4096, max_amp=0.0519, rms_amp=0.0152, buffer_before=692224, buffer_after=696320, trimmed=False, processing_time=25.7ms
2025-09-20 02:57:44.107 | INFO     | audio | add_audio_chunk:775 | ✅ 标准音频输入: RMS=0.015200, 时长=0.26s
2025-09-20 02:57:44.319 | TRACE    | audio | add_audio_chunk:525 | 收到音频块: format=pcm, raw_size=8192 bytes, sample_rate=16000
2025-09-20 02:57:44.335 | TRACE    | audio | add_audio_chunk:577 | PCM解码完成: samples=4096
2025-09-20 02:57:44.335 | INFO     | audio | add_audio_chunk:657 | AGC已应用: 原始RMS=0.001589, 增益=10.00
2025-09-20 02:57:44.336 | DEBUG    | audio | add_audio_chunk:668 | 音频质量分析: samples=4096, max_amp=0.0415, rms_amp=0.0159, mean_amp=0.0129, non_zero_ratio=0.995, zero_ratio=0.005
2025-09-20 02:57:44.338 | DEBUG    | audio | add_audio_chunk:739 | 🎵 音频活动[中]: max_amp=0.041504 > 0.003
2025-09-20 02:57:44.338 | DEBUG    | audio | add_audio_chunk:743 | 音频块处理完成: format=pcm, samples=4096, max_amp=0.0415, rms_amp=0.0159, buffer_before=696320, buffer_after=700416, trimmed=False, processing_time=19.4ms
2025-09-20 02:57:44.348 | INFO     | audio | add_audio_chunk:775 | ✅ 标准音频输入: RMS=0.015886, 时长=0.26s
2025-09-20 02:57:44.582 | TRACE    | audio | add_audio_chunk:525 | 收到音频块: format=pcm, raw_size=8192 bytes, sample_rate=16000
2025-09-20 02:57:44.660 | TRACE    | audio | add_audio_chunk:577 | PCM解码完成: samples=4096
2025-09-20 02:57:44.660 | INFO     | audio | add_audio_chunk:657 | AGC已应用: 原始RMS=0.001828, 增益=10.00
2025-09-20 02:57:44.660 | DEBUG    | audio | add_audio_chunk:668 | 音频质量分析: samples=4096, max_amp=0.0458, rms_amp=0.0183, mean_amp=0.0151, non_zero_ratio=0.994, zero_ratio=0.006
2025-09-20 02:57:44.662 | DEBUG    | audio | add_audio_chunk:739 | 🎵 音频活动[中]: max_amp=0.045776 > 0.003
2025-09-20 02:57:44.666 | DEBUG    | audio | add_audio_chunk:743 | 音频块处理完成: format=pcm, samples=4096, max_amp=0.0458, rms_amp=0.0183, buffer_before=700416, buffer_after=704512, trimmed=False, processing_time=84.1ms
2025-09-20 02:57:44.682 | INFO     | audio | add_audio_chunk:775 | ✅ 标准音频输入: RMS=0.018279, 时长=0.26s
2025-09-20 02:57:44.838 | TRACE    | audio | add_audio_chunk:525 | 收到音频块: format=pcm, raw_size=8192 bytes, sample_rate=16000
2025-09-20 02:57:44.845 | TRACE    | audio | add_audio_chunk:577 | PCM解码完成: samples=4096
2025-09-20 02:57:44.845 | INFO     | audio | add_audio_chunk:657 | AGC已应用: 原始RMS=0.001570, 增益=10.00
2025-09-20 02:57:44.846 | DEBUG    | audio | add_audio_chunk:668 | 音频质量分析: samples=4096, max_amp=0.0354, rms_amp=0.0157, mean_amp=0.0132, non_zero_ratio=0.996, zero_ratio=0.004
2025-09-20 02:57:44.848 | DEBUG    | audio | add_audio_chunk:739 | 🎵 音频活动[中]: max_amp=0.035400 > 0.003
2025-09-20 02:57:44.849 | DEBUG    | audio | add_audio_chunk:743 | 音频块处理完成: format=pcm, samples=4096, max_amp=0.0354, rms_amp=0.0157, buffer_before=704512, buffer_after=708608, trimmed=False, processing_time=10.2ms
2025-09-20 02:57:44.856 | INFO     | audio | add_audio_chunk:775 | ✅ 标准音频输入: RMS=0.015699, 时长=0.26s
2025-09-20 02:57:45.098 | TRACE    | audio | add_audio_chunk:525 | 收到音频块: format=pcm, raw_size=8192 bytes, sample_rate=16000
2025-09-20 02:57:45.102 | TRACE    | audio | add_audio_chunk:577 | PCM解码完成: samples=4096
2025-09-20 02:57:45.103 | INFO     | audio | add_audio_chunk:657 | AGC已应用: 原始RMS=0.001504, 增益=10.00
2025-09-20 02:57:45.103 | DEBUG    | audio | add_audio_chunk:668 | 音频质量分析: samples=4096, max_amp=0.0439, rms_amp=0.0150, mean_amp=0.0125, non_zero_ratio=0.994, zero_ratio=0.006
2025-09-20 02:57:45.105 | DEBUG    | audio | add_audio_chunk:739 | 🎵 音频活动[中]: max_amp=0.043945 > 0.003
2025-09-20 02:57:45.106 | DEBUG    | audio | add_audio_chunk:743 | 音频块处理完成: format=pcm, samples=4096, max_amp=0.0439, rms_amp=0.0150, buffer_before=708608, buffer_after=712704, trimmed=False, processing_time=7.4ms
2025-09-20 02:57:45.112 | INFO     | audio | add_audio_chunk:775 | ✅ 标准音频输入: RMS=0.015035, 时长=0.26s
2025-09-20 02:57:45.358 | TRACE    | audio | add_audio_chunk:525 | 收到音频块: format=pcm, raw_size=8192 bytes, sample_rate=16000
2025-09-20 02:57:45.397 | TRACE    | audio | add_audio_chunk:577 | PCM解码完成: samples=4096
2025-09-20 02:57:45.397 | INFO     | audio | add_audio_chunk:657 | AGC已应用: 原始RMS=0.001292, 增益=10.00
2025-09-20 02:57:45.397 | DEBUG    | audio | add_audio_chunk:668 | 音频质量分析: samples=4096, max_amp=0.0348, rms_amp=0.0129, mean_amp=0.0109, non_zero_ratio=0.995, zero_ratio=0.005
2025-09-20 02:57:45.400 | DEBUG    | audio | add_audio_chunk:739 | 🎵 音频活动[中]: max_amp=0.034790 > 0.003
2025-09-20 02:57:45.400 | DEBUG    | audio | add_audio_chunk:743 | 音频块处理完成: format=pcm, samples=4096, max_amp=0.0348, rms_amp=0.0129, buffer_before=712704, buffer_after=716800, trimmed=False, processing_time=42.1ms
2025-09-20 02:57:45.414 | INFO     | audio | add_audio_chunk:775 | ✅ 标准音频输入: RMS=0.012918, 时长=0.26s
2025-09-20 02:57:45.621 | TRACE    | audio | add_audio_chunk:525 | 收到音频块: format=pcm, raw_size=8192 bytes, sample_rate=16000
2025-09-20 02:57:45.682 | TRACE    | audio | add_audio_chunk:577 | PCM解码完成: samples=4096
2025-09-20 02:57:45.683 | INFO     | audio | add_audio_chunk:657 | AGC已应用: 原始RMS=0.001322, 增益=10.00
2025-09-20 02:57:45.683 | DEBUG    | audio | add_audio_chunk:668 | 音频质量分析: samples=4096, max_amp=0.0363, rms_amp=0.0132, mean_amp=0.0106, non_zero_ratio=0.990, zero_ratio=0.010
2025-09-20 02:57:45.689 | DEBUG    | audio | add_audio_chunk:739 | 🎵 音频活动[中]: max_amp=0.036316 > 0.003
2025-09-20 02:57:45.695 | DEBUG    | audio | add_audio_chunk:743 | 音频块处理完成: format=pcm, samples=4096, max_amp=0.0363, rms_amp=0.0132, buffer_before=716800, buffer_after=720896, trimmed=False, processing_time=74.2ms
2025-09-20 02:57:45.718 | INFO     | audio | add_audio_chunk:775 | ✅ 标准音频输入: RMS=0.013218, 时长=0.26s
2025-09-20 02:57:45.878 | TRACE    | audio | add_audio_chunk:525 | 收到音频块: format=pcm, raw_size=8192 bytes, sample_rate=16000
2025-09-20 02:57:45.892 | TRACE    | audio | add_audio_chunk:577 | PCM解码完成: samples=4096
2025-09-20 02:57:45.892 | INFO     | audio | add_audio_chunk:657 | AGC已应用: 原始RMS=0.001127, 增益=10.00
2025-09-20 02:57:45.892 | DEBUG    | audio | add_audio_chunk:668 | 音频质量分析: samples=4096, max_amp=0.0327, rms_amp=0.0113, mean_amp=0.0089, non_zero_ratio=0.988, zero_ratio=0.012
2025-09-20 02:57:45.895 | DEBUG    | audio | add_audio_chunk:739 | 🎵 音频活动[中]: max_amp=0.032654 > 0.003
2025-09-20 02:57:45.895 | DEBUG    | audio | add_audio_chunk:743 | 音频块处理完成: format=pcm, samples=4096, max_amp=0.0327, rms_amp=0.0113, buffer_before=720896, buffer_after=724992, trimmed=False, processing_time=17.0ms
2025-09-20 02:57:45.901 | INFO     | audio | add_audio_chunk:775 | ✅ 标准音频输入: RMS=0.011272, 时长=0.26s
2025-09-20 02:57:46.132 | TRACE    | audio | add_audio_chunk:525 | 收到音频块: format=pcm, raw_size=8192 bytes, sample_rate=16000
2025-09-20 02:57:46.174 | TRACE    | audio | add_audio_chunk:577 | PCM解码完成: samples=4096
2025-09-20 02:57:46.175 | INFO     | audio | add_audio_chunk:657 | AGC已应用: 原始RMS=0.001196, 增益=10.00
2025-09-20 02:57:46.175 | DEBUG    | audio | add_audio_chunk:668 | 音频质量分析: samples=4096, max_amp=0.0333, rms_amp=0.0120, mean_amp=0.0101, non_zero_ratio=0.993, zero_ratio=0.007
2025-09-20 02:57:46.181 | DEBUG    | audio | add_audio_chunk:739 | 🎵 音频活动[中]: max_amp=0.033264 > 0.003
2025-09-20 02:57:46.182 | DEBUG    | audio | add_audio_chunk:743 | 音频块处理完成: format=pcm, samples=4096, max_amp=0.0333, rms_amp=0.0120, buffer_before=724992, buffer_after=729088, trimmed=False, processing_time=50.3ms
2025-09-20 02:57:46.240 | INFO     | audio | add_audio_chunk:775 | ✅ 标准音频输入: RMS=0.011961, 时长=0.26s
2025-09-20 02:57:46.392 | TRACE    | audio | add_audio_chunk:525 | 收到音频块: format=pcm, raw_size=8192 bytes, sample_rate=16000
2025-09-20 02:57:46.438 | TRACE    | audio | add_audio_chunk:577 | PCM解码完成: samples=4096
2025-09-20 02:57:46.439 | INFO     | audio | add_audio_chunk:657 | AGC已应用: 原始RMS=0.001663, 增益=10.00
2025-09-20 02:57:46.442 | DEBUG    | audio | add_audio_chunk:668 | 音频质量分析: samples=4096, max_amp=0.0430, rms_amp=0.0166, mean_amp=0.0142, non_zero_ratio=0.997, zero_ratio=0.003
2025-09-20 02:57:46.446 | DEBUG    | audio | add_audio_chunk:739 | 🎵 音频活动[中]: max_amp=0.043030 > 0.003
2025-09-20 02:57:46.447 | DEBUG    | audio | add_audio_chunk:743 | 音频块处理完成: format=pcm, samples=4096, max_amp=0.0430, rms_amp=0.0166, buffer_before=729088, buffer_after=733184, trimmed=False, processing_time=54.9ms
2025-09-20 02:57:46.485 | INFO     | audio | add_audio_chunk:775 | ✅ 标准音频输入: RMS=0.016628, 时长=0.26s
2025-09-20 02:57:46.640 | TRACE    | audio | add_audio_chunk:525 | 收到音频块: format=pcm, raw_size=8192 bytes, sample_rate=16000
2025-09-20 02:57:46.659 | TRACE    | audio | add_audio_chunk:577 | PCM解码完成: samples=4096
2025-09-20 02:57:46.659 | INFO     | audio | add_audio_chunk:657 | AGC已应用: 原始RMS=0.001502, 增益=10.00
2025-09-20 02:57:46.660 | DEBUG    | audio | add_audio_chunk:668 | 音频质量分析: samples=4096, max_amp=0.0360, rms_amp=0.0150, mean_amp=0.0133, non_zero_ratio=0.994, zero_ratio=0.006
2025-09-20 02:57:46.662 | DEBUG    | audio | add_audio_chunk:739 | 🎵 音频活动[中]: max_amp=0.036011 > 0.003
2025-09-20 02:57:46.662 | DEBUG    | audio | add_audio_chunk:743 | 音频块处理完成: format=pcm, samples=4096, max_amp=0.0360, rms_amp=0.0150, buffer_before=733184, buffer_after=737280, trimmed=False, processing_time=22.4ms
2025-09-20 02:57:46.670 | INFO     | audio | add_audio_chunk:775 | ✅ 标准音频输入: RMS=0.015016, 时长=0.26s
2025-09-20 02:57:46.899 | TRACE    | audio | add_audio_chunk:525 | 收到音频块: format=pcm, raw_size=8192 bytes, sample_rate=16000
2025-09-20 02:57:46.907 | TRACE    | audio | add_audio_chunk:577 | PCM解码完成: samples=4096
2025-09-20 02:57:46.908 | INFO     | audio | add_audio_chunk:657 | AGC已应用: 原始RMS=0.001478, 增益=10.00
2025-09-20 02:57:46.909 | DEBUG    | audio | add_audio_chunk:668 | 音频质量分析: samples=4096, max_amp=0.0372, rms_amp=0.0148, mean_amp=0.0124, non_zero_ratio=0.993, zero_ratio=0.007
2025-09-20 02:57:46.911 | DEBUG    | audio | add_audio_chunk:739 | 🎵 音频活动[中]: max_amp=0.037231 > 0.003
2025-09-20 02:57:46.911 | DEBUG    | audio | add_audio_chunk:743 | 音频块处理完成: format=pcm, samples=4096, max_amp=0.0372, rms_amp=0.0148, buffer_before=737280, buffer_after=741376, trimmed=False, processing_time=12.6ms
2025-09-20 02:57:46.920 | INFO     | audio | add_audio_chunk:775 | ✅ 标准音频输入: RMS=0.014778, 时长=0.26s
2025-09-20 02:57:47.158 | TRACE    | audio | add_audio_chunk:525 | 收到音频块: format=pcm, raw_size=8192 bytes, sample_rate=16000
2025-09-20 02:57:47.163 | TRACE    | audio | add_audio_chunk:577 | PCM解码完成: samples=4096
2025-09-20 02:57:47.163 | INFO     | audio | add_audio_chunk:657 | AGC已应用: 原始RMS=0.001119, 增益=10.00
2025-09-20 02:57:47.163 | DEBUG    | audio | add_audio_chunk:668 | 音频质量分析: samples=4096, max_amp=0.0336, rms_amp=0.0112, mean_amp=0.0093, non_zero_ratio=0.987, zero_ratio=0.013
2025-09-20 02:57:47.166 | DEBUG    | audio | add_audio_chunk:739 | 🎵 音频活动[中]: max_amp=0.033569 > 0.003
2025-09-20 02:57:47.166 | DEBUG    | audio | add_audio_chunk:743 | 音频块处理完成: format=pcm, samples=4096, max_amp=0.0336, rms_amp=0.0112, buffer_before=741376, buffer_after=745472, trimmed=False, processing_time=7.6ms
2025-09-20 02:57:47.172 | INFO     | audio | add_audio_chunk:775 | ✅ 标准音频输入: RMS=0.011187, 时长=0.26s
2025-09-20 02:57:47.417 | TRACE    | audio | add_audio_chunk:525 | 收到音频块: format=pcm, raw_size=8192 bytes, sample_rate=16000
2025-09-20 02:57:47.445 | TRACE    | audio | add_audio_chunk:577 | PCM解码完成: samples=4096
2025-09-20 02:57:47.446 | INFO     | audio | add_audio_chunk:657 | AGC已应用: 原始RMS=0.001327, 增益=10.00
2025-09-20 02:57:47.446 | DEBUG    | audio | add_audio_chunk:668 | 音频质量分析: samples=4096, max_amp=0.0409, rms_amp=0.0133, mean_amp=0.0106, non_zero_ratio=0.992, zero_ratio=0.008
2025-09-20 02:57:47.448 | DEBUG    | audio | add_audio_chunk:739 | 🎵 音频活动[中]: max_amp=0.040894 > 0.003
2025-09-20 02:57:47.448 | DEBUG    | audio | add_audio_chunk:743 | 音频块处理完成: format=pcm, samples=4096, max_amp=0.0409, rms_amp=0.0133, buffer_before=745472, buffer_after=749568, trimmed=False, processing_time=31.3ms
2025-09-20 02:57:47.471 | INFO     | audio | add_audio_chunk:775 | ✅ 标准音频输入: RMS=0.013270, 时长=0.26s
2025-09-20 02:57:47.669 | TRACE    | audio | add_audio_chunk:525 | 收到音频块: format=pcm, raw_size=8192 bytes, sample_rate=16000
2025-09-20 02:57:47.678 | TRACE    | audio | add_audio_chunk:577 | PCM解码完成: samples=4096
2025-09-20 02:57:47.681 | INFO     | audio | add_audio_chunk:657 | AGC已应用: 原始RMS=0.001211, 增益=10.00
2025-09-20 02:57:47.681 | DEBUG    | audio | add_audio_chunk:668 | 音频质量分析: samples=4096, max_amp=0.0388, rms_amp=0.0121, mean_amp=0.0099, non_zero_ratio=0.991, zero_ratio=0.009
2025-09-20 02:57:47.684 | DEBUG    | audio | add_audio_chunk:739 | 🎵 音频活动[中]: max_amp=0.038757 > 0.003
2025-09-20 02:57:47.686 | DEBUG    | audio | add_audio_chunk:743 | 音频块处理完成: format=pcm, samples=4096, max_amp=0.0388, rms_amp=0.0121, buffer_before=749568, buffer_after=753664, trimmed=False, processing_time=17.0ms
2025-09-20 02:57:47.700 | INFO     | audio | add_audio_chunk:775 | ✅ 标准音频输入: RMS=0.012115, 时长=0.26s
2025-09-20 02:57:47.920 | TRACE    | audio | add_audio_chunk:525 | 收到音频块: format=pcm, raw_size=8192 bytes, sample_rate=16000
2025-09-20 02:57:47.934 | TRACE    | audio | add_audio_chunk:577 | PCM解码完成: samples=4096
2025-09-20 02:57:47.935 | INFO     | audio | add_audio_chunk:657 | AGC已应用: 原始RMS=0.001675, 增益=10.00
2025-09-20 02:57:47.937 | DEBUG    | audio | add_audio_chunk:668 | 音频质量分析: samples=4096, max_amp=0.0818, rms_amp=0.0167, mean_amp=0.0125, non_zero_ratio=0.992, zero_ratio=0.008
2025-09-20 02:57:47.943 | DEBUG    | audio | add_audio_chunk:739 | 🎵 音频活动[中]: max_amp=0.081787 > 0.003
2025-09-20 02:57:47.943 | DEBUG    | audio | add_audio_chunk:743 | 音频块处理完成: format=pcm, samples=4096, max_amp=0.0818, rms_amp=0.0167, buffer_before=753664, buffer_after=757760, trimmed=False, processing_time=23.2ms
2025-09-20 02:57:47.959 | INFO     | audio | add_audio_chunk:775 | ✅ 标准音频输入: RMS=0.016748, 时长=0.26s
2025-09-20 02:57:48.179 | TRACE    | audio | add_audio_chunk:525 | 收到音频块: format=pcm, raw_size=8192 bytes, sample_rate=16000
2025-09-20 02:57:48.182 | TRACE    | audio | add_audio_chunk:577 | PCM解码完成: samples=4096
2025-09-20 02:57:48.183 | INFO     | audio | add_audio_chunk:657 | AGC已应用: 原始RMS=0.001866, 增益=10.00
2025-09-20 02:57:48.183 | DEBUG    | audio | add_audio_chunk:668 | 音频质量分析: samples=4096, max_amp=0.0467, rms_amp=0.0187, mean_amp=0.0160, non_zero_ratio=0.997, zero_ratio=0.003
2025-09-20 02:57:48.185 | DEBUG    | audio | add_audio_chunk:739 | 🎵 音频活动[中]: max_amp=0.046692 > 0.003
2025-09-20 02:57:48.185 | DEBUG    | audio | add_audio_chunk:743 | 音频块处理完成: format=pcm, samples=4096, max_amp=0.0467, rms_amp=0.0187, buffer_before=757760, buffer_after=761856, trimmed=False, processing_time=6.7ms
2025-09-20 02:57:48.191 | INFO     | audio | add_audio_chunk:775 | ✅ 标准音频输入: RMS=0.018665, 时长=0.26s
2025-09-20 02:57:48.439 | TRACE    | audio | add_audio_chunk:525 | 收到音频块: format=pcm, raw_size=8192 bytes, sample_rate=16000
2025-09-20 02:57:48.474 | TRACE    | audio | add_audio_chunk:577 | PCM解码完成: samples=4096
2025-09-20 02:57:48.474 | INFO     | audio | add_audio_chunk:657 | AGC已应用: 原始RMS=0.001610, 增益=10.00
2025-09-20 02:57:48.475 | DEBUG    | audio | add_audio_chunk:668 | 音频质量分析: samples=4096, max_amp=0.0458, rms_amp=0.0161, mean_amp=0.0132, non_zero_ratio=0.992, zero_ratio=0.008
2025-09-20 02:57:48.477 | DEBUG    | audio | add_audio_chunk:739 | 🎵 音频活动[中]: max_amp=0.045776 > 0.003
2025-09-20 02:57:48.477 | DEBUG    | audio | add_audio_chunk:743 | 音频块处理完成: format=pcm, samples=4096, max_amp=0.0458, rms_amp=0.0161, buffer_before=761856, buffer_after=765952, trimmed=False, processing_time=37.5ms
2025-09-20 02:57:48.483 | INFO     | audio | add_audio_chunk:775 | ✅ 标准音频输入: RMS=0.016104, 时长=0.26s
2025-09-20 02:57:48.714 | TRACE    | audio | add_audio_chunk:525 | 收到音频块: format=pcm, raw_size=8192 bytes, sample_rate=16000
2025-09-20 02:57:48.762 | TRACE    | audio | add_audio_chunk:577 | PCM解码完成: samples=4096
2025-09-20 02:57:48.764 | INFO     | audio | add_audio_chunk:657 | AGC已应用: 原始RMS=0.001471, 增益=10.00
2025-09-20 02:57:48.764 | DEBUG    | audio | add_audio_chunk:668 | 音频质量分析: samples=4096, max_amp=0.0394, rms_amp=0.0147, mean_amp=0.0123, non_zero_ratio=0.993, zero_ratio=0.007
2025-09-20 02:57:48.768 | DEBUG    | audio | add_audio_chunk:739 | 🎵 音频活动[中]: max_amp=0.039368 > 0.003
2025-09-20 02:57:48.768 | DEBUG    | audio | add_audio_chunk:743 | 音频块处理完成: format=pcm, samples=4096, max_amp=0.0394, rms_amp=0.0147, buffer_before=765952, buffer_after=770048, trimmed=False, processing_time=54.1ms
2025-09-20 02:57:48.807 | INFO     | audio | add_audio_chunk:775 | ✅ 标准音频输入: RMS=0.014709, 时长=0.26s
2025-09-20 02:57:48.959 | TRACE    | audio | add_audio_chunk:525 | 收到音频块: format=pcm, raw_size=8192 bytes, sample_rate=16000
2025-09-20 02:57:48.964 | TRACE    | audio | add_audio_chunk:577 | PCM解码完成: samples=4096
2025-09-20 02:57:48.964 | INFO     | audio | add_audio_chunk:657 | AGC已应用: 原始RMS=0.001357, 增益=10.00
2025-09-20 02:57:48.964 | DEBUG    | audio | add_audio_chunk:668 | 音频质量分析: samples=4096, max_amp=0.0372, rms_amp=0.0136, mean_amp=0.0111, non_zero_ratio=0.990, zero_ratio=0.010
2025-09-20 02:57:48.967 | DEBUG    | audio | add_audio_chunk:739 | 🎵 音频活动[中]: max_amp=0.037231 > 0.003
2025-09-20 02:57:48.967 | DEBUG    | audio | add_audio_chunk:743 | 音频块处理完成: format=pcm, samples=4096, max_amp=0.0372, rms_amp=0.0136, buffer_before=770048, buffer_after=774144, trimmed=False, processing_time=7.8ms
2025-09-20 02:57:48.974 | INFO     | audio | add_audio_chunk:775 | ✅ 标准音频输入: RMS=0.013566, 时长=0.26s
2025-09-20 02:57:49.208 | TRACE    | audio | add_audio_chunk:525 | 收到音频块: format=pcm, raw_size=8192 bytes, sample_rate=16000
2025-09-20 02:57:49.212 | TRACE    | audio | add_audio_chunk:577 | PCM解码完成: samples=4096
2025-09-20 02:57:49.212 | INFO     | audio | add_audio_chunk:657 | AGC已应用: 原始RMS=0.000940, 增益=10.00
2025-09-20 02:57:49.212 | DEBUG    | audio | add_audio_chunk:668 | 音频质量分析: samples=4096, max_amp=0.0293, rms_amp=0.0094, mean_amp=0.0078, non_zero_ratio=0.988, zero_ratio=0.012
2025-09-20 02:57:49.214 | DEBUG    | audio | add_audio_chunk:739 | 🎵 音频活动[低]: max_amp=0.029297 > 0.003
2025-09-20 02:57:49.215 | DEBUG    | audio | add_audio_chunk:743 | 音频块处理完成: format=pcm, samples=4096, max_amp=0.0293, rms_amp=0.0094, buffer_before=774144, buffer_after=778240, trimmed=False, processing_time=6.9ms
2025-09-20 02:57:49.221 | DEBUG    | audio | add_audio_chunk:777 | 🔉 轻声音频输入: RMS=0.009402, 时长=0.26s
2025-09-20 02:57:49.468 | TRACE    | audio | add_audio_chunk:525 | 收到音频块: format=pcm, raw_size=8192 bytes, sample_rate=16000
2025-09-20 02:57:49.473 | TRACE    | audio | add_audio_chunk:577 | PCM解码完成: samples=4096
2025-09-20 02:57:49.474 | INFO     | audio | add_audio_chunk:657 | AGC已应用: 原始RMS=0.001113, 增益=10.00
2025-09-20 02:57:49.474 | DEBUG    | audio | add_audio_chunk:668 | 音频质量分析: samples=4096, max_amp=0.0348, rms_amp=0.0111, mean_amp=0.0090, non_zero_ratio=0.987, zero_ratio=0.013
2025-09-20 02:57:49.476 | DEBUG    | audio | add_audio_chunk:739 | 🎵 音频活动[中]: max_amp=0.034790 > 0.003
2025-09-20 02:57:49.477 | DEBUG    | audio | add_audio_chunk:743 | 音频块处理完成: format=pcm, samples=4096, max_amp=0.0348, rms_amp=0.0111, buffer_before=778240, buffer_after=782336, trimmed=False, processing_time=8.1ms
2025-09-20 02:57:49.483 | INFO     | audio | add_audio_chunk:775 | ✅ 标准音频输入: RMS=0.011133, 时长=0.26s
2025-09-20 02:57:49.719 | TRACE    | audio | add_audio_chunk:525 | 收到音频块: format=pcm, raw_size=8192 bytes, sample_rate=16000
2025-09-20 02:57:49.722 | TRACE    | audio | add_audio_chunk:577 | PCM解码完成: samples=4096
2025-09-20 02:57:49.722 | INFO     | audio | add_audio_chunk:657 | AGC已应用: 原始RMS=0.001131, 增益=10.00
2025-09-20 02:57:49.723 | DEBUG    | audio | add_audio_chunk:668 | 音频质量分析: samples=4096, max_amp=0.0293, rms_amp=0.0113, mean_amp=0.0096, non_zero_ratio=0.990, zero_ratio=0.010
2025-09-20 02:57:49.725 | DEBUG    | audio | add_audio_chunk:739 | 🎵 音频活动[低]: max_amp=0.029297 > 0.003
2025-09-20 02:57:49.725 | DEBUG    | audio | add_audio_chunk:743 | 音频块处理完成: format=pcm, samples=4096, max_amp=0.0293, rms_amp=0.0113, buffer_before=782336, buffer_after=786432, trimmed=False, processing_time=7.0ms
2025-09-20 02:57:49.732 | INFO     | audio | add_audio_chunk:775 | ✅ 标准音频输入: RMS=0.011311, 时长=0.26s
2025-09-20 02:57:49.979 | TRACE    | audio | add_audio_chunk:525 | 收到音频块: format=pcm, raw_size=8192 bytes, sample_rate=16000
2025-09-20 02:57:50.002 | TRACE    | audio | add_audio_chunk:577 | PCM解码完成: samples=4096
2025-09-20 02:57:50.002 | INFO     | audio | add_audio_chunk:657 | AGC已应用: 原始RMS=0.001407, 增益=10.00
2025-09-20 02:57:50.002 | DEBUG    | audio | add_audio_chunk:668 | 音频质量分析: samples=4096, max_amp=0.0339, rms_amp=0.0141, mean_amp=0.0122, non_zero_ratio=0.995, zero_ratio=0.005
2025-09-20 02:57:50.005 | DEBUG    | audio | add_audio_chunk:739 | 🎵 音频活动[中]: max_amp=0.033875 > 0.003
2025-09-20 02:57:50.005 | DEBUG    | audio | add_audio_chunk:743 | 音频块处理完成: format=pcm, samples=4096, max_amp=0.0339, rms_amp=0.0141, buffer_before=786432, buffer_after=790528, trimmed=False, processing_time=26.1ms
2025-09-20 02:57:50.014 | INFO     | audio | add_audio_chunk:775 | ✅ 标准音频输入: RMS=0.014071, 时长=0.26s
2025-09-20 02:57:50.238 | TRACE    | audio | add_audio_chunk:525 | 收到音频块: format=pcm, raw_size=8192 bytes, sample_rate=16000
2025-09-20 02:57:50.243 | TRACE    | audio | add_audio_chunk:577 | PCM解码完成: samples=4096
2025-09-20 02:57:50.244 | INFO     | audio | add_audio_chunk:657 | AGC已应用: 原始RMS=0.001591, 增益=10.00
2025-09-20 02:57:50.244 | DEBUG    | audio | add_audio_chunk:668 | 音频质量分析: samples=4096, max_amp=0.0351, rms_amp=0.0159, mean_amp=0.0136, non_zero_ratio=0.993, zero_ratio=0.007
2025-09-20 02:57:50.246 | DEBUG    | audio | add_audio_chunk:739 | 🎵 音频活动[中]: max_amp=0.035095 > 0.003
2025-09-20 02:57:50.247 | DEBUG    | audio | add_audio_chunk:743 | 音频块处理完成: format=pcm, samples=4096, max_amp=0.0351, rms_amp=0.0159, buffer_before=790528, buffer_after=794624, trimmed=False, processing_time=9.1ms
2025-09-20 02:57:50.260 | INFO     | audio | add_audio_chunk:775 | ✅ 标准音频输入: RMS=0.015911, 时长=0.26s
2025-09-20 02:57:50.517 | TRACE    | audio | add_audio_chunk:525 | 收到音频块: format=pcm, raw_size=8192 bytes, sample_rate=16000
2025-09-20 02:57:50.586 | TRACE    | audio | add_audio_chunk:577 | PCM解码完成: samples=4096
2025-09-20 02:57:50.590 | INFO     | audio | add_audio_chunk:657 | AGC已应用: 原始RMS=0.001745, 增益=10.00
2025-09-20 02:57:50.591 | DEBUG    | audio | add_audio_chunk:668 | 音频质量分析: samples=4096, max_amp=0.0439, rms_amp=0.0174, mean_amp=0.0143, non_zero_ratio=0.994, zero_ratio=0.006
2025-09-20 02:57:50.594 | DEBUG    | audio | add_audio_chunk:739 | 🎵 音频活动[中]: max_amp=0.043945 > 0.003
2025-09-20 02:57:50.602 | DEBUG    | audio | add_audio_chunk:743 | 音频块处理完成: format=pcm, samples=4096, max_amp=0.0439, rms_amp=0.0174, buffer_before=794624, buffer_after=798720, trimmed=False, processing_time=84.7ms
2025-09-20 02:57:50.653 | INFO     | audio | add_audio_chunk:775 | ✅ 标准音频输入: RMS=0.017447, 时长=0.26s
2025-09-20 02:57:50.757 | TRACE    | audio | add_audio_chunk:525 | 收到音频块: format=pcm, raw_size=8192 bytes, sample_rate=16000
2025-09-20 02:57:50.761 | TRACE    | audio | add_audio_chunk:577 | PCM解码完成: samples=4096
2025-09-20 02:57:50.761 | INFO     | audio | add_audio_chunk:657 | AGC已应用: 原始RMS=0.001430, 增益=10.00
2025-09-20 02:57:50.761 | DEBUG    | audio | add_audio_chunk:668 | 音频质量分析: samples=4096, max_amp=0.0455, rms_amp=0.0143, mean_amp=0.0118, non_zero_ratio=0.993, zero_ratio=0.007
2025-09-20 02:57:50.764 | DEBUG    | audio | add_audio_chunk:739 | 🎵 音频活动[中]: max_amp=0.045471 > 0.003
2025-09-20 02:57:50.764 | DEBUG    | audio | add_audio_chunk:743 | 音频块处理完成: format=pcm, samples=4096, max_amp=0.0455, rms_amp=0.0143, buffer_before=798720, buffer_after=802816, trimmed=False, processing_time=7.3ms
2025-09-20 02:57:50.772 | INFO     | audio | add_audio_chunk:775 | ✅ 标准音频输入: RMS=0.014296, 时长=0.26s
2025-09-20 02:57:51.018 | TRACE    | audio | add_audio_chunk:525 | 收到音频块: format=pcm, raw_size=8192 bytes, sample_rate=16000
2025-09-20 02:57:51.027 | TRACE    | audio | add_audio_chunk:577 | PCM解码完成: samples=4096
2025-09-20 02:57:51.029 | INFO     | audio | add_audio_chunk:657 | AGC已应用: 原始RMS=0.000870, 增益=10.00
2025-09-20 02:57:51.031 | DEBUG    | audio | add_audio_chunk:668 | 音频质量分析: samples=4096, max_amp=0.0238, rms_amp=0.0087, mean_amp=0.0072, non_zero_ratio=0.987, zero_ratio=0.013
2025-09-20 02:57:51.035 | DEBUG    | audio | add_audio_chunk:739 | 🎵 音频活动[低]: max_amp=0.023804 > 0.003
2025-09-20 02:57:51.035 | DEBUG    | audio | add_audio_chunk:743 | 音频块处理完成: format=pcm, samples=4096, max_amp=0.0238, rms_amp=0.0087, buffer_before=802816, buffer_after=806912, trimmed=False, processing_time=17.5ms
2025-09-20 02:57:51.061 | DEBUG    | audio | add_audio_chunk:777 | 🔉 轻声音频输入: RMS=0.008705, 时长=0.26s
2025-09-20 02:57:51.278 | TRACE    | audio | add_audio_chunk:525 | 收到音频块: format=pcm, raw_size=8192 bytes, sample_rate=16000
2025-09-20 02:57:51.283 | TRACE    | audio | add_audio_chunk:577 | PCM解码完成: samples=4096
2025-09-20 02:57:51.283 | INFO     | audio | add_audio_chunk:657 | AGC已应用: 原始RMS=0.001002, 增益=10.00
2025-09-20 02:57:51.283 | DEBUG    | audio | add_audio_chunk:668 | 音频质量分析: samples=4096, max_amp=0.0369, rms_amp=0.0100, mean_amp=0.0082, non_zero_ratio=0.988, zero_ratio=0.012
2025-09-20 02:57:51.287 | DEBUG    | audio | add_audio_chunk:739 | 🎵 音频活动[中]: max_amp=0.036926 > 0.003
2025-09-20 02:57:51.287 | DEBUG    | audio | add_audio_chunk:743 | 音频块处理完成: format=pcm, samples=4096, max_amp=0.0369, rms_amp=0.0100, buffer_before=806912, buffer_after=811008, trimmed=False, processing_time=9.2ms
2025-09-20 02:57:51.320 | INFO     | audio | add_audio_chunk:775 | ✅ 标准音频输入: RMS=0.010018, 时长=0.26s
2025-09-20 02:57:51.537 | TRACE    | audio | add_audio_chunk:525 | 收到音频块: format=pcm, raw_size=8192 bytes, sample_rate=16000
2025-09-20 02:57:51.556 | TRACE    | audio | add_audio_chunk:577 | PCM解码完成: samples=4096
2025-09-20 02:57:51.557 | INFO     | audio | add_audio_chunk:657 | AGC已应用: 原始RMS=0.001441, 增益=10.00
2025-09-20 02:57:51.557 | DEBUG    | audio | add_audio_chunk:668 | 音频质量分析: samples=4096, max_amp=0.0415, rms_amp=0.0144, mean_amp=0.0117, non_zero_ratio=0.993, zero_ratio=0.007
2025-09-20 02:57:51.560 | DEBUG    | audio | add_audio_chunk:739 | 🎵 音频活动[中]: max_amp=0.041504 > 0.003
2025-09-20 02:57:51.561 | DEBUG    | audio | add_audio_chunk:743 | 音频块处理完成: format=pcm, samples=4096, max_amp=0.0415, rms_amp=0.0144, buffer_before=811008, buffer_after=815104, trimmed=False, processing_time=24.4ms
2025-09-20 02:57:51.582 | INFO     | audio | add_audio_chunk:775 | ✅ 标准音频输入: RMS=0.014411, 时长=0.26s
2025-09-20 02:57:51.803 | TRACE    | audio | add_audio_chunk:525 | 收到音频块: format=pcm, raw_size=8192 bytes, sample_rate=16000
2025-09-20 02:57:51.846 | TRACE    | audio | add_audio_chunk:577 | PCM解码完成: samples=4096
2025-09-20 02:57:51.846 | INFO     | audio | add_audio_chunk:657 | AGC已应用: 原始RMS=0.001608, 增益=10.00
2025-09-20 02:57:51.847 | DEBUG    | audio | add_audio_chunk:668 | 音频质量分析: samples=4096, max_amp=0.0497, rms_amp=0.0161, mean_amp=0.0132, non_zero_ratio=0.993, zero_ratio=0.007
2025-09-20 02:57:51.849 | DEBUG    | audio | add_audio_chunk:739 | 🎵 音频活动[中]: max_amp=0.049744 > 0.003
2025-09-20 02:57:51.849 | DEBUG    | audio | add_audio_chunk:743 | 音频块处理完成: format=pcm, samples=4096, max_amp=0.0497, rms_amp=0.0161, buffer_before=815104, buffer_after=819200, trimmed=False, processing_time=46.6ms
2025-09-20 02:57:51.856 | INFO     | audio | add_audio_chunk:775 | ✅ 标准音频输入: RMS=0.016084, 时长=0.26s
2025-09-20 02:57:52.058 | TRACE    | audio | add_audio_chunk:525 | 收到音频块: format=pcm, raw_size=8192 bytes, sample_rate=16000
2025-09-20 02:57:52.063 | TRACE    | audio | add_audio_chunk:577 | PCM解码完成: samples=4096
2025-09-20 02:57:52.063 | INFO     | audio | add_audio_chunk:657 | AGC已应用: 原始RMS=0.001882, 增益=10.00
2025-09-20 02:57:52.063 | DEBUG    | audio | add_audio_chunk:668 | 音频质量分析: samples=4096, max_amp=0.0494, rms_amp=0.0188, mean_amp=0.0155, non_zero_ratio=0.995, zero_ratio=0.005
2025-09-20 02:57:52.066 | DEBUG    | audio | add_audio_chunk:739 | 🎵 音频活动[中]: max_amp=0.049438 > 0.003
2025-09-20 02:57:52.066 | DEBUG    | audio | add_audio_chunk:743 | 音频块处理完成: format=pcm, samples=4096, max_amp=0.0494, rms_amp=0.0188, buffer_before=819200, buffer_after=823296, trimmed=False, processing_time=7.6ms
2025-09-20 02:57:52.079 | INFO     | audio | add_audio_chunk:775 | ✅ 标准音频输入: RMS=0.018823, 时长=0.26s
2025-09-20 02:57:52.318 | TRACE    | audio | add_audio_chunk:525 | 收到音频块: format=pcm, raw_size=8192 bytes, sample_rate=16000
2025-09-20 02:57:52.329 | TRACE    | audio | add_audio_chunk:577 | PCM解码完成: samples=4096
2025-09-20 02:57:52.330 | INFO     | audio | add_audio_chunk:657 | AGC已应用: 原始RMS=0.001763, 增益=10.00
2025-09-20 02:57:52.330 | DEBUG    | audio | add_audio_chunk:668 | 音频质量分析: samples=4096, max_amp=0.0543, rms_amp=0.0176, mean_amp=0.0143, non_zero_ratio=0.992, zero_ratio=0.008
2025-09-20 02:57:52.334 | DEBUG    | audio | add_audio_chunk:739 | 🎵 音频活动[中]: max_amp=0.054321 > 0.003
2025-09-20 02:57:52.334 | DEBUG    | audio | add_audio_chunk:743 | 音频块处理完成: format=pcm, samples=4096, max_amp=0.0543, rms_amp=0.0176, buffer_before=823296, buffer_after=827392, trimmed=False, processing_time=15.9ms
2025-09-20 02:57:52.349 | INFO     | audio | add_audio_chunk:775 | ✅ 标准音频输入: RMS=0.017626, 时长=0.26s
2025-09-20 02:57:52.569 | TRACE    | audio | add_audio_chunk:525 | 收到音频块: format=pcm, raw_size=8192 bytes, sample_rate=16000
2025-09-20 02:57:52.575 | TRACE    | audio | add_audio_chunk:577 | PCM解码完成: samples=4096
2025-09-20 02:57:52.575 | INFO     | audio | add_audio_chunk:657 | AGC已应用: 原始RMS=0.001570, 增益=10.00
2025-09-20 02:57:52.575 | DEBUG    | audio | add_audio_chunk:668 | 音频质量分析: samples=4096, max_amp=0.0467, rms_amp=0.0157, mean_amp=0.0127, non_zero_ratio=0.995, zero_ratio=0.005
2025-09-20 02:57:52.578 | DEBUG    | audio | add_audio_chunk:739 | 🎵 音频活动[中]: max_amp=0.046692 > 0.003
2025-09-20 02:57:52.578 | DEBUG    | audio | add_audio_chunk:743 | 音频块处理完成: format=pcm, samples=4096, max_amp=0.0467, rms_amp=0.0157, buffer_before=827392, buffer_after=831488, trimmed=False, processing_time=8.8ms
2025-09-20 02:57:52.585 | INFO     | audio | add_audio_chunk:775 | ✅ 标准音频输入: RMS=0.015698, 时长=0.26s
2025-09-20 02:57:52.830 | TRACE    | audio | add_audio_chunk:525 | 收到音频块: format=pcm, raw_size=8192 bytes, sample_rate=16000
2025-09-20 02:57:52.841 | TRACE    | audio | add_audio_chunk:577 | PCM解码完成: samples=4096
2025-09-20 02:57:52.841 | INFO     | audio | add_audio_chunk:657 | AGC已应用: 原始RMS=0.001057, 增益=10.00
2025-09-20 02:57:52.841 | DEBUG    | audio | add_audio_chunk:668 | 音频质量分析: samples=4096, max_amp=0.0290, rms_amp=0.0106, mean_amp=0.0086, non_zero_ratio=0.994, zero_ratio=0.006
2025-09-20 02:57:52.844 | DEBUG    | audio | add_audio_chunk:739 | 🎵 音频活动[低]: max_amp=0.028992 > 0.003
2025-09-20 02:57:52.844 | DEBUG    | audio | add_audio_chunk:743 | 音频块处理完成: format=pcm, samples=4096, max_amp=0.0290, rms_amp=0.0106, buffer_before=831488, buffer_after=835584, trimmed=False, processing_time=13.7ms
2025-09-20 02:57:52.851 | INFO     | audio | add_audio_chunk:775 | ✅ 标准音频输入: RMS=0.010574, 时长=0.26s
2025-09-20 02:57:53.078 | TRACE    | audio | add_audio_chunk:525 | 收到音频块: format=pcm, raw_size=8192 bytes, sample_rate=16000
2025-09-20 02:57:53.082 | TRACE    | audio | add_audio_chunk:577 | PCM解码完成: samples=4096
2025-09-20 02:57:53.082 | INFO     | audio | add_audio_chunk:657 | AGC已应用: 原始RMS=0.000903, 增益=10.00
2025-09-20 02:57:53.082 | DEBUG    | audio | add_audio_chunk:668 | 音频质量分析: samples=4096, max_amp=0.0372, rms_amp=0.0090, mean_amp=0.0072, non_zero_ratio=0.987, zero_ratio=0.013
2025-09-20 02:57:53.084 | DEBUG    | audio | add_audio_chunk:739 | 🎵 音频活动[中]: max_amp=0.037231 > 0.003
2025-09-20 02:57:53.084 | DEBUG    | audio | add_audio_chunk:743 | 音频块处理完成: format=pcm, samples=4096, max_amp=0.0372, rms_amp=0.0090, buffer_before=835584, buffer_after=839680, trimmed=False, processing_time=6.5ms
2025-09-20 02:57:53.091 | DEBUG    | audio | add_audio_chunk:777 | 🔉 轻声音频输入: RMS=0.009028, 时长=0.26s
2025-09-20 02:57:53.337 | TRACE    | audio | add_audio_chunk:525 | 收到音频块: format=pcm, raw_size=8192 bytes, sample_rate=16000
2025-09-20 02:57:53.342 | TRACE    | audio | add_audio_chunk:577 | PCM解码完成: samples=4096
2025-09-20 02:57:53.342 | INFO     | audio | add_audio_chunk:657 | AGC已应用: 原始RMS=0.001374, 增益=10.00
2025-09-20 02:57:53.343 | DEBUG    | audio | add_audio_chunk:668 | 音频质量分析: samples=4096, max_amp=0.0406, rms_amp=0.0137, mean_amp=0.0109, non_zero_ratio=0.992, zero_ratio=0.008
2025-09-20 02:57:53.345 | DEBUG    | audio | add_audio_chunk:739 | 🎵 音频活动[中]: max_amp=0.040588 > 0.003
2025-09-20 02:57:53.346 | DEBUG    | audio | add_audio_chunk:743 | 音频块处理完成: format=pcm, samples=4096, max_amp=0.0406, rms_amp=0.0137, buffer_before=839680, buffer_after=843776, trimmed=False, processing_time=8.2ms
2025-09-20 02:57:53.353 | INFO     | audio | add_audio_chunk:775 | ✅ 标准音频输入: RMS=0.013740, 时长=0.26s
2025-09-20 02:57:53.597 | TRACE    | audio | add_audio_chunk:525 | 收到音频块: format=pcm, raw_size=8192 bytes, sample_rate=16000
2025-09-20 02:57:53.601 | TRACE    | audio | add_audio_chunk:577 | PCM解码完成: samples=4096
2025-09-20 02:57:53.601 | INFO     | audio | add_audio_chunk:657 | AGC已应用: 原始RMS=0.001334, 增益=10.00
2025-09-20 02:57:53.602 | DEBUG    | audio | add_audio_chunk:668 | 音频质量分析: samples=4096, max_amp=0.0366, rms_amp=0.0133, mean_amp=0.0110, non_zero_ratio=0.992, zero_ratio=0.008
2025-09-20 02:57:53.604 | DEBUG    | audio | add_audio_chunk:739 | 🎵 音频活动[中]: max_amp=0.036621 > 0.003
2025-09-20 02:57:53.604 | DEBUG    | audio | add_audio_chunk:743 | 音频块处理完成: format=pcm, samples=4096, max_amp=0.0366, rms_amp=0.0133, buffer_before=843776, buffer_after=847872, trimmed=False, processing_time=6.7ms
2025-09-20 02:57:53.610 | INFO     | audio | add_audio_chunk:775 | ✅ 标准音频输入: RMS=0.013343, 时长=0.26s
2025-09-20 02:57:53.848 | TRACE    | audio | add_audio_chunk:525 | 收到音频块: format=pcm, raw_size=8192 bytes, sample_rate=16000
2025-09-20 02:57:53.855 | TRACE    | audio | add_audio_chunk:577 | PCM解码完成: samples=4096
2025-09-20 02:57:53.855 | INFO     | audio | add_audio_chunk:657 | AGC已应用: 原始RMS=0.001504, 增益=10.00
2025-09-20 02:57:53.855 | DEBUG    | audio | add_audio_chunk:668 | 音频质量分析: samples=4096, max_amp=0.0360, rms_amp=0.0150, mean_amp=0.0128, non_zero_ratio=0.995, zero_ratio=0.005
2025-09-20 02:57:53.858 | DEBUG    | audio | add_audio_chunk:739 | 🎵 音频活动[中]: max_amp=0.036011 > 0.003
2025-09-20 02:57:53.858 | DEBUG    | audio | add_audio_chunk:743 | 音频块处理完成: format=pcm, samples=4096, max_amp=0.0360, rms_amp=0.0150, buffer_before=847872, buffer_after=851968, trimmed=False, processing_time=10.3ms
2025-09-20 02:57:53.866 | INFO     | audio | add_audio_chunk:775 | ✅ 标准音频输入: RMS=0.015041, 时长=0.26s
2025-09-20 02:57:54.106 | TRACE    | audio | add_audio_chunk:525 | 收到音频块: format=pcm, raw_size=8192 bytes, sample_rate=16000
2025-09-20 02:57:54.114 | TRACE    | audio | add_audio_chunk:577 | PCM解码完成: samples=4096
2025-09-20 02:57:54.115 | INFO     | audio | add_audio_chunk:657 | AGC已应用: 原始RMS=0.001599, 增益=10.00
2025-09-20 02:57:54.115 | DEBUG    | audio | add_audio_chunk:668 | 音频质量分析: samples=4096, max_amp=0.0424, rms_amp=0.0160, mean_amp=0.0136, non_zero_ratio=0.995, zero_ratio=0.005
2025-09-20 02:57:54.117 | DEBUG    | audio | add_audio_chunk:739 | 🎵 音频活动[中]: max_amp=0.042419 > 0.003
2025-09-20 02:57:54.117 | DEBUG    | audio | add_audio_chunk:743 | 音频块处理完成: format=pcm, samples=4096, max_amp=0.0424, rms_amp=0.0160, buffer_before=851968, buffer_after=856064, trimmed=False, processing_time=10.9ms
2025-09-20 02:57:54.124 | INFO     | audio | add_audio_chunk:775 | ✅ 标准音频输入: RMS=0.015994, 时长=0.26s
2025-09-20 02:57:54.357 | TRACE    | audio | add_audio_chunk:525 | 收到音频块: format=pcm, raw_size=8192 bytes, sample_rate=16000
2025-09-20 02:57:54.361 | TRACE    | audio | add_audio_chunk:577 | PCM解码完成: samples=4096
2025-09-20 02:57:54.361 | INFO     | audio | add_audio_chunk:657 | AGC已应用: 原始RMS=0.001764, 增益=10.00
2025-09-20 02:57:54.361 | DEBUG    | audio | add_audio_chunk:668 | 音频质量分析: samples=4096, max_amp=0.0467, rms_amp=0.0176, mean_amp=0.0140, non_zero_ratio=0.992, zero_ratio=0.008
2025-09-20 02:57:54.364 | DEBUG    | audio | add_audio_chunk:739 | 🎵 音频活动[中]: max_amp=0.046692 > 0.003
2025-09-20 02:57:54.364 | DEBUG    | audio | add_audio_chunk:743 | 音频块处理完成: format=pcm, samples=4096, max_amp=0.0467, rms_amp=0.0176, buffer_before=856064, buffer_after=860160, trimmed=False, processing_time=6.6ms
2025-09-20 02:57:54.370 | INFO     | audio | add_audio_chunk:775 | ✅ 标准音频输入: RMS=0.017642, 时长=0.26s
2025-09-20 02:57:54.618 | TRACE    | audio | add_audio_chunk:525 | 收到音频块: format=pcm, raw_size=8192 bytes, sample_rate=16000
2025-09-20 02:57:54.622 | TRACE    | audio | add_audio_chunk:577 | PCM解码完成: samples=4096
2025-09-20 02:57:54.622 | INFO     | audio | add_audio_chunk:657 | AGC已应用: 原始RMS=0.001986, 增益=10.00
2025-09-20 02:57:54.622 | DEBUG    | audio | add_audio_chunk:668 | 音频质量分析: samples=4096, max_amp=0.0629, rms_amp=0.0199, mean_amp=0.0163, non_zero_ratio=0.996, zero_ratio=0.004
2025-09-20 02:57:54.625 | DEBUG    | audio | add_audio_chunk:739 | 🎵 音频活动[中]: max_amp=0.062866 > 0.003
2025-09-20 02:57:54.625 | DEBUG    | audio | add_audio_chunk:743 | 音频块处理完成: format=pcm, samples=4096, max_amp=0.0629, rms_amp=0.0199, buffer_before=860160, buffer_after=864256, trimmed=False, processing_time=6.9ms
2025-09-20 02:57:54.632 | INFO     | audio | add_audio_chunk:775 | ✅ 标准音频输入: RMS=0.019860, 时长=0.26s
2025-09-20 02:57:54.878 | TRACE    | audio | add_audio_chunk:525 | 收到音频块: format=pcm, raw_size=8192 bytes, sample_rate=16000
2025-09-20 02:57:54.883 | TRACE    | audio | add_audio_chunk:577 | PCM解码完成: samples=4096
2025-09-20 02:57:54.883 | INFO     | audio | add_audio_chunk:657 | AGC已应用: 原始RMS=0.002056, 增益=10.00
2025-09-20 02:57:54.883 | DEBUG    | audio | add_audio_chunk:668 | 音频质量分析: samples=4096, max_amp=0.1062, rms_amp=0.0206, mean_amp=0.0151, non_zero_ratio=0.995, zero_ratio=0.005
2025-09-20 02:57:54.885 | DEBUG    | audio | add_audio_chunk:739 | 🎵 音频活动[高]: max_amp=0.106201 > 0.003
2025-09-20 02:57:54.886 | DEBUG    | audio | add_audio_chunk:743 | 音频块处理完成: format=pcm, samples=4096, max_amp=0.1062, rms_amp=0.0206, buffer_before=864256, buffer_after=868352, trimmed=False, processing_time=8.0ms
2025-09-20 02:57:54.892 | INFO     | audio | add_audio_chunk:775 | ✅ 标准音频输入: RMS=0.020559, 时长=0.26s
2025-09-20 02:57:54.971 | INFO     | audio | save_original_audio_files:1226 | 🎤 原始音频统计: 1736704 bytes, 868352 样本, 54.27秒, 采样率16000Hz
2025-09-20 02:57:54.986 | INFO     | audio | save_original_audio_files:1232 | 💾 原始PCM已保存: /mnt/d/WorkSpace/code/2025/smartvoice/data/temp/session_d021721b/original_raw.pcm
2025-09-20 02:57:55.061 | ERROR    | audio | save_original_audio_files:1269 | 原始WAV生成失败: Object of type float32 is not JSON serializable
2025-09-20 02:57:55.063 | ERROR    | audio | save_original_audio_files:1271 | Traceback (most recent call last):
  File "/mnt/d/WorkSpace/code/evoice-versions/base/e-voice/server/session.py", line 1254, in save_original_audio_files
    json.dump(audio_stats, f, ensure_ascii=False, indent=2)
  File "/home/nlwu/miniconda3/envs/py312/lib/python3.12/json/__init__.py", line 179, in dump
    for chunk in iterable:
                 ^^^^^^^^
  File "/home/nlwu/miniconda3/envs/py312/lib/python3.12/json/encoder.py", line 432, in _iterencode
    yield from _iterencode_dict(o, _current_indent_level)
  File "/home/nlwu/miniconda3/envs/py312/lib/python3.12/json/encoder.py", line 406, in _iterencode_dict
    yield from chunks
  File "/home/nlwu/miniconda3/envs/py312/lib/python3.12/json/encoder.py", line 439, in _iterencode
    o = _default(o)
        ^^^^^^^^^^^
  File "/home/nlwu/miniconda3/envs/py312/lib/python3.12/json/encoder.py", line 180, in default
    raise TypeError(f'Object of type {o.__class__.__name__} '
TypeError: Object of type float32 is not JSON serializable

2025-09-20 02:57:59.957 | TRACE    | audio | add_audio_chunk:525 | 收到音频块: format=pcm, raw_size=8192 bytes, sample_rate=16000
2025-09-20 02:57:59.985 | TRACE    | audio | add_audio_chunk:577 | PCM解码完成: samples=4096
2025-09-20 02:57:59.985 | INFO     | audio | add_audio_chunk:657 | AGC已应用: 原始RMS=0.003353, 增益=8.95
2025-09-20 02:57:59.986 | DEBUG    | audio | add_audio_chunk:668 | 音频质量分析: samples=4096, max_amp=0.0825, rms_amp=0.0300, mean_amp=0.0236, non_zero_ratio=0.841, zero_ratio=0.159
2025-09-20 02:57:59.988 | DEBUG    | audio | add_audio_chunk:739 | 🎵 音频活动[中]: max_amp=0.082457 > 0.003
2025-09-20 02:57:59.988 | DEBUG    | audio | add_audio_chunk:743 | 音频块处理完成: format=pcm, samples=4096, max_amp=0.0825, rms_amp=0.0300, buffer_before=0, buffer_after=4096, trimmed=False, processing_time=30.4ms
2025-09-20 02:57:59.994 | INFO     | audio | add_audio_chunk:775 | ✅ 标准音频输入: RMS=0.030000, 时长=0.26s
2025-09-20 02:57:59.995 | TRACE    | audio | add_audio_chunk:525 | 收到音频块: format=pcm, raw_size=8192 bytes, sample_rate=16000
2025-09-20 02:57:59.998 | TRACE    | audio | add_audio_chunk:577 | PCM解码完成: samples=4096
2025-09-20 02:57:59.998 | INFO     | audio | add_audio_chunk:657 | AGC已应用: 原始RMS=0.003228, 增益=9.29
2025-09-20 02:57:59.998 | DEBUG    | audio | add_audio_chunk:668 | 音频质量分析: samples=4096, max_amp=0.0859, rms_amp=0.0300, mean_amp=0.0235, non_zero_ratio=0.995, zero_ratio=0.005
2025-09-20 02:58:00.000 | DEBUG    | audio | add_audio_chunk:739 | 🎵 音频活动[中]: max_amp=0.085927 > 0.003
2025-09-20 02:58:00.001 | DEBUG    | audio | add_audio_chunk:743 | 音频块处理完成: format=pcm, samples=4096, max_amp=0.0859, rms_amp=0.0300, buffer_before=4096, buffer_after=8192, trimmed=False, processing_time=6.4ms
2025-09-20 02:58:00.007 | INFO     | audio | add_audio_chunk:775 | ✅ 标准音频输入: RMS=0.030000, 时长=0.26s
2025-09-20 02:58:00.008 | TRACE    | audio | add_audio_chunk:525 | 收到音频块: format=pcm, raw_size=8192 bytes, sample_rate=16000
2025-09-20 02:58:00.011 | TRACE    | audio | add_audio_chunk:577 | PCM解码完成: samples=4096
2025-09-20 02:58:00.011 | INFO     | audio | add_audio_chunk:657 | AGC已应用: 原始RMS=0.004290, 增益=6.99
2025-09-20 02:58:00.012 | DEBUG    | audio | add_audio_chunk:668 | 音频质量分析: samples=4096, max_amp=0.0866, rms_amp=0.0300, mean_amp=0.0239, non_zero_ratio=0.998, zero_ratio=0.002
2025-09-20 02:58:00.014 | DEBUG    | audio | add_audio_chunk:739 | 🎵 音频活动[中]: max_amp=0.086643 > 0.003
2025-09-20 02:58:00.014 | DEBUG    | audio | add_audio_chunk:743 | 音频块处理完成: format=pcm, samples=4096, max_amp=0.0866, rms_amp=0.0300, buffer_before=8192, buffer_after=12288, trimmed=False, processing_time=5.9ms
2025-09-20 02:58:00.019 | INFO     | audio | add_audio_chunk:775 | ✅ 标准音频输入: RMS=0.030000, 时长=0.26s
2025-09-20 02:58:00.020 | TRACE    | audio | add_audio_chunk:525 | 收到音频块: format=pcm, raw_size=8192 bytes, sample_rate=16000
2025-09-20 02:58:00.023 | TRACE    | audio | add_audio_chunk:577 | PCM解码完成: samples=4096
2025-09-20 02:58:00.024 | INFO     | audio | add_audio_chunk:657 | AGC已应用: 原始RMS=0.003263, 增益=9.20
2025-09-20 02:58:00.024 | DEBUG    | audio | add_audio_chunk:668 | 音频质量分析: samples=4096, max_amp=0.0839, rms_amp=0.0300, mean_amp=0.0243, non_zero_ratio=0.998, zero_ratio=0.002
2025-09-20 02:58:00.026 | DEBUG    | audio | add_audio_chunk:739 | 🎵 音频活动[中]: max_amp=0.083904 > 0.003
2025-09-20 02:58:00.026 | DEBUG    | audio | add_audio_chunk:743 | 音频块处理完成: format=pcm, samples=4096, max_amp=0.0839, rms_amp=0.0300, buffer_before=12288, buffer_after=16384, trimmed=False, processing_time=6.1ms
2025-09-20 02:58:00.032 | INFO     | audio | add_audio_chunk:775 | ✅ 标准音频输入: RMS=0.030000, 时长=0.26s
2025-09-20 02:58:00.033 | TRACE    | audio | add_audio_chunk:525 | 收到音频块: format=pcm, raw_size=8192 bytes, sample_rate=16000
2025-09-20 02:58:00.036 | TRACE    | audio | add_audio_chunk:577 | PCM解码完成: samples=4096
2025-09-20 02:58:00.036 | INFO     | audio | add_audio_chunk:657 | AGC已应用: 原始RMS=0.003007, 增益=9.98
2025-09-20 02:58:00.036 | DEBUG    | audio | add_audio_chunk:668 | 音频质量分析: samples=4096, max_amp=0.0843, rms_amp=0.0300, mean_amp=0.0247, non_zero_ratio=0.998, zero_ratio=0.002
2025-09-20 02:58:00.038 | DEBUG    | audio | add_audio_chunk:739 | 🎵 音频活动[中]: max_amp=0.084338 > 0.003
2025-09-20 02:58:00.039 | DEBUG    | audio | add_audio_chunk:743 | 音频块处理完成: format=pcm, samples=4096, max_amp=0.0843, rms_amp=0.0300, buffer_before=16384, buffer_after=20480, trimmed=False, processing_time=5.7ms
2025-09-20 02:58:00.045 | INFO     | audio | add_audio_chunk:775 | ✅ 标准音频输入: RMS=0.030000, 时长=0.26s
2025-09-20 02:58:00.250 | TRACE    | audio | add_audio_chunk:525 | 收到音频块: format=pcm, raw_size=8192 bytes, sample_rate=16000
2025-09-20 02:58:00.254 | TRACE    | audio | add_audio_chunk:577 | PCM解码完成: samples=4096
2025-09-20 02:58:00.254 | INFO     | audio | add_audio_chunk:657 | AGC已应用: 原始RMS=0.002969, 增益=10.00
2025-09-20 02:58:00.254 | DEBUG    | audio | add_audio_chunk:668 | 音频质量分析: samples=4096, max_amp=0.0873, rms_amp=0.0297, mean_amp=0.0238, non_zero_ratio=0.996, zero_ratio=0.004
2025-09-20 02:58:00.256 | DEBUG    | audio | add_audio_chunk:739 | 🎵 音频活动[中]: max_amp=0.087280 > 0.003
2025-09-20 02:58:00.257 | DEBUG    | audio | add_audio_chunk:743 | 音频块处理完成: format=pcm, samples=4096, max_amp=0.0873, rms_amp=0.0297, buffer_before=20480, buffer_after=24576, trimmed=False, processing_time=6.6ms
2025-09-20 02:58:00.272 | INFO     | audio | add_audio_chunk:775 | ✅ 标准音频输入: RMS=0.029692, 时长=0.26s
2025-09-20 02:58:00.510 | TRACE    | audio | add_audio_chunk:525 | 收到音频块: format=pcm, raw_size=8192 bytes, sample_rate=16000
2025-09-20 02:58:00.514 | TRACE    | audio | add_audio_chunk:577 | PCM解码完成: samples=4096
2025-09-20 02:58:00.514 | INFO     | audio | add_audio_chunk:657 | AGC已应用: 原始RMS=0.002450, 增益=10.00
2025-09-20 02:58:00.514 | DEBUG    | audio | add_audio_chunk:668 | 音频质量分析: samples=4096, max_amp=0.0827, rms_amp=0.0245, mean_amp=0.0188, non_zero_ratio=0.995, zero_ratio=0.005
2025-09-20 02:58:00.516 | DEBUG    | audio | add_audio_chunk:739 | 🎵 音频活动[中]: max_amp=0.082703 > 0.003
2025-09-20 02:58:00.517 | DEBUG    | audio | add_audio_chunk:743 | 音频块处理完成: format=pcm, samples=4096, max_amp=0.0827, rms_amp=0.0245, buffer_before=24576, buffer_after=28672, trimmed=False, processing_time=6.5ms
2025-09-20 02:58:00.524 | INFO     | audio | add_audio_chunk:775 | ✅ 标准音频输入: RMS=0.024500, 时长=0.26s
2025-09-20 02:58:00.770 | TRACE    | audio | add_audio_chunk:525 | 收到音频块: format=pcm, raw_size=8192 bytes, sample_rate=16000
2025-09-20 02:58:00.775 | TRACE    | audio | add_audio_chunk:577 | PCM解码完成: samples=4096
2025-09-20 02:58:00.775 | DEBUG    | audio | add_audio_chunk:668 | 音频质量分析: samples=4096, max_amp=0.0504, rms_amp=0.0156, mean_amp=0.0115, non_zero_ratio=0.998, zero_ratio=0.002
2025-09-20 02:58:00.777 | DEBUG    | audio | add_audio_chunk:739 | 🎵 音频活动[中]: max_amp=0.050446 > 0.003
2025-09-20 02:58:00.778 | DEBUG    | audio | add_audio_chunk:743 | 音频块处理完成: format=pcm, samples=4096, max_amp=0.0504, rms_amp=0.0156, buffer_before=28672, buffer_after=32768, trimmed=False, processing_time=8.0ms
2025-09-20 02:58:00.797 | INFO     | audio | add_audio_chunk:775 | ✅ 标准音频输入: RMS=0.015604, 时长=0.26s
2025-09-20 02:58:01.020 | TRACE    | audio | add_audio_chunk:525 | 收到音频块: format=pcm, raw_size=8192 bytes, sample_rate=16000
2025-09-20 02:58:01.024 | TRACE    | audio | add_audio_chunk:577 | PCM解码完成: samples=4096
2025-09-20 02:58:01.025 | DEBUG    | audio | add_audio_chunk:668 | 音频质量分析: samples=4096, max_amp=0.0302, rms_amp=0.0085, mean_amp=0.0066, non_zero_ratio=0.999, zero_ratio=0.001
2025-09-20 02:58:01.027 | DEBUG    | audio | add_audio_chunk:739 | 🎵 音频活动[中]: max_amp=0.030151 > 0.003
2025-09-20 02:58:01.027 | DEBUG    | audio | add_audio_chunk:743 | 音频块处理完成: format=pcm, samples=4096, max_amp=0.0302, rms_amp=0.0085, buffer_before=32768, buffer_after=36864, trimmed=False, processing_time=6.5ms
2025-09-20 02:58:01.033 | DEBUG    | audio | add_audio_chunk:777 | 🔉 轻声音频输入: RMS=0.008471, 时长=0.26s
2025-09-20 02:58:01.280 | TRACE    | audio | add_audio_chunk:525 | 收到音频块: format=pcm, raw_size=8192 bytes, sample_rate=16000
2025-09-20 02:58:01.284 | TRACE    | audio | add_audio_chunk:577 | PCM解码完成: samples=4096
2025-09-20 02:58:01.284 | DEBUG    | audio | add_audio_chunk:668 | 音频质量分析: samples=4096, max_amp=0.0366, rms_amp=0.0108, mean_amp=0.0084, non_zero_ratio=0.999, zero_ratio=0.001
2025-09-20 02:58:01.286 | DEBUG    | audio | add_audio_chunk:739 | 🎵 音频活动[中]: max_amp=0.036621 > 0.003
2025-09-20 02:58:01.287 | DEBUG    | audio | add_audio_chunk:743 | 音频块处理完成: format=pcm, samples=4096, max_amp=0.0366, rms_amp=0.0108, buffer_before=36864, buffer_after=40960, trimmed=False, processing_time=6.2ms
2025-09-20 02:58:01.298 | INFO     | audio | add_audio_chunk:775 | ✅ 标准音频输入: RMS=0.010843, 时长=0.26s
2025-09-20 02:58:01.530 | TRACE    | audio | add_audio_chunk:525 | 收到音频块: format=pcm, raw_size=8192 bytes, sample_rate=16000
2025-09-20 02:58:01.534 | TRACE    | audio | add_audio_chunk:577 | PCM解码完成: samples=4096
2025-09-20 02:58:01.534 | DEBUG    | audio | add_audio_chunk:668 | 音频质量分析: samples=4096, max_amp=0.0372, rms_amp=0.0117, mean_amp=0.0094, non_zero_ratio=0.999, zero_ratio=0.001
2025-09-20 02:58:01.536 | DEBUG    | audio | add_audio_chunk:739 | 🎵 音频活动[中]: max_amp=0.037231 > 0.003
2025-09-20 02:58:01.536 | DEBUG    | audio | add_audio_chunk:743 | 音频块处理完成: format=pcm, samples=4096, max_amp=0.0372, rms_amp=0.0117, buffer_before=40960, buffer_after=45056, trimmed=False, processing_time=6.3ms
2025-09-20 02:58:01.542 | INFO     | audio | add_audio_chunk:775 | ✅ 标准音频输入: RMS=0.011719, 时长=0.26s
2025-09-20 02:58:01.790 | TRACE    | audio | add_audio_chunk:525 | 收到音频块: format=pcm, raw_size=8192 bytes, sample_rate=16000
2025-09-20 02:58:01.794 | TRACE    | audio | add_audio_chunk:577 | PCM解码完成: samples=4096
2025-09-20 02:58:01.794 | DEBUG    | audio | add_audio_chunk:668 | 音频质量分析: samples=4096, max_amp=0.0207, rms_amp=0.0057, mean_amp=0.0041, non_zero_ratio=0.996, zero_ratio=0.004
2025-09-20 02:58:01.796 | DEBUG    | audio | add_audio_chunk:739 | 🎵 音频活动[低]: max_amp=0.020721 > 0.003
2025-09-20 02:58:01.797 | DEBUG    | audio | add_audio_chunk:743 | 音频块处理完成: format=pcm, samples=4096, max_amp=0.0207, rms_amp=0.0057, buffer_before=45056, buffer_after=49152, trimmed=False, processing_time=6.7ms
2025-09-20 02:58:01.804 | DEBUG    | audio | add_audio_chunk:777 | 🔉 轻声音频输入: RMS=0.005725, 时长=0.26s
2025-09-20 02:58:02.050 | TRACE    | audio | add_audio_chunk:525 | 收到音频块: format=pcm, raw_size=8192 bytes, sample_rate=16000
2025-09-20 02:58:02.054 | TRACE    | audio | add_audio_chunk:577 | PCM解码完成: samples=4096
2025-09-20 02:58:02.054 | INFO     | audio | add_audio_chunk:657 | AGC已应用: 原始RMS=0.002479, 增益=10.00
2025-09-20 02:58:02.055 | DEBUG    | audio | add_audio_chunk:668 | 音频质量分析: samples=4096, max_amp=0.0711, rms_amp=0.0248, mean_amp=0.0194, non_zero_ratio=0.996, zero_ratio=0.004
2025-09-20 02:58:02.057 | DEBUG    | audio | add_audio_chunk:739 | 🎵 音频活动[中]: max_amp=0.071106 > 0.003
2025-09-20 02:58:02.057 | DEBUG    | audio | add_audio_chunk:743 | 音频块处理完成: format=pcm, samples=4096, max_amp=0.0711, rms_amp=0.0248, buffer_before=49152, buffer_after=53248, trimmed=False, processing_time=7.3ms
2025-09-20 02:58:02.064 | INFO     | audio | add_audio_chunk:775 | ✅ 标准音频输入: RMS=0.024793, 时长=0.26s
2025-09-20 02:58:02.303 | TRACE    | audio | add_audio_chunk:525 | 收到音频块: format=pcm, raw_size=8192 bytes, sample_rate=16000
2025-09-20 02:58:02.307 | TRACE    | audio | add_audio_chunk:577 | PCM解码完成: samples=4096
2025-09-20 02:58:02.308 | INFO     | audio | add_audio_chunk:657 | AGC已应用: 原始RMS=0.003335, 增益=9.00
2025-09-20 02:58:02.308 | DEBUG    | audio | add_audio_chunk:668 | 音频质量分析: samples=4096, max_amp=0.0810, rms_amp=0.0300, mean_amp=0.0233, non_zero_ratio=0.994, zero_ratio=0.006
2025-09-20 02:58:02.310 | DEBUG    | audio | add_audio_chunk:739 | 🎵 音频活动[中]: max_amp=0.080986 > 0.003
2025-09-20 02:58:02.310 | DEBUG    | audio | add_audio_chunk:743 | 音频块处理完成: format=pcm, samples=4096, max_amp=0.0810, rms_amp=0.0300, buffer_before=53248, buffer_after=57344, trimmed=False, processing_time=7.3ms
2025-09-20 02:58:02.329 | INFO     | audio | add_audio_chunk:775 | ✅ 标准音频输入: RMS=0.030000, 时长=0.26s
2025-09-20 02:58:02.565 | TRACE    | audio | add_audio_chunk:525 | 收到音频块: format=pcm, raw_size=8192 bytes, sample_rate=16000
2025-09-20 02:58:02.569 | TRACE    | audio | add_audio_chunk:577 | PCM解码完成: samples=4096
2025-09-20 02:58:02.569 | INFO     | audio | add_audio_chunk:657 | AGC已应用: 原始RMS=0.002727, 增益=10.00
2025-09-20 02:58:02.570 | DEBUG    | audio | add_audio_chunk:668 | 音频质量分析: samples=4096, max_amp=0.0729, rms_amp=0.0273, mean_amp=0.0215, non_zero_ratio=0.994, zero_ratio=0.006
2025-09-20 02:58:02.572 | DEBUG    | audio | add_audio_chunk:739 | 🎵 音频活动[中]: max_amp=0.072937 > 0.003
2025-09-20 02:58:02.572 | DEBUG    | audio | add_audio_chunk:743 | 音频块处理完成: format=pcm, samples=4096, max_amp=0.0729, rms_amp=0.0273, buffer_before=57344, buffer_after=61440, trimmed=False, processing_time=6.7ms
2025-09-20 02:58:02.580 | INFO     | audio | add_audio_chunk:775 | ✅ 标准音频输入: RMS=0.027267, 时长=0.26s
2025-09-20 02:58:02.810 | TRACE    | audio | add_audio_chunk:525 | 收到音频块: format=pcm, raw_size=8192 bytes, sample_rate=16000
2025-09-20 02:58:02.815 | TRACE    | audio | add_audio_chunk:577 | PCM解码完成: samples=4096
2025-09-20 02:58:02.815 | INFO     | audio | add_audio_chunk:657 | AGC已应用: 原始RMS=0.002150, 增益=10.00
2025-09-20 02:58:02.815 | DEBUG    | audio | add_audio_chunk:668 | 音频质量分析: samples=4096, max_amp=0.0565, rms_amp=0.0215, mean_amp=0.0179, non_zero_ratio=0.995, zero_ratio=0.005
2025-09-20 02:58:02.817 | DEBUG    | audio | add_audio_chunk:739 | 🎵 音频活动[中]: max_amp=0.056458 > 0.003
2025-09-20 02:58:02.817 | DEBUG    | audio | add_audio_chunk:743 | 音频块处理完成: format=pcm, samples=4096, max_amp=0.0565, rms_amp=0.0215, buffer_before=61440, buffer_after=65536, trimmed=False, processing_time=6.8ms
2025-09-20 02:58:02.823 | INFO     | audio | add_audio_chunk:775 | ✅ 标准音频输入: RMS=0.021503, 时长=0.26s
2025-09-20 02:58:03.071 | TRACE    | audio | add_audio_chunk:525 | 收到音频块: format=pcm, raw_size=8192 bytes, sample_rate=16000
2025-09-20 02:58:03.076 | TRACE    | audio | add_audio_chunk:577 | PCM解码完成: samples=4096
2025-09-20 02:58:03.076 | INFO     | audio | add_audio_chunk:657 | AGC已应用: 原始RMS=0.002883, 增益=10.00
2025-09-20 02:58:03.076 | DEBUG    | audio | add_audio_chunk:668 | 音频质量分析: samples=4096, max_amp=0.1688, rms_amp=0.0288, mean_amp=0.0231, non_zero_ratio=0.995, zero_ratio=0.005
2025-09-20 02:58:03.078 | DEBUG    | audio | add_audio_chunk:739 | 🎵 音频活动[高]: max_amp=0.168762 > 0.003
2025-09-20 02:58:03.079 | DEBUG    | audio | add_audio_chunk:743 | 音频块处理完成: format=pcm, samples=4096, max_amp=0.1688, rms_amp=0.0288, buffer_before=65536, buffer_after=69632, trimmed=False, processing_time=8.0ms
2025-09-20 02:58:03.084 | INFO     | audio | add_audio_chunk:775 | ✅ 标准音频输入: RMS=0.028826, 时长=0.26s
2025-09-20 02:58:03.336 | TRACE    | audio | add_audio_chunk:525 | 收到音频块: format=pcm, raw_size=8192 bytes, sample_rate=16000
2025-09-20 02:58:03.362 | TRACE    | audio | add_audio_chunk:577 | PCM解码完成: samples=4096
2025-09-20 02:58:03.363 | INFO     | audio | add_audio_chunk:657 | AGC已应用: 原始RMS=0.003913, 增益=7.67
2025-09-20 02:58:03.363 | DEBUG    | audio | add_audio_chunk:668 | 音频质量分析: samples=4096, max_amp=0.0758, rms_amp=0.0300, mean_amp=0.0242, non_zero_ratio=0.997, zero_ratio=0.003
2025-09-20 02:58:03.366 | DEBUG    | audio | add_audio_chunk:739 | 🎵 音频活动[中]: max_amp=0.075813 > 0.003
2025-09-20 02:58:03.366 | DEBUG    | audio | add_audio_chunk:743 | 音频块处理完成: format=pcm, samples=4096, max_amp=0.0758, rms_amp=0.0300, buffer_before=69632, buffer_after=73728, trimmed=False, processing_time=30.2ms
2025-09-20 02:58:03.390 | INFO     | audio | add_audio_chunk:775 | ✅ 标准音频输入: RMS=0.030000, 时长=0.26s
2025-09-20 02:58:03.590 | TRACE    | audio | add_audio_chunk:525 | 收到音频块: format=pcm, raw_size=8192 bytes, sample_rate=16000
2025-09-20 02:58:03.595 | TRACE    | audio | add_audio_chunk:577 | PCM解码完成: samples=4096
2025-09-20 02:58:03.595 | INFO     | audio | add_audio_chunk:657 | AGC已应用: 原始RMS=0.004066, 增益=7.38
2025-09-20 02:58:03.595 | DEBUG    | audio | add_audio_chunk:668 | 音频质量分析: samples=4096, max_amp=0.0876, rms_amp=0.0300, mean_amp=0.0234, non_zero_ratio=0.995, zero_ratio=0.005
2025-09-20 02:58:03.597 | DEBUG    | audio | add_audio_chunk:739 | 🎵 音频活动[中]: max_amp=0.087596 > 0.003
2025-09-20 02:58:03.597 | DEBUG    | audio | add_audio_chunk:743 | 音频块处理完成: format=pcm, samples=4096, max_amp=0.0876, rms_amp=0.0300, buffer_before=73728, buffer_after=77824, trimmed=False, processing_time=7.2ms
2025-09-20 02:58:03.602 | INFO     | audio | add_audio_chunk:775 | ✅ 标准音频输入: RMS=0.030000, 时长=0.26s
2025-09-20 02:58:03.852 | TRACE    | audio | add_audio_chunk:525 | 收到音频块: format=pcm, raw_size=8192 bytes, sample_rate=16000
2025-09-20 02:58:03.861 | TRACE    | audio | add_audio_chunk:577 | PCM解码完成: samples=4096
2025-09-20 02:58:03.861 | INFO     | audio | add_audio_chunk:657 | AGC已应用: 原始RMS=0.003411, 增益=8.80
2025-09-20 02:58:03.862 | DEBUG    | audio | add_audio_chunk:668 | 音频质量分析: samples=4096, max_amp=0.0846, rms_amp=0.0300, mean_amp=0.0235, non_zero_ratio=0.995, zero_ratio=0.005
2025-09-20 02:58:03.864 | DEBUG    | audio | add_audio_chunk:739 | 🎵 音频活动[中]: max_amp=0.084551 > 0.003
2025-09-20 02:58:03.864 | DEBUG    | audio | add_audio_chunk:743 | 音频块处理完成: format=pcm, samples=4096, max_amp=0.0846, rms_amp=0.0300, buffer_before=77824, buffer_after=81920, trimmed=False, processing_time=12.1ms
2025-09-20 02:58:03.868 | INFO     | audio | add_audio_chunk:775 | ✅ 标准音频输入: RMS=0.030000, 时长=0.26s
2025-09-20 02:58:04.101 | TRACE    | audio | add_audio_chunk:525 | 收到音频块: format=pcm, raw_size=8192 bytes, sample_rate=16000
2025-09-20 02:58:04.105 | TRACE    | audio | add_audio_chunk:577 | PCM解码完成: samples=4096
2025-09-20 02:58:04.105 | INFO     | audio | add_audio_chunk:657 | AGC已应用: 原始RMS=0.003445, 增益=8.71
2025-09-20 02:58:04.105 | DEBUG    | audio | add_audio_chunk:668 | 音频质量分析: samples=4096, max_amp=0.0906, rms_amp=0.0300, mean_amp=0.0230, non_zero_ratio=0.995, zero_ratio=0.005
2025-09-20 02:58:04.108 | DEBUG    | audio | add_audio_chunk:739 | 🎵 音频活动[中]: max_amp=0.090618 > 0.003
2025-09-20 02:58:04.108 | DEBUG    | audio | add_audio_chunk:743 | 音频块处理完成: format=pcm, samples=4096, max_amp=0.0906, rms_amp=0.0300, buffer_before=81920, buffer_after=86016, trimmed=False, processing_time=7.3ms
2025-09-20 02:58:04.114 | INFO     | audio | add_audio_chunk:775 | ✅ 标准音频输入: RMS=0.030000, 时长=0.26s
2025-09-20 02:58:04.362 | TRACE    | audio | add_audio_chunk:525 | 收到音频块: format=pcm, raw_size=8192 bytes, sample_rate=16000
2025-09-20 02:58:04.378 | TRACE    | audio | add_audio_chunk:577 | PCM解码完成: samples=4096
2025-09-20 02:58:04.379 | INFO     | audio | add_audio_chunk:657 | AGC已应用: 原始RMS=0.003683, 增益=8.15
2025-09-20 02:58:04.379 | DEBUG    | audio | add_audio_chunk:668 | 音频质量分析: samples=4096, max_amp=0.0890, rms_amp=0.0300, mean_amp=0.0235, non_zero_ratio=0.995, zero_ratio=0.005
2025-09-20 02:58:04.384 | DEBUG    | audio | add_audio_chunk:739 | 🎵 音频活动[中]: max_amp=0.088997 > 0.003
2025-09-20 02:58:04.384 | DEBUG    | audio | add_audio_chunk:743 | 音频块处理完成: format=pcm, samples=4096, max_amp=0.0890, rms_amp=0.0300, buffer_before=86016, buffer_after=90112, trimmed=False, processing_time=22.1ms
2025-09-20 02:58:04.390 | INFO     | audio | add_audio_chunk:775 | ✅ 标准音频输入: RMS=0.030000, 时长=0.26s
2025-09-20 02:58:04.610 | TRACE    | audio | add_audio_chunk:525 | 收到音频块: format=pcm, raw_size=8192 bytes, sample_rate=16000
2025-09-20 02:58:04.615 | TRACE    | audio | add_audio_chunk:577 | PCM解码完成: samples=4096
2025-09-20 02:58:04.615 | INFO     | audio | add_audio_chunk:657 | AGC已应用: 原始RMS=0.004097, 增益=7.32
2025-09-20 02:58:04.615 | DEBUG    | audio | add_audio_chunk:668 | 音频质量分析: samples=4096, max_amp=0.0713, rms_amp=0.0300, mean_amp=0.0248, non_zero_ratio=0.998, zero_ratio=0.002
2025-09-20 02:58:04.618 | DEBUG    | audio | add_audio_chunk:739 | 🎵 音频活动[中]: max_amp=0.071283 > 0.003
2025-09-20 02:58:04.618 | DEBUG    | audio | add_audio_chunk:743 | 音频块处理完成: format=pcm, samples=4096, max_amp=0.0713, rms_amp=0.0300, buffer_before=90112, buffer_after=94208, trimmed=False, processing_time=7.5ms
2025-09-20 02:58:04.623 | INFO     | audio | add_audio_chunk:775 | ✅ 标准音频输入: RMS=0.030000, 时长=0.26s
2025-09-20 02:58:04.872 | TRACE    | audio | add_audio_chunk:525 | 收到音频块: format=pcm, raw_size=8192 bytes, sample_rate=16000
2025-09-20 02:58:04.877 | TRACE    | audio | add_audio_chunk:577 | PCM解码完成: samples=4096
2025-09-20 02:58:04.878 | INFO     | audio | add_audio_chunk:657 | AGC已应用: 原始RMS=0.004283, 增益=7.01
2025-09-20 02:58:04.878 | DEBUG    | audio | add_audio_chunk:668 | 音频质量分析: samples=4096, max_amp=0.0746, rms_amp=0.0300, mean_amp=0.0252, non_zero_ratio=0.998, zero_ratio=0.002
2025-09-20 02:58:04.880 | DEBUG    | audio | add_audio_chunk:739 | 🎵 音频活动[中]: max_amp=0.074610 > 0.003
2025-09-20 02:58:04.880 | DEBUG    | audio | add_audio_chunk:743 | 音频块处理完成: format=pcm, samples=4096, max_amp=0.0746, rms_amp=0.0300, buffer_before=94208, buffer_after=98304, trimmed=False, processing_time=8.3ms
2025-09-20 02:58:04.887 | INFO     | audio | add_audio_chunk:775 | ✅ 标准音频输入: RMS=0.030000, 时长=0.26s
2025-09-20 02:58:05.132 | TRACE    | audio | add_audio_chunk:525 | 收到音频块: format=pcm, raw_size=8192 bytes, sample_rate=16000
2025-09-20 02:58:05.136 | TRACE    | audio | add_audio_chunk:577 | PCM解码完成: samples=4096
2025-09-20 02:58:05.136 | INFO     | audio | add_audio_chunk:657 | AGC已应用: 原始RMS=0.003470, 增益=8.65
2025-09-20 02:58:05.137 | DEBUG    | audio | add_audio_chunk:668 | 音频质量分析: samples=4096, max_amp=0.0921, rms_amp=0.0300, mean_amp=0.0226, non_zero_ratio=0.994, zero_ratio=0.006
2025-09-20 02:58:05.139 | DEBUG    | audio | add_audio_chunk:739 | 🎵 音频活动[中]: max_amp=0.092078 > 0.003
2025-09-20 02:58:05.139 | DEBUG    | audio | add_audio_chunk:743 | 音频块处理完成: format=pcm, samples=4096, max_amp=0.0921, rms_amp=0.0300, buffer_before=98304, buffer_after=102400, trimmed=False, processing_time=7.1ms
2025-09-20 02:58:05.147 | INFO     | audio | add_audio_chunk:775 | ✅ 标准音频输入: RMS=0.030000, 时长=0.26s
2025-09-20 02:58:05.398 | TRACE    | audio | add_audio_chunk:525 | 收到音频块: format=pcm, raw_size=8192 bytes, sample_rate=16000
2025-09-20 02:58:05.403 | TRACE    | audio | add_audio_chunk:577 | PCM解码完成: samples=4096
2025-09-20 02:58:05.403 | INFO     | audio | add_audio_chunk:657 | AGC已应用: 原始RMS=0.003199, 增益=9.38
2025-09-20 02:58:05.403 | DEBUG    | audio | add_audio_chunk:668 | 音频质量分析: samples=4096, max_amp=0.0807, rms_amp=0.0300, mean_amp=0.0237, non_zero_ratio=0.996, zero_ratio=0.004
2025-09-20 02:58:05.405 | DEBUG    | audio | add_audio_chunk:739 | 🎵 音频活动[中]: max_amp=0.080715 > 0.003
2025-09-20 02:58:05.406 | DEBUG    | audio | add_audio_chunk:743 | 音频块处理完成: format=pcm, samples=4096, max_amp=0.0807, rms_amp=0.0300, buffer_before=102400, buffer_after=106496, trimmed=False, processing_time=7.1ms
2025-09-20 02:58:05.416 | INFO     | audio | add_audio_chunk:775 | ✅ 标准音频输入: RMS=0.030000, 时长=0.26s
2025-09-20 02:58:05.650 | TRACE    | audio | add_audio_chunk:525 | 收到音频块: format=pcm, raw_size=8192 bytes, sample_rate=16000
2025-09-20 02:58:05.654 | TRACE    | audio | add_audio_chunk:577 | PCM解码完成: samples=4096
2025-09-20 02:58:05.654 | INFO     | audio | add_audio_chunk:657 | AGC已应用: 原始RMS=0.004278, 增益=7.01
2025-09-20 02:58:05.655 | DEBUG    | audio | add_audio_chunk:668 | 音频质量分析: samples=4096, max_amp=0.0856, rms_amp=0.0300, mean_amp=0.0224, non_zero_ratio=0.996, zero_ratio=0.004
2025-09-20 02:58:05.657 | DEBUG    | audio | add_audio_chunk:739 | 🎵 音频活动[中]: max_amp=0.085595 > 0.003
2025-09-20 02:58:05.657 | DEBUG    | audio | add_audio_chunk:743 | 音频块处理完成: format=pcm, samples=4096, max_amp=0.0856, rms_amp=0.0300, buffer_before=106496, buffer_after=110592, trimmed=False, processing_time=6.9ms
2025-09-20 02:58:05.662 | INFO     | audio | add_audio_chunk:775 | ✅ 标准音频输入: RMS=0.030000, 时长=0.26s
2025-09-20 02:58:05.910 | TRACE    | audio | add_audio_chunk:525 | 收到音频块: format=pcm, raw_size=8192 bytes, sample_rate=16000
2025-09-20 02:58:05.914 | TRACE    | audio | add_audio_chunk:577 | PCM解码完成: samples=4096
2025-09-20 02:58:05.914 | DEBUG    | audio | add_audio_chunk:668 | 音频质量分析: samples=4096, max_amp=0.0136, rms_amp=0.0052, mean_amp=0.0045, non_zero_ratio=0.998, zero_ratio=0.002
2025-09-20 02:58:05.917 | DEBUG    | audio | add_audio_chunk:739 | 🎵 音频活动[低]: max_amp=0.013611 > 0.003
2025-09-20 02:58:05.917 | DEBUG    | audio | add_audio_chunk:743 | 音频块处理完成: format=pcm, samples=4096, max_amp=0.0136, rms_amp=0.0052, buffer_before=110592, buffer_after=114688, trimmed=False, processing_time=6.6ms
2025-09-20 02:58:05.922 | DEBUG    | audio | add_audio_chunk:777 | 🔉 轻声音频输入: RMS=0.005230, 时长=0.26s
2025-09-20 02:58:06.171 | TRACE    | audio | add_audio_chunk:525 | 收到音频块: format=pcm, raw_size=8192 bytes, sample_rate=16000
2025-09-20 02:58:06.175 | TRACE    | audio | add_audio_chunk:577 | PCM解码完成: samples=4096
2025-09-20 02:58:06.175 | INFO     | audio | add_audio_chunk:657 | AGC已应用: 原始RMS=0.003362, 增益=8.92
2025-09-20 02:58:06.175 | DEBUG    | audio | add_audio_chunk:668 | 音频质量分析: samples=4096, max_amp=0.0787, rms_amp=0.0300, mean_amp=0.0252, non_zero_ratio=0.998, zero_ratio=0.002
2025-09-20 02:58:06.177 | DEBUG    | audio | add_audio_chunk:739 | 🎵 音频活动[中]: max_amp=0.078698 > 0.003
2025-09-20 02:58:06.178 | DEBUG    | audio | add_audio_chunk:743 | 音频块处理完成: format=pcm, samples=4096, max_amp=0.0787, rms_amp=0.0300, buffer_before=114688, buffer_after=118784, trimmed=False, processing_time=7.3ms
2025-09-20 02:58:06.183 | INFO     | audio | add_audio_chunk:775 | ✅ 标准音频输入: RMS=0.030000, 时长=0.26s
2025-09-20 02:58:06.421 | TRACE    | audio | add_audio_chunk:525 | 收到音频块: format=pcm, raw_size=8192 bytes, sample_rate=16000
2025-09-20 02:58:06.433 | TRACE    | audio | add_audio_chunk:577 | PCM解码完成: samples=4096
2025-09-20 02:58:06.433 | INFO     | audio | add_audio_chunk:657 | AGC已应用: 原始RMS=0.003357, 增益=8.94
2025-09-20 02:58:06.434 | DEBUG    | audio | add_audio_chunk:668 | 音频质量分析: samples=4096, max_amp=0.1031, rms_amp=0.0300, mean_amp=0.0241, non_zero_ratio=0.997, zero_ratio=0.003
2025-09-20 02:58:06.436 | DEBUG    | audio | add_audio_chunk:739 | 🎵 音频活动[高]: max_amp=0.103090 > 0.003
2025-09-20 02:58:06.436 | DEBUG    | audio | add_audio_chunk:743 | 音频块处理完成: format=pcm, samples=4096, max_amp=0.1031, rms_amp=0.0300, buffer_before=118784, buffer_after=122880, trimmed=False, processing_time=15.0ms
2025-09-20 02:58:06.442 | INFO     | audio | add_audio_chunk:775 | ✅ 标准音频输入: RMS=0.030000, 时长=0.26s
2025-09-20 02:58:06.685 | TRACE    | audio | add_audio_chunk:525 | 收到音频块: format=pcm, raw_size=8192 bytes, sample_rate=16000
2025-09-20 02:58:06.689 | TRACE    | audio | add_audio_chunk:577 | PCM解码完成: samples=4096
2025-09-20 02:58:06.690 | DEBUG    | audio | add_audio_chunk:668 | 音频质量分析: samples=4096, max_amp=0.0245, rms_amp=0.0065, mean_amp=0.0052, non_zero_ratio=0.997, zero_ratio=0.003
2025-09-20 02:58:06.692 | DEBUG    | audio | add_audio_chunk:739 | 🎵 音频活动[低]: max_amp=0.024475 > 0.003
2025-09-20 02:58:06.692 | DEBUG    | audio | add_audio_chunk:743 | 音频块处理完成: format=pcm, samples=4096, max_amp=0.0245, rms_amp=0.0065, buffer_before=122880, buffer_after=126976, trimmed=False, processing_time=7.3ms
2025-09-20 02:58:06.698 | DEBUG    | audio | add_audio_chunk:777 | 🔉 轻声音频输入: RMS=0.006471, 时长=0.26s
2025-09-20 02:58:06.930 | TRACE    | audio | add_audio_chunk:525 | 收到音频块: format=pcm, raw_size=8192 bytes, sample_rate=16000
2025-09-20 02:58:06.942 | TRACE    | audio | add_audio_chunk:577 | PCM解码完成: samples=4096
2025-09-20 02:58:06.943 | DEBUG    | audio | add_audio_chunk:668 | 音频质量分析: samples=4096, max_amp=0.0268, rms_amp=0.0083, mean_amp=0.0063, non_zero_ratio=0.998, zero_ratio=0.002
2025-09-20 02:58:06.947 | DEBUG    | audio | add_audio_chunk:739 | 🎵 音频活动[低]: max_amp=0.026794 > 0.003
2025-09-20 02:58:06.947 | DEBUG    | audio | add_audio_chunk:743 | 音频块处理完成: format=pcm, samples=4096, max_amp=0.0268, rms_amp=0.0083, buffer_before=126976, buffer_after=131072, trimmed=False, processing_time=17.0ms
2025-09-20 02:58:06.962 | DEBUG    | audio | add_audio_chunk:777 | 🔉 轻声音频输入: RMS=0.008314, 时长=0.26s
2025-09-20 02:58:07.191 | TRACE    | audio | add_audio_chunk:525 | 收到音频块: format=pcm, raw_size=8192 bytes, sample_rate=16000
2025-09-20 02:58:07.200 | TRACE    | audio | add_audio_chunk:577 | PCM解码完成: samples=4096
2025-09-20 02:58:07.201 | DEBUG    | audio | add_audio_chunk:668 | 音频质量分析: samples=4096, max_amp=0.0305, rms_amp=0.0077, mean_amp=0.0060, non_zero_ratio=0.998, zero_ratio=0.002
2025-09-20 02:58:07.203 | DEBUG    | audio | add_audio_chunk:739 | 🎵 音频活动[中]: max_amp=0.030518 > 0.003
2025-09-20 02:58:07.203 | DEBUG    | audio | add_audio_chunk:743 | 音频块处理完成: format=pcm, samples=4096, max_amp=0.0305, rms_amp=0.0077, buffer_before=131072, buffer_after=135168, trimmed=False, processing_time=11.9ms
2025-09-20 02:58:07.209 | DEBUG    | audio | add_audio_chunk:777 | 🔉 轻声音频输入: RMS=0.007719, 时长=0.26s
2025-09-20 02:58:07.483 | TRACE    | audio | add_audio_chunk:525 | 收到音频块: format=pcm, raw_size=8192 bytes, sample_rate=16000
2025-09-20 02:58:07.537 | TRACE    | audio | add_audio_chunk:577 | PCM解码完成: samples=4096
2025-09-20 02:58:07.538 | DEBUG    | audio | add_audio_chunk:668 | 音频质量分析: samples=4096, max_amp=0.0192, rms_amp=0.0062, mean_amp=0.0050, non_zero_ratio=0.998, zero_ratio=0.002
2025-09-20 02:58:07.541 | DEBUG    | audio | add_audio_chunk:739 | 🎵 音频活动[低]: max_amp=0.019226 > 0.003
2025-09-20 02:58:07.542 | DEBUG    | audio | add_audio_chunk:743 | 音频块处理完成: format=pcm, samples=4096, max_amp=0.0192, rms_amp=0.0062, buffer_before=135168, buffer_after=139264, trimmed=False, processing_time=58.5ms
2025-09-20 02:58:07.568 | DEBUG    | audio | add_audio_chunk:777 | 🔉 轻声音频输入: RMS=0.006240, 时长=0.26s
2025-09-20 02:58:07.710 | TRACE    | audio | add_audio_chunk:525 | 收到音频块: format=pcm, raw_size=8192 bytes, sample_rate=16000
2025-09-20 02:58:07.715 | TRACE    | audio | add_audio_chunk:577 | PCM解码完成: samples=4096
2025-09-20 02:58:07.715 | DEBUG    | audio | add_audio_chunk:668 | 音频质量分析: samples=4096, max_amp=0.0259, rms_amp=0.0088, mean_amp=0.0072, non_zero_ratio=0.999, zero_ratio=0.001
2025-09-20 02:58:07.717 | DEBUG    | audio | add_audio_chunk:739 | 🎵 音频活动[低]: max_amp=0.025879 > 0.003
2025-09-20 02:58:07.717 | DEBUG    | audio | add_audio_chunk:743 | 音频块处理完成: format=pcm, samples=4096, max_amp=0.0259, rms_amp=0.0088, buffer_before=139264, buffer_after=143360, trimmed=False, processing_time=6.9ms
2025-09-20 02:58:07.723 | DEBUG    | audio | add_audio_chunk:777 | 🔉 轻声音频输入: RMS=0.008788, 时长=0.26s
2025-09-20 02:58:07.970 | TRACE    | audio | add_audio_chunk:525 | 收到音频块: format=pcm, raw_size=8192 bytes, sample_rate=16000
2025-09-20 02:58:07.973 | TRACE    | audio | add_audio_chunk:577 | PCM解码完成: samples=4096
2025-09-20 02:58:07.974 | DEBUG    | audio | add_audio_chunk:668 | 音频质量分析: samples=4096, max_amp=0.0250, rms_amp=0.0079, mean_amp=0.0060, non_zero_ratio=0.998, zero_ratio=0.002
2025-09-20 02:58:07.976 | DEBUG    | audio | add_audio_chunk:739 | 🎵 音频活动[低]: max_amp=0.025024 > 0.003
2025-09-20 02:58:07.976 | DEBUG    | audio | add_audio_chunk:743 | 音频块处理完成: format=pcm, samples=4096, max_amp=0.0250, rms_amp=0.0079, buffer_before=143360, buffer_after=147456, trimmed=False, processing_time=5.7ms
2025-09-20 02:58:07.981 | DEBUG    | audio | add_audio_chunk:777 | 🔉 轻声音频输入: RMS=0.007902, 时长=0.26s
2025-09-20 02:58:08.221 | TRACE    | audio | add_audio_chunk:525 | 收到音频块: format=pcm, raw_size=8192 bytes, sample_rate=16000
2025-09-20 02:58:08.225 | TRACE    | audio | add_audio_chunk:577 | PCM解码完成: samples=4096
2025-09-20 02:58:08.225 | DEBUG    | audio | add_audio_chunk:668 | 音频质量分析: samples=4096, max_amp=0.0245, rms_amp=0.0101, mean_amp=0.0086, non_zero_ratio=0.998, zero_ratio=0.002
2025-09-20 02:58:08.228 | DEBUG    | audio | add_audio_chunk:739 | 🎵 音频活动[低]: max_amp=0.024506 > 0.003
2025-09-20 02:58:08.228 | DEBUG    | audio | add_audio_chunk:743 | 音频块处理完成: format=pcm, samples=4096, max_amp=0.0245, rms_amp=0.0101, buffer_before=147456, buffer_after=151552, trimmed=False, processing_time=7.0ms
2025-09-20 02:58:08.233 | INFO     | audio | add_audio_chunk:775 | ✅ 标准音频输入: RMS=0.010051, 时长=0.26s
2025-09-20 02:58:08.480 | TRACE    | audio | add_audio_chunk:525 | 收到音频块: format=pcm, raw_size=8192 bytes, sample_rate=16000
2025-09-20 02:58:08.484 | TRACE    | audio | add_audio_chunk:577 | PCM解码完成: samples=4096
2025-09-20 02:58:08.485 | DEBUG    | audio | add_audio_chunk:668 | 音频质量分析: samples=4096, max_amp=0.0269, rms_amp=0.0068, mean_amp=0.0049, non_zero_ratio=0.998, zero_ratio=0.002
2025-09-20 02:58:08.487 | DEBUG    | audio | add_audio_chunk:739 | 🎵 音频活动[低]: max_amp=0.026855 > 0.003
2025-09-20 02:58:08.487 | DEBUG    | audio | add_audio_chunk:743 | 音频块处理完成: format=pcm, samples=4096, max_amp=0.0269, rms_amp=0.0068, buffer_before=151552, buffer_after=155648, trimmed=False, processing_time=6.7ms
2025-09-20 02:58:08.504 | DEBUG    | audio | add_audio_chunk:777 | 🔉 轻声音频输入: RMS=0.006766, 时长=0.26s
2025-09-20 02:58:08.731 | TRACE    | audio | add_audio_chunk:525 | 收到音频块: format=pcm, raw_size=8192 bytes, sample_rate=16000
2025-09-20 02:58:08.735 | TRACE    | audio | add_audio_chunk:577 | PCM解码完成: samples=4096
2025-09-20 02:58:08.736 | INFO     | audio | add_audio_chunk:657 | AGC已应用: 原始RMS=0.002303, 增益=10.00
2025-09-20 02:58:08.736 | DEBUG    | audio | add_audio_chunk:668 | 音频质量分析: samples=4096, max_amp=0.0629, rms_amp=0.0230, mean_amp=0.0193, non_zero_ratio=0.996, zero_ratio=0.004
2025-09-20 02:58:08.738 | DEBUG    | audio | add_audio_chunk:739 | 🎵 音频活动[中]: max_amp=0.062866 > 0.003
2025-09-20 02:58:08.738 | DEBUG    | audio | add_audio_chunk:743 | 音频块处理完成: format=pcm, samples=4096, max_amp=0.0629, rms_amp=0.0230, buffer_before=155648, buffer_after=159744, trimmed=False, processing_time=7.4ms
2025-09-20 02:58:08.744 | INFO     | audio | add_audio_chunk:775 | ✅ 标准音频输入: RMS=0.023033, 时长=0.26s
2025-09-20 02:58:08.990 | TRACE    | audio | add_audio_chunk:525 | 收到音频块: format=pcm, raw_size=8192 bytes, sample_rate=16000
2025-09-20 02:58:08.995 | TRACE    | audio | add_audio_chunk:577 | PCM解码完成: samples=4096
2025-09-20 02:58:08.995 | INFO     | audio | add_audio_chunk:657 | AGC已应用: 原始RMS=0.003376, 增益=8.89
2025-09-20 02:58:08.995 | DEBUG    | audio | add_audio_chunk:668 | 音频质量分析: samples=4096, max_amp=0.0957, rms_amp=0.0300, mean_amp=0.0228, non_zero_ratio=0.995, zero_ratio=0.005
2025-09-20 02:58:08.997 | DEBUG    | audio | add_audio_chunk:739 | 🎵 音频活动[中]: max_amp=0.095730 > 0.003
2025-09-20 02:58:08.997 | DEBUG    | audio | add_audio_chunk:743 | 音频块处理完成: format=pcm, samples=4096, max_amp=0.0957, rms_amp=0.0300, buffer_before=159744, buffer_after=163840, trimmed=False, processing_time=7.0ms
2025-09-20 02:58:09.002 | INFO     | audio | add_audio_chunk:775 | ✅ 标准音频输入: RMS=0.030000, 时长=0.26s
2025-09-20 02:58:09.251 | TRACE    | audio | add_audio_chunk:525 | 收到音频块: format=pcm, raw_size=8192 bytes, sample_rate=16000
2025-09-20 02:58:09.255 | TRACE    | audio | add_audio_chunk:577 | PCM解码完成: samples=4096
2025-09-20 02:58:09.255 | INFO     | audio | add_audio_chunk:657 | AGC已应用: 原始RMS=0.003187, 增益=9.41
2025-09-20 02:58:09.255 | DEBUG    | audio | add_audio_chunk:668 | 音频质量分析: samples=4096, max_amp=0.1023, rms_amp=0.0300, mean_amp=0.0221, non_zero_ratio=0.993, zero_ratio=0.007
2025-09-20 02:58:09.257 | DEBUG    | audio | add_audio_chunk:739 | 🎵 音频活动[高]: max_amp=0.102276 > 0.003
2025-09-20 02:58:09.258 | DEBUG    | audio | add_audio_chunk:743 | 音频块处理完成: format=pcm, samples=4096, max_amp=0.1023, rms_amp=0.0300, buffer_before=163840, buffer_after=167936, trimmed=False, processing_time=7.1ms
2025-09-20 02:58:09.263 | INFO     | audio | add_audio_chunk:775 | ✅ 标准音频输入: RMS=0.030000, 时长=0.26s
2025-09-20 02:58:09.501 | TRACE    | audio | add_audio_chunk:525 | 收到音频块: format=pcm, raw_size=8192 bytes, sample_rate=16000
2025-09-20 02:58:09.505 | TRACE    | audio | add_audio_chunk:577 | PCM解码完成: samples=4096
2025-09-20 02:58:09.505 | INFO     | audio | add_audio_chunk:657 | AGC已应用: 原始RMS=0.002589, 增益=10.00
2025-09-20 02:58:09.505 | DEBUG    | audio | add_audio_chunk:668 | 音频质量分析: samples=4096, max_amp=0.0748, rms_amp=0.0259, mean_amp=0.0210, non_zero_ratio=0.995, zero_ratio=0.005
2025-09-20 02:58:09.507 | DEBUG    | audio | add_audio_chunk:739 | 🎵 音频活动[中]: max_amp=0.074768 > 0.003
2025-09-20 02:58:09.507 | DEBUG    | audio | add_audio_chunk:743 | 音频块处理完成: format=pcm, samples=4096, max_amp=0.0748, rms_amp=0.0259, buffer_before=167936, buffer_after=172032, trimmed=False, processing_time=6.6ms
2025-09-20 02:58:09.526 | INFO     | audio | add_audio_chunk:775 | ✅ 标准音频输入: RMS=0.025886, 时长=0.26s
2025-09-20 02:58:09.764 | TRACE    | audio | add_audio_chunk:525 | 收到音频块: format=pcm, raw_size=8192 bytes, sample_rate=16000
2025-09-20 02:58:09.777 | TRACE    | audio | add_audio_chunk:577 | PCM解码完成: samples=4096
2025-09-20 02:58:09.777 | INFO     | audio | add_audio_chunk:657 | AGC已应用: 原始RMS=0.003385, 增益=8.86
2025-09-20 02:58:09.777 | DEBUG    | audio | add_audio_chunk:668 | 音频质量分析: samples=4096, max_amp=0.0955, rms_amp=0.0300, mean_amp=0.0222, non_zero_ratio=0.996, zero_ratio=0.004
2025-09-20 02:58:09.780 | DEBUG    | audio | add_audio_chunk:739 | 🎵 音频活动[中]: max_amp=0.095463 > 0.003
2025-09-20 02:58:09.780 | DEBUG    | audio | add_audio_chunk:743 | 音频块处理完成: format=pcm, samples=4096, max_amp=0.0955, rms_amp=0.0300, buffer_before=172032, buffer_after=176128, trimmed=False, processing_time=15.7ms
2025-09-20 02:58:09.785 | INFO     | audio | add_audio_chunk:775 | ✅ 标准音频输入: RMS=0.030000, 时长=0.26s
2025-09-20 02:58:10.011 | TRACE    | audio | add_audio_chunk:525 | 收到音频块: format=pcm, raw_size=8192 bytes, sample_rate=16000
2025-09-20 02:58:10.015 | TRACE    | audio | add_audio_chunk:577 | PCM解码完成: samples=4096
2025-09-20 02:58:10.015 | INFO     | audio | add_audio_chunk:657 | AGC已应用: 原始RMS=0.003962, 增益=7.57
2025-09-20 02:58:10.015 | DEBUG    | audio | add_audio_chunk:668 | 音频质量分析: samples=4096, max_amp=0.0721, rms_amp=0.0300, mean_amp=0.0248, non_zero_ratio=0.997, zero_ratio=0.003
2025-09-20 02:58:10.017 | DEBUG    | audio | add_audio_chunk:739 | 🎵 音频活动[中]: max_amp=0.072090 > 0.003
2025-09-20 02:58:10.018 | DEBUG    | audio | add_audio_chunk:743 | 音频块处理完成: format=pcm, samples=4096, max_amp=0.0721, rms_amp=0.0300, buffer_before=176128, buffer_after=180224, trimmed=False, processing_time=7.3ms
2025-09-20 02:58:10.023 | INFO     | audio | add_audio_chunk:775 | ✅ 标准音频输入: RMS=0.030000, 时长=0.26s
2025-09-20 02:58:10.271 | TRACE    | audio | add_audio_chunk:525 | 收到音频块: format=pcm, raw_size=8192 bytes, sample_rate=16000
2025-09-20 02:58:10.275 | TRACE    | audio | add_audio_chunk:577 | PCM解码完成: samples=4096
2025-09-20 02:58:10.276 | INFO     | audio | add_audio_chunk:657 | AGC已应用: 原始RMS=0.002871, 增益=10.00
2025-09-20 02:58:10.276 | DEBUG    | audio | add_audio_chunk:668 | 音频质量分析: samples=4096, max_amp=0.1004, rms_amp=0.0287, mean_amp=0.0224, non_zero_ratio=0.996, zero_ratio=0.004
2025-09-20 02:58:10.278 | DEBUG    | audio | add_audio_chunk:739 | 🎵 音频活动[高]: max_amp=0.100403 > 0.003
2025-09-20 02:58:10.278 | DEBUG    | audio | add_audio_chunk:743 | 音频块处理完成: format=pcm, samples=4096, max_amp=0.1004, rms_amp=0.0287, buffer_before=180224, buffer_after=184320, trimmed=False, processing_time=7.0ms
2025-09-20 02:58:10.283 | INFO     | audio | add_audio_chunk:775 | ✅ 标准音频输入: RMS=0.028714, 时长=0.26s
2025-09-20 02:58:10.531 | TRACE    | audio | add_audio_chunk:525 | 收到音频块: format=pcm, raw_size=8192 bytes, sample_rate=16000
2025-09-20 02:58:10.543 | TRACE    | audio | add_audio_chunk:577 | PCM解码完成: samples=4096
2025-09-20 02:58:10.543 | INFO     | audio | add_audio_chunk:657 | AGC已应用: 原始RMS=0.002978, 增益=10.00
2025-09-20 02:58:10.546 | DEBUG    | audio | add_audio_chunk:668 | 音频质量分析: samples=4096, max_amp=0.0793, rms_amp=0.0298, mean_amp=0.0247, non_zero_ratio=0.998, zero_ratio=0.002
2025-09-20 02:58:10.549 | DEBUG    | audio | add_audio_chunk:739 | 🎵 音频活动[中]: max_amp=0.079346 > 0.003
2025-09-20 02:58:10.550 | DEBUG    | audio | add_audio_chunk:743 | 音频块处理完成: format=pcm, samples=4096, max_amp=0.0793, rms_amp=0.0298, buffer_before=184320, buffer_after=188416, trimmed=False, processing_time=19.0ms
2025-09-20 02:58:10.556 | INFO     | audio | add_audio_chunk:775 | ✅ 标准音频输入: RMS=0.029785, 时长=0.26s
2025-09-20 02:58:10.780 | TRACE    | audio | add_audio_chunk:525 | 收到音频块: format=pcm, raw_size=8192 bytes, sample_rate=16000
2025-09-20 02:58:10.786 | TRACE    | audio | add_audio_chunk:577 | PCM解码完成: samples=4096
2025-09-20 02:58:10.786 | INFO     | audio | add_audio_chunk:657 | AGC已应用: 原始RMS=0.003215, 增益=9.33
2025-09-20 02:58:10.787 | DEBUG    | audio | add_audio_chunk:668 | 音频质量分析: samples=4096, max_amp=0.1042, rms_amp=0.0300, mean_amp=0.0229, non_zero_ratio=0.997, zero_ratio=0.003
2025-09-20 02:58:10.789 | DEBUG    | audio | add_audio_chunk:739 | 🎵 音频活动[高]: max_amp=0.104233 > 0.003
2025-09-20 02:58:10.789 | DEBUG    | audio | add_audio_chunk:743 | 音频块处理完成: format=pcm, samples=4096, max_amp=0.1042, rms_amp=0.0300, buffer_before=188416, buffer_after=192512, trimmed=False, processing_time=8.7ms
2025-09-20 02:58:10.794 | INFO     | audio | add_audio_chunk:775 | ✅ 标准音频输入: RMS=0.030000, 时长=0.26s
2025-09-20 02:58:11.041 | TRACE    | audio | add_audio_chunk:525 | 收到音频块: format=pcm, raw_size=8192 bytes, sample_rate=16000
2025-09-20 02:58:11.047 | TRACE    | audio | add_audio_chunk:577 | PCM解码完成: samples=4096
2025-09-20 02:58:11.047 | INFO     | audio | add_audio_chunk:657 | AGC已应用: 原始RMS=0.002446, 增益=10.00
2025-09-20 02:58:11.047 | DEBUG    | audio | add_audio_chunk:668 | 音频质量分析: samples=4096, max_amp=0.0659, rms_amp=0.0245, mean_amp=0.0199, non_zero_ratio=0.994, zero_ratio=0.006
2025-09-20 02:58:11.050 | DEBUG    | audio | add_audio_chunk:739 | 🎵 音频活动[中]: max_amp=0.065918 > 0.003
2025-09-20 02:58:11.055 | DEBUG    | audio | add_audio_chunk:743 | 音频块处理完成: format=pcm, samples=4096, max_amp=0.0659, rms_amp=0.0245, buffer_before=192512, buffer_after=196608, trimmed=False, processing_time=14.2ms
2025-09-20 02:58:11.071 | INFO     | audio | add_audio_chunk:775 | ✅ 标准音频输入: RMS=0.024462, 时长=0.26s
2025-09-20 02:58:11.291 | TRACE    | audio | add_audio_chunk:525 | 收到音频块: format=pcm, raw_size=8192 bytes, sample_rate=16000
2025-09-20 02:58:11.295 | TRACE    | audio | add_audio_chunk:577 | PCM解码完成: samples=4096
2025-09-20 02:58:11.295 | INFO     | audio | add_audio_chunk:657 | AGC已应用: 原始RMS=0.002587, 增益=10.00
2025-09-20 02:58:11.295 | DEBUG    | audio | add_audio_chunk:668 | 音频质量分析: samples=4096, max_amp=0.0735, rms_amp=0.0259, mean_amp=0.0208, non_zero_ratio=0.995, zero_ratio=0.005
2025-09-20 02:58:11.297 | DEBUG    | audio | add_audio_chunk:739 | 🎵 音频活动[中]: max_amp=0.073547 > 0.003
2025-09-20 02:58:11.297 | DEBUG    | audio | add_audio_chunk:743 | 音频块处理完成: format=pcm, samples=4096, max_amp=0.0735, rms_amp=0.0259, buffer_before=196608, buffer_after=200704, trimmed=False, processing_time=6.7ms
2025-09-20 02:58:11.306 | INFO     | audio | add_audio_chunk:775 | ✅ 标准音频输入: RMS=0.025865, 时长=0.26s
2025-09-20 02:58:11.551 | TRACE    | audio | add_audio_chunk:525 | 收到音频块: format=pcm, raw_size=8192 bytes, sample_rate=16000
2025-09-20 02:58:11.555 | TRACE    | audio | add_audio_chunk:577 | PCM解码完成: samples=4096
2025-09-20 02:58:11.555 | DEBUG    | audio | add_audio_chunk:668 | 音频质量分析: samples=4096, max_amp=0.0197, rms_amp=0.0055, mean_amp=0.0043, non_zero_ratio=0.998, zero_ratio=0.002
2025-09-20 02:58:11.557 | DEBUG    | audio | add_audio_chunk:739 | 🎵 音频活动[低]: max_amp=0.019653 > 0.003
2025-09-20 02:58:11.557 | DEBUG    | audio | add_audio_chunk:743 | 音频块处理完成: format=pcm, samples=4096, max_amp=0.0197, rms_amp=0.0055, buffer_before=200704, buffer_after=204800, trimmed=False, processing_time=6.7ms
2025-09-20 02:58:11.562 | DEBUG    | audio | add_audio_chunk:777 | 🔉 轻声音频输入: RMS=0.005533, 时长=0.26s
2025-09-20 02:58:11.810 | TRACE    | audio | add_audio_chunk:525 | 收到音频块: format=pcm, raw_size=8192 bytes, sample_rate=16000
2025-09-20 02:58:11.814 | TRACE    | audio | add_audio_chunk:577 | PCM解码完成: samples=4096
2025-09-20 02:58:11.815 | DEBUG    | audio | add_audio_chunk:668 | 音频质量分析: samples=4096, max_amp=0.0257, rms_amp=0.0084, mean_amp=0.0063, non_zero_ratio=0.999, zero_ratio=0.001
2025-09-20 02:58:11.817 | DEBUG    | audio | add_audio_chunk:739 | 🎵 音频活动[低]: max_amp=0.025665 > 0.003
2025-09-20 02:58:11.817 | DEBUG    | audio | add_audio_chunk:743 | 音频块处理完成: format=pcm, samples=4096, max_amp=0.0257, rms_amp=0.0084, buffer_before=204800, buffer_after=208896, trimmed=False, processing_time=7.2ms
2025-09-20 02:58:11.822 | DEBUG    | audio | add_audio_chunk:777 | 🔉 轻声音频输入: RMS=0.008358, 时长=0.26s
2025-09-20 02:58:12.062 | TRACE    | audio | add_audio_chunk:525 | 收到音频块: format=pcm, raw_size=8192 bytes, sample_rate=16000
2025-09-20 02:58:12.071 | TRACE    | audio | add_audio_chunk:577 | PCM解码完成: samples=4096
2025-09-20 02:58:12.071 | DEBUG    | audio | add_audio_chunk:668 | 音频质量分析: samples=4096, max_amp=0.0204, rms_amp=0.0066, mean_amp=0.0053, non_zero_ratio=0.999, zero_ratio=0.001
2025-09-20 02:58:12.074 | DEBUG    | audio | add_audio_chunk:739 | 🎵 音频活动[低]: max_amp=0.020447 > 0.003
2025-09-20 02:58:12.074 | DEBUG    | audio | add_audio_chunk:743 | 音频块处理完成: format=pcm, samples=4096, max_amp=0.0204, rms_amp=0.0066, buffer_before=208896, buffer_after=212992, trimmed=False, processing_time=12.0ms
2025-09-20 02:58:12.079 | DEBUG    | audio | add_audio_chunk:777 | 🔉 轻声音频输入: RMS=0.006552, 时长=0.26s
2025-09-20 02:58:12.321 | TRACE    | audio | add_audio_chunk:525 | 收到音频块: format=pcm, raw_size=8192 bytes, sample_rate=16000
2025-09-20 02:58:12.329 | TRACE    | audio | add_audio_chunk:577 | PCM解码完成: samples=4096
2025-09-20 02:58:12.330 | INFO     | audio | add_audio_chunk:657 | AGC已应用: 原始RMS=0.004966, 增益=6.04
2025-09-20 02:58:12.330 | DEBUG    | audio | add_audio_chunk:668 | 音频质量分析: samples=4096, max_amp=0.0835, rms_amp=0.0300, mean_amp=0.0244, non_zero_ratio=0.997, zero_ratio=0.003
2025-09-20 02:58:12.332 | DEBUG    | audio | add_audio_chunk:739 | 🎵 音频活动[中]: max_amp=0.083515 > 0.003
2025-09-20 02:58:12.332 | DEBUG    | audio | add_audio_chunk:743 | 音频块处理完成: format=pcm, samples=4096, max_amp=0.0835, rms_amp=0.0300, buffer_before=212992, buffer_after=217088, trimmed=False, processing_time=11.5ms
2025-09-20 02:58:12.339 | INFO     | audio | add_audio_chunk:775 | ✅ 标准音频输入: RMS=0.030000, 时长=0.26s
2025-09-20 02:58:12.571 | TRACE    | audio | add_audio_chunk:525 | 收到音频块: format=pcm, raw_size=8192 bytes, sample_rate=16000
2025-09-20 02:58:12.574 | TRACE    | audio | add_audio_chunk:577 | PCM解码完成: samples=4096
2025-09-20 02:58:12.574 | INFO     | audio | add_audio_chunk:657 | AGC已应用: 原始RMS=0.003601, 增益=8.33
2025-09-20 02:58:12.575 | DEBUG    | audio | add_audio_chunk:668 | 音频质量分析: samples=4096, max_amp=0.1152, rms_amp=0.0300, mean_amp=0.0229, non_zero_ratio=0.995, zero_ratio=0.005
2025-09-20 02:58:12.577 | DEBUG    | audio | add_audio_chunk:739 | 🎵 音频活动[高]: max_amp=0.115166 > 0.003
2025-09-20 02:58:12.577 | DEBUG    | audio | add_audio_chunk:743 | 音频块处理完成: format=pcm, samples=4096, max_amp=0.1152, rms_amp=0.0300, buffer_before=217088, buffer_after=221184, trimmed=False, processing_time=6.4ms
2025-09-20 02:58:12.581 | INFO     | audio | add_audio_chunk:775 | ✅ 标准音频输入: RMS=0.030000, 时长=0.26s
2025-09-20 02:58:12.831 | TRACE    | audio | add_audio_chunk:525 | 收到音频块: format=pcm, raw_size=8192 bytes, sample_rate=16000
2025-09-20 02:58:12.834 | TRACE    | audio | add_audio_chunk:577 | PCM解码完成: samples=4096
2025-09-20 02:58:12.835 | INFO     | audio | add_audio_chunk:657 | AGC已应用: 原始RMS=0.004474, 增益=6.71
2025-09-20 02:58:12.835 | DEBUG    | audio | add_audio_chunk:668 | 音频质量分析: samples=4096, max_amp=0.1481, rms_amp=0.0300, mean_amp=0.0234, non_zero_ratio=0.998, zero_ratio=0.002
2025-09-20 02:58:12.837 | DEBUG    | audio | add_audio_chunk:739 | 🎵 音频活动[高]: max_amp=0.148149 > 0.003
2025-09-20 02:58:12.837 | DEBUG    | audio | add_audio_chunk:743 | 音频块处理完成: format=pcm, samples=4096, max_amp=0.1481, rms_amp=0.0300, buffer_before=221184, buffer_after=225280, trimmed=False, processing_time=6.6ms
2025-09-20 02:58:12.843 | INFO     | audio | add_audio_chunk:775 | ✅ 标准音频输入: RMS=0.030000, 时长=0.26s
2025-09-20 02:58:13.096 | TRACE    | audio | add_audio_chunk:525 | 收到音频块: format=pcm, raw_size=8192 bytes, sample_rate=16000
2025-09-20 02:58:13.100 | TRACE    | audio | add_audio_chunk:577 | PCM解码完成: samples=4096
2025-09-20 02:58:13.100 | INFO     | audio | add_audio_chunk:657 | AGC已应用: 原始RMS=0.004319, 增益=6.95
2025-09-20 02:58:13.100 | DEBUG    | audio | add_audio_chunk:668 | 音频质量分析: samples=4096, max_amp=0.1715, rms_amp=0.0300, mean_amp=0.0230, non_zero_ratio=0.997, zero_ratio=0.003
2025-09-20 02:58:13.103 | DEBUG    | audio | add_audio_chunk:739 | 🎵 音频活动[高]: max_amp=0.171492 > 0.003
2025-09-20 02:58:13.104 | DEBUG    | audio | add_audio_chunk:743 | 音频块处理完成: format=pcm, samples=4096, max_amp=0.1715, rms_amp=0.0300, buffer_before=225280, buffer_after=229376, trimmed=False, processing_time=7.7ms
2025-09-20 02:58:13.114 | INFO     | audio | add_audio_chunk:775 | ✅ 标准音频输入: RMS=0.030000, 时长=0.26s
2025-09-20 02:58:13.341 | TRACE    | audio | add_audio_chunk:525 | 收到音频块: format=pcm, raw_size=8192 bytes, sample_rate=16000
2025-09-20 02:58:13.345 | TRACE    | audio | add_audio_chunk:577 | PCM解码完成: samples=4096
2025-09-20 02:58:13.345 | DEBUG    | audio | add_audio_chunk:668 | 音频质量分析: samples=4096, max_amp=0.0268, rms_amp=0.0065, mean_amp=0.0049, non_zero_ratio=0.999, zero_ratio=0.001
2025-09-20 02:58:13.347 | DEBUG    | audio | add_audio_chunk:739 | 🎵 音频活动[低]: max_amp=0.026825 > 0.003
2025-09-20 02:58:13.348 | DEBUG    | audio | add_audio_chunk:743 | 音频块处理完成: format=pcm, samples=4096, max_amp=0.0268, rms_amp=0.0065, buffer_before=229376, buffer_after=233472, trimmed=False, processing_time=6.6ms
2025-09-20 02:58:13.353 | DEBUG    | audio | add_audio_chunk:777 | 🔉 轻声音频输入: RMS=0.006495, 时长=0.26s
2025-09-20 02:58:13.601 | TRACE    | audio | add_audio_chunk:525 | 收到音频块: format=pcm, raw_size=8192 bytes, sample_rate=16000
2025-09-20 02:58:13.605 | TRACE    | audio | add_audio_chunk:577 | PCM解码完成: samples=4096
2025-09-20 02:58:13.605 | INFO     | audio | add_audio_chunk:657 | AGC已应用: 原始RMS=0.003031, 增益=9.90
2025-09-20 02:58:13.606 | DEBUG    | audio | add_audio_chunk:668 | 音频质量分析: samples=4096, max_amp=0.1809, rms_amp=0.0300, mean_amp=0.0217, non_zero_ratio=0.997, zero_ratio=0.003
2025-09-20 02:58:13.608 | DEBUG    | audio | add_audio_chunk:739 | 🎵 音频活动[高]: max_amp=0.180917 > 0.003
2025-09-20 02:58:13.608 | DEBUG    | audio | add_audio_chunk:743 | 音频块处理完成: format=pcm, samples=4096, max_amp=0.1809, rms_amp=0.0300, buffer_before=233472, buffer_after=237568, trimmed=False, processing_time=7.1ms
2025-09-20 02:58:13.613 | INFO     | audio | add_audio_chunk:775 | ✅ 标准音频输入: RMS=0.030000, 时长=0.26s
2025-09-20 02:58:13.851 | TRACE    | audio | add_audio_chunk:525 | 收到音频块: format=pcm, raw_size=8192 bytes, sample_rate=16000
2025-09-20 02:58:13.854 | TRACE    | audio | add_audio_chunk:577 | PCM解码完成: samples=4096
2025-09-20 02:58:13.855 | DEBUG    | audio | add_audio_chunk:668 | 音频质量分析: samples=4096, max_amp=0.0322, rms_amp=0.0098, mean_amp=0.0076, non_zero_ratio=0.999, zero_ratio=0.001
2025-09-20 02:58:13.857 | DEBUG    | audio | add_audio_chunk:739 | 🎵 音频活动[中]: max_amp=0.032196 > 0.003
2025-09-20 02:58:13.857 | DEBUG    | audio | add_audio_chunk:743 | 音频块处理完成: format=pcm, samples=4096, max_amp=0.0322, rms_amp=0.0098, buffer_before=237568, buffer_after=241664, trimmed=False, processing_time=6.3ms
2025-09-20 02:58:13.864 | DEBUG    | audio | add_audio_chunk:777 | 🔉 轻声音频输入: RMS=0.009785, 时长=0.26s
2025-09-20 02:58:14.111 | TRACE    | audio | add_audio_chunk:525 | 收到音频块: format=pcm, raw_size=8192 bytes, sample_rate=16000
2025-09-20 02:58:14.115 | TRACE    | audio | add_audio_chunk:577 | PCM解码完成: samples=4096
2025-09-20 02:58:14.115 | DEBUG    | audio | add_audio_chunk:668 | 音频质量分析: samples=4096, max_amp=0.0208, rms_amp=0.0072, mean_amp=0.0059, non_zero_ratio=0.998, zero_ratio=0.002
2025-09-20 02:58:14.117 | DEBUG    | audio | add_audio_chunk:739 | 🎵 音频活动[低]: max_amp=0.020782 > 0.003
2025-09-20 02:58:14.117 | DEBUG    | audio | add_audio_chunk:743 | 音频块处理完成: format=pcm, samples=4096, max_amp=0.0208, rms_amp=0.0072, buffer_before=241664, buffer_after=245760, trimmed=False, processing_time=6.3ms
2025-09-20 02:58:14.123 | DEBUG    | audio | add_audio_chunk:777 | 🔉 轻声音频输入: RMS=0.007162, 时长=0.26s
2025-09-20 02:58:14.371 | TRACE    | audio | add_audio_chunk:525 | 收到音频块: format=pcm, raw_size=8192 bytes, sample_rate=16000
2025-09-20 02:58:14.375 | TRACE    | audio | add_audio_chunk:577 | PCM解码完成: samples=4096
2025-09-20 02:58:14.376 | DEBUG    | audio | add_audio_chunk:668 | 音频质量分析: samples=4096, max_amp=0.0186, rms_amp=0.0057, mean_amp=0.0041, non_zero_ratio=0.996, zero_ratio=0.004
2025-09-20 02:58:14.378 | DEBUG    | audio | add_audio_chunk:739 | 🎵 音频活动[低]: max_amp=0.018616 > 0.003
2025-09-20 02:58:14.379 | DEBUG    | audio | add_audio_chunk:743 | 音频块处理完成: format=pcm, samples=4096, max_amp=0.0186, rms_amp=0.0057, buffer_before=245760, buffer_after=249856, trimmed=False, processing_time=7.6ms
2025-09-20 02:58:14.387 | DEBUG    | audio | add_audio_chunk:777 | 🔉 轻声音频输入: RMS=0.005715, 时长=0.26s
2025-09-20 02:58:14.621 | TRACE    | audio | add_audio_chunk:525 | 收到音频块: format=pcm, raw_size=8192 bytes, sample_rate=16000
2025-09-20 02:58:14.625 | TRACE    | audio | add_audio_chunk:577 | PCM解码完成: samples=4096
2025-09-20 02:58:14.625 | DEBUG    | audio | add_audio_chunk:668 | 音频质量分析: samples=4096, max_amp=0.0261, rms_amp=0.0085, mean_amp=0.0067, non_zero_ratio=1.000, zero_ratio=0.000
2025-09-20 02:58:14.628 | DEBUG    | audio | add_audio_chunk:739 | 🎵 音频活动[低]: max_amp=0.026062 > 0.003
2025-09-20 02:58:14.628 | DEBUG    | audio | add_audio_chunk:743 | 音频块处理完成: format=pcm, samples=4096, max_amp=0.0261, rms_amp=0.0085, buffer_before=249856, buffer_after=253952, trimmed=False, processing_time=6.4ms
2025-09-20 02:58:14.635 | DEBUG    | audio | add_audio_chunk:777 | 🔉 轻声音频输入: RMS=0.008539, 时长=0.26s
2025-09-20 02:58:14.881 | TRACE    | audio | add_audio_chunk:525 | 收到音频块: format=pcm, raw_size=8192 bytes, sample_rate=16000
2025-09-20 02:58:14.885 | TRACE    | audio | add_audio_chunk:577 | PCM解码完成: samples=4096
2025-09-20 02:58:14.885 | DEBUG    | audio | add_audio_chunk:668 | 音频质量分析: samples=4096, max_amp=0.0202, rms_amp=0.0078, mean_amp=0.0066, non_zero_ratio=0.999, zero_ratio=0.001
2025-09-20 02:58:14.887 | DEBUG    | audio | add_audio_chunk:739 | 🎵 音频活动[低]: max_amp=0.020233 > 0.003
2025-09-20 02:58:14.887 | DEBUG    | audio | add_audio_chunk:743 | 音频块处理完成: format=pcm, samples=4096, max_amp=0.0202, rms_amp=0.0078, buffer_before=253952, buffer_after=258048, trimmed=False, processing_time=6.5ms
2025-09-20 02:58:14.894 | DEBUG    | audio | add_audio_chunk:777 | 🔉 轻声音频输入: RMS=0.007848, 时长=0.26s
2025-09-20 02:58:15.132 | TRACE    | audio | add_audio_chunk:525 | 收到音频块: format=pcm, raw_size=8192 bytes, sample_rate=16000
2025-09-20 02:58:15.138 | TRACE    | audio | add_audio_chunk:577 | PCM解码完成: samples=4096
2025-09-20 02:58:15.140 | DEBUG    | audio | add_audio_chunk:668 | 音频质量分析: samples=4096, max_amp=0.0276, rms_amp=0.0060, mean_amp=0.0044, non_zero_ratio=0.997, zero_ratio=0.003
2025-09-20 02:58:15.142 | DEBUG    | audio | add_audio_chunk:739 | 🎵 音频活动[低]: max_amp=0.027649 > 0.003
2025-09-20 02:58:15.142 | DEBUG    | audio | add_audio_chunk:743 | 音频块处理完成: format=pcm, samples=4096, max_amp=0.0276, rms_amp=0.0060, buffer_before=258048, buffer_after=262144, trimmed=False, processing_time=10.2ms
2025-09-20 02:58:15.148 | DEBUG    | audio | add_audio_chunk:777 | 🔉 轻声音频输入: RMS=0.006034, 时长=0.26s
2025-09-20 02:58:15.391 | TRACE    | audio | add_audio_chunk:525 | 收到音频块: format=pcm, raw_size=8192 bytes, sample_rate=16000
2025-09-20 02:58:15.395 | TRACE    | audio | add_audio_chunk:577 | PCM解码完成: samples=4096
2025-09-20 02:58:15.395 | DEBUG    | audio | add_audio_chunk:668 | 音频质量分析: samples=4096, max_amp=0.0234, rms_amp=0.0087, mean_amp=0.0073, non_zero_ratio=1.000, zero_ratio=0.000
2025-09-20 02:58:15.397 | DEBUG    | audio | add_audio_chunk:739 | 🎵 音频活动[低]: max_amp=0.023376 > 0.003
2025-09-20 02:58:15.398 | DEBUG    | audio | add_audio_chunk:743 | 音频块处理完成: format=pcm, samples=4096, max_amp=0.0234, rms_amp=0.0087, buffer_before=262144, buffer_after=266240, trimmed=False, processing_time=6.5ms
2025-09-20 02:58:15.404 | DEBUG    | audio | add_audio_chunk:777 | 🔉 轻声音频输入: RMS=0.008746, 时长=0.26s
2025-09-20 02:58:15.652 | TRACE    | audio | add_audio_chunk:525 | 收到音频块: format=pcm, raw_size=8192 bytes, sample_rate=16000
2025-09-20 02:58:15.660 | TRACE    | audio | add_audio_chunk:577 | PCM解码完成: samples=4096
2025-09-20 02:58:15.660 | DEBUG    | audio | add_audio_chunk:668 | 音频质量分析: samples=4096, max_amp=0.0204, rms_amp=0.0089, mean_amp=0.0077, non_zero_ratio=1.000, zero_ratio=0.000
2025-09-20 02:58:15.662 | DEBUG    | audio | add_audio_chunk:739 | 🎵 音频活动[低]: max_amp=0.020386 > 0.003
2025-09-20 02:58:15.662 | DEBUG    | audio | add_audio_chunk:743 | 音频块处理完成: format=pcm, samples=4096, max_amp=0.0204, rms_amp=0.0089, buffer_before=266240, buffer_after=270336, trimmed=False, processing_time=10.5ms
2025-09-20 02:58:15.668 | DEBUG    | audio | add_audio_chunk:777 | 🔉 轻声音频输入: RMS=0.008898, 时长=0.26s
2025-09-20 02:58:15.948 | TRACE    | audio | add_audio_chunk:525 | 收到音频块: format=pcm, raw_size=8192 bytes, sample_rate=16000
2025-09-20 02:58:15.985 | TRACE    | audio | add_audio_chunk:577 | PCM解码完成: samples=4096
2025-09-20 02:58:15.985 | DEBUG    | audio | add_audio_chunk:668 | 音频质量分析: samples=4096, max_amp=0.0246, rms_amp=0.0059, mean_amp=0.0045, non_zero_ratio=0.998, zero_ratio=0.002
2025-09-20 02:58:15.989 | DEBUG    | audio | add_audio_chunk:739 | 🎵 音频活动[低]: max_amp=0.024628 > 0.003
2025-09-20 02:58:15.990 | DEBUG    | audio | add_audio_chunk:743 | 音频块处理完成: format=pcm, samples=4096, max_amp=0.0246, rms_amp=0.0059, buffer_before=270336, buffer_after=274432, trimmed=False, processing_time=41.8ms
2025-09-20 02:58:16.011 | DEBUG    | audio | add_audio_chunk:777 | 🔉 轻声音频输入: RMS=0.005905, 时长=0.26s
2025-09-20 02:58:16.161 | TRACE    | audio | add_audio_chunk:525 | 收到音频块: format=pcm, raw_size=8192 bytes, sample_rate=16000
2025-09-20 02:58:16.165 | TRACE    | audio | add_audio_chunk:577 | PCM解码完成: samples=4096
2025-09-20 02:58:16.165 | DEBUG    | audio | add_audio_chunk:668 | 音频质量分析: samples=4096, max_amp=0.0198, rms_amp=0.0068, mean_amp=0.0055, non_zero_ratio=0.997, zero_ratio=0.003
2025-09-20 02:58:16.167 | DEBUG    | audio | add_audio_chunk:739 | 🎵 音频活动[低]: max_amp=0.019806 > 0.003
2025-09-20 02:58:16.167 | DEBUG    | audio | add_audio_chunk:743 | 音频块处理完成: format=pcm, samples=4096, max_amp=0.0198, rms_amp=0.0068, buffer_before=274432, buffer_after=278528, trimmed=False, processing_time=6.3ms
2025-09-20 02:58:16.174 | DEBUG    | audio | add_audio_chunk:777 | 🔉 轻声音频输入: RMS=0.006821, 时长=0.26s
2025-09-20 02:58:16.420 | TRACE    | audio | add_audio_chunk:525 | 收到音频块: format=pcm, raw_size=8192 bytes, sample_rate=16000
2025-09-20 02:58:16.432 | TRACE    | audio | add_audio_chunk:577 | PCM解码完成: samples=4096
2025-09-20 02:58:16.432 | DEBUG    | audio | add_audio_chunk:668 | 音频质量分析: samples=4096, max_amp=0.0191, rms_amp=0.0069, mean_amp=0.0056, non_zero_ratio=0.998, zero_ratio=0.002
2025-09-20 02:58:16.434 | DEBUG    | audio | add_audio_chunk:739 | 🎵 音频活动[低]: max_amp=0.019104 > 0.003
2025-09-20 02:58:16.440 | DEBUG    | audio | add_audio_chunk:743 | 音频块处理完成: format=pcm, samples=4096, max_amp=0.0191, rms_amp=0.0069, buffer_before=278528, buffer_after=282624, trimmed=False, processing_time=20.4ms
2025-09-20 02:58:16.447 | DEBUG    | audio | add_audio_chunk:777 | 🔉 轻声音频输入: RMS=0.006940, 时长=0.26s
2025-09-20 02:58:16.678 | TRACE    | audio | add_audio_chunk:525 | 收到音频块: format=pcm, raw_size=8192 bytes, sample_rate=16000
2025-09-20 02:58:16.682 | TRACE    | audio | add_audio_chunk:577 | PCM解码完成: samples=4096
2025-09-20 02:58:16.683 | DEBUG    | audio | add_audio_chunk:668 | 音频质量分析: samples=4096, max_amp=0.0309, rms_amp=0.0089, mean_amp=0.0074, non_zero_ratio=0.999, zero_ratio=0.001
2025-09-20 02:58:16.685 | DEBUG    | audio | add_audio_chunk:739 | 🎵 音频活动[中]: max_amp=0.030884 > 0.003
2025-09-20 02:58:16.685 | DEBUG    | audio | add_audio_chunk:743 | 音频块处理完成: format=pcm, samples=4096, max_amp=0.0309, rms_amp=0.0089, buffer_before=282624, buffer_after=286720, trimmed=False, processing_time=6.8ms
2025-09-20 02:58:16.691 | DEBUG    | audio | add_audio_chunk:777 | 🔉 轻声音频输入: RMS=0.008913, 时长=0.26s
2025-09-20 02:58:16.931 | TRACE    | audio | add_audio_chunk:525 | 收到音频块: format=pcm, raw_size=8192 bytes, sample_rate=16000
2025-09-20 02:58:16.936 | TRACE    | audio | add_audio_chunk:577 | PCM解码完成: samples=4096
2025-09-20 02:58:16.936 | DEBUG    | audio | add_audio_chunk:668 | 音频质量分析: samples=4096, max_amp=0.0204, rms_amp=0.0068, mean_amp=0.0053, non_zero_ratio=0.999, zero_ratio=0.001
2025-09-20 02:58:16.938 | DEBUG    | audio | add_audio_chunk:739 | 🎵 音频活动[低]: max_amp=0.020355 > 0.003
2025-09-20 02:58:16.938 | DEBUG    | audio | add_audio_chunk:743 | 音频块处理完成: format=pcm, samples=4096, max_amp=0.0204, rms_amp=0.0068, buffer_before=286720, buffer_after=290816, trimmed=False, processing_time=7.9ms
2025-09-20 02:58:16.948 | DEBUG    | audio | add_audio_chunk:777 | 🔉 轻声音频输入: RMS=0.006767, 时长=0.26s
2025-09-20 02:58:17.181 | TRACE    | audio | add_audio_chunk:525 | 收到音频块: format=pcm, raw_size=8192 bytes, sample_rate=16000
2025-09-20 02:58:17.185 | TRACE    | audio | add_audio_chunk:577 | PCM解码完成: samples=4096
2025-09-20 02:58:17.185 | INFO     | audio | add_audio_chunk:657 | AGC已应用: 原始RMS=0.002556, 增益=10.00
2025-09-20 02:58:17.186 | DEBUG    | audio | add_audio_chunk:668 | 音频质量分析: samples=4096, max_amp=0.0647, rms_amp=0.0256, mean_amp=0.0222, non_zero_ratio=0.997, zero_ratio=0.003
2025-09-20 02:58:17.188 | DEBUG    | audio | add_audio_chunk:739 | 🎵 音频活动[中]: max_amp=0.064697 > 0.003
2025-09-20 02:58:17.188 | DEBUG    | audio | add_audio_chunk:743 | 音频块处理完成: format=pcm, samples=4096, max_amp=0.0647, rms_amp=0.0256, buffer_before=290816, buffer_after=294912, trimmed=False, processing_time=7.4ms
2025-09-20 02:58:17.205 | INFO     | audio | add_audio_chunk:775 | ✅ 标准音频输入: RMS=0.025560, 时长=0.26s
2025-09-20 02:58:17.441 | TRACE    | audio | add_audio_chunk:525 | 收到音频块: format=pcm, raw_size=8192 bytes, sample_rate=16000
2025-09-20 02:58:17.447 | TRACE    | audio | add_audio_chunk:577 | PCM解码完成: samples=4096
2025-09-20 02:58:17.447 | INFO     | audio | add_audio_chunk:657 | AGC已应用: 原始RMS=0.003607, 增益=8.32
2025-09-20 02:58:17.447 | DEBUG    | audio | add_audio_chunk:668 | 音频质量分析: samples=4096, max_amp=0.1010, rms_amp=0.0300, mean_amp=0.0211, non_zero_ratio=0.994, zero_ratio=0.006
2025-09-20 02:58:17.450 | DEBUG    | audio | add_audio_chunk:739 | 🎵 音频活动[高]: max_amp=0.101009 > 0.003
2025-09-20 02:58:17.450 | DEBUG    | audio | add_audio_chunk:743 | 音频块处理完成: format=pcm, samples=4096, max_amp=0.1010, rms_amp=0.0300, buffer_before=294912, buffer_after=299008, trimmed=False, processing_time=8.7ms
2025-09-20 02:58:17.457 | INFO     | audio | add_audio_chunk:775 | ✅ 标准音频输入: RMS=0.030000, 时长=0.26s
2025-09-20 02:58:17.690 | TRACE    | audio | add_audio_chunk:525 | 收到音频块: format=pcm, raw_size=8192 bytes, sample_rate=16000
2025-09-20 02:58:17.696 | TRACE    | audio | add_audio_chunk:577 | PCM解码完成: samples=4096
2025-09-20 02:58:17.696 | INFO     | audio | add_audio_chunk:657 | AGC已应用: 原始RMS=0.002848, 增益=10.00
2025-09-20 02:58:17.696 | DEBUG    | audio | add_audio_chunk:668 | 音频质量分析: samples=4096, max_amp=0.1361, rms_amp=0.0285, mean_amp=0.0237, non_zero_ratio=0.996, zero_ratio=0.004
2025-09-20 02:58:17.698 | DEBUG    | audio | add_audio_chunk:739 | 🎵 音频活动[高]: max_amp=0.136108 > 0.003
2025-09-20 02:58:17.699 | DEBUG    | audio | add_audio_chunk:743 | 音频块处理完成: format=pcm, samples=4096, max_amp=0.1361, rms_amp=0.0285, buffer_before=299008, buffer_after=303104, trimmed=False, processing_time=8.1ms
2025-09-20 02:58:17.724 | INFO     | audio | add_audio_chunk:775 | ✅ 标准音频输入: RMS=0.028484, 时长=0.26s
2025-09-20 02:58:17.952 | TRACE    | audio | add_audio_chunk:525 | 收到音频块: format=pcm, raw_size=8192 bytes, sample_rate=16000
2025-09-20 02:58:17.956 | TRACE    | audio | add_audio_chunk:577 | PCM解码完成: samples=4096
2025-09-20 02:58:17.956 | INFO     | audio | add_audio_chunk:657 | AGC已应用: 原始RMS=0.002828, 增益=10.00
2025-09-20 02:58:17.957 | DEBUG    | audio | add_audio_chunk:668 | 音频质量分析: samples=4096, max_amp=0.0827, rms_amp=0.0283, mean_amp=0.0221, non_zero_ratio=0.994, zero_ratio=0.006
2025-09-20 02:58:17.959 | DEBUG    | audio | add_audio_chunk:739 | 🎵 音频活动[中]: max_amp=0.082703 > 0.003
2025-09-20 02:58:17.960 | DEBUG    | audio | add_audio_chunk:743 | 音频块处理完成: format=pcm, samples=4096, max_amp=0.0827, rms_amp=0.0283, buffer_before=303104, buffer_after=307200, trimmed=False, processing_time=7.8ms
2025-09-20 02:58:18.020 | INFO     | audio | add_audio_chunk:775 | ✅ 标准音频输入: RMS=0.028284, 时长=0.26s
2025-09-20 02:58:18.211 | TRACE    | audio | add_audio_chunk:525 | 收到音频块: format=pcm, raw_size=8192 bytes, sample_rate=16000
2025-09-20 02:58:18.214 | TRACE    | audio | add_audio_chunk:577 | PCM解码完成: samples=4096
2025-09-20 02:58:18.214 | INFO     | audio | add_audio_chunk:657 | AGC已应用: 原始RMS=0.002791, 增益=10.00
2025-09-20 02:58:18.215 | DEBUG    | audio | add_audio_chunk:668 | 音频质量分析: samples=4096, max_amp=0.0842, rms_amp=0.0279, mean_amp=0.0224, non_zero_ratio=0.996, zero_ratio=0.004
2025-09-20 02:58:18.217 | DEBUG    | audio | add_audio_chunk:739 | 🎵 音频活动[中]: max_amp=0.084229 > 0.003
2025-09-20 02:58:18.217 | DEBUG    | audio | add_audio_chunk:743 | 音频块处理完成: format=pcm, samples=4096, max_amp=0.0842, rms_amp=0.0279, buffer_before=307200, buffer_after=311296, trimmed=False, processing_time=6.4ms
2025-09-20 02:58:18.223 | INFO     | audio | add_audio_chunk:775 | ✅ 标准音频输入: RMS=0.027912, 时长=0.26s
2025-09-20 02:58:18.460 | TRACE    | audio | add_audio_chunk:525 | 收到音频块: format=pcm, raw_size=8192 bytes, sample_rate=16000
2025-09-20 02:58:18.464 | TRACE    | audio | add_audio_chunk:577 | PCM解码完成: samples=4096
2025-09-20 02:58:18.464 | INFO     | audio | add_audio_chunk:657 | AGC已应用: 原始RMS=0.003014, 增益=9.95
2025-09-20 02:58:18.465 | DEBUG    | audio | add_audio_chunk:668 | 音频质量分析: samples=4096, max_amp=0.0875, rms_amp=0.0300, mean_amp=0.0235, non_zero_ratio=0.995, zero_ratio=0.005
2025-09-20 02:58:18.467 | DEBUG    | audio | add_audio_chunk:739 | 🎵 音频活动[中]: max_amp=0.087469 > 0.003
2025-09-20 02:58:18.467 | DEBUG    | audio | add_audio_chunk:743 | 音频块处理完成: format=pcm, samples=4096, max_amp=0.0875, rms_amp=0.0300, buffer_before=311296, buffer_after=315392, trimmed=False, processing_time=6.3ms
2025-09-20 02:58:18.473 | INFO     | audio | add_audio_chunk:775 | ✅ 标准音频输入: RMS=0.030000, 时长=0.26s
2025-09-20 02:58:18.721 | TRACE    | audio | add_audio_chunk:525 | 收到音频块: format=pcm, raw_size=8192 bytes, sample_rate=16000
2025-09-20 02:58:18.725 | TRACE    | audio | add_audio_chunk:577 | PCM解码完成: samples=4096
2025-09-20 02:58:18.726 | INFO     | audio | add_audio_chunk:657 | AGC已应用: 原始RMS=0.003751, 增益=8.00
2025-09-20 02:58:18.726 | DEBUG    | audio | add_audio_chunk:668 | 音频质量分析: samples=4096, max_amp=0.0832, rms_amp=0.0300, mean_amp=0.0235, non_zero_ratio=0.997, zero_ratio=0.003
2025-09-20 02:58:18.728 | DEBUG    | audio | add_audio_chunk:739 | 🎵 音频活动[中]: max_amp=0.083220 > 0.003
2025-09-20 02:58:18.729 | DEBUG    | audio | add_audio_chunk:743 | 音频块处理完成: format=pcm, samples=4096, max_amp=0.0832, rms_amp=0.0300, buffer_before=315392, buffer_after=319488, trimmed=False, processing_time=7.9ms
2025-09-20 02:58:18.735 | INFO     | audio | add_audio_chunk:775 | ✅ 标准音频输入: RMS=0.030000, 时长=0.26s
2025-09-20 02:58:18.971 | TRACE    | audio | add_audio_chunk:525 | 收到音频块: format=pcm, raw_size=8192 bytes, sample_rate=16000
2025-09-20 02:58:18.975 | TRACE    | audio | add_audio_chunk:577 | PCM解码完成: samples=4096
2025-09-20 02:58:18.975 | INFO     | audio | add_audio_chunk:657 | AGC已应用: 原始RMS=0.003471, 增益=8.64
2025-09-20 02:58:18.975 | DEBUG    | audio | add_audio_chunk:668 | 音频质量分析: samples=4096, max_amp=0.0686, rms_amp=0.0300, mean_amp=0.0250, non_zero_ratio=0.996, zero_ratio=0.004
2025-09-20 02:58:18.977 | DEBUG    | audio | add_audio_chunk:739 | 🎵 音频活动[中]: max_amp=0.068573 > 0.003
2025-09-20 02:58:18.977 | DEBUG    | audio | add_audio_chunk:743 | 音频块处理完成: format=pcm, samples=4096, max_amp=0.0686, rms_amp=0.0300, buffer_before=319488, buffer_after=323584, trimmed=False, processing_time=6.5ms
2025-09-20 02:58:18.984 | INFO     | audio | add_audio_chunk:775 | ✅ 标准音频输入: RMS=0.030000, 时长=0.26s
2025-09-20 02:58:19.231 | TRACE    | audio | add_audio_chunk:525 | 收到音频块: format=pcm, raw_size=8192 bytes, sample_rate=16000
2025-09-20 02:58:19.234 | TRACE    | audio | add_audio_chunk:577 | PCM解码完成: samples=4096
2025-09-20 02:58:19.235 | INFO     | audio | add_audio_chunk:657 | AGC已应用: 原始RMS=0.002994, 增益=10.00
2025-09-20 02:58:19.235 | DEBUG    | audio | add_audio_chunk:668 | 音频质量分析: samples=4096, max_amp=0.0769, rms_amp=0.0299, mean_amp=0.0255, non_zero_ratio=0.998, zero_ratio=0.002
2025-09-20 02:58:19.237 | DEBUG    | audio | add_audio_chunk:739 | 🎵 音频活动[中]: max_amp=0.076904 > 0.003
2025-09-20 02:58:19.237 | DEBUG    | audio | add_audio_chunk:743 | 音频块处理完成: format=pcm, samples=4096, max_amp=0.0769, rms_amp=0.0299, buffer_before=323584, buffer_after=327680, trimmed=False, processing_time=6.7ms
2025-09-20 02:58:19.247 | INFO     | audio | add_audio_chunk:775 | ✅ 标准音频输入: RMS=0.029941, 时长=0.26s
2025-09-20 02:58:19.491 | TRACE    | audio | add_audio_chunk:525 | 收到音频块: format=pcm, raw_size=8192 bytes, sample_rate=16000
2025-09-20 02:58:19.495 | TRACE    | audio | add_audio_chunk:577 | PCM解码完成: samples=4096
2025-09-20 02:58:19.495 | INFO     | audio | add_audio_chunk:657 | AGC已应用: 原始RMS=0.003106, 增益=9.66
2025-09-20 02:58:19.495 | DEBUG    | audio | add_audio_chunk:668 | 音频质量分析: samples=4096, max_amp=0.0769, rms_amp=0.0300, mean_amp=0.0254, non_zero_ratio=0.997, zero_ratio=0.003
2025-09-20 02:58:19.497 | DEBUG    | audio | add_audio_chunk:739 | 🎵 音频活动[中]: max_amp=0.076925 > 0.003
2025-09-20 02:58:19.498 | DEBUG    | audio | add_audio_chunk:743 | 音频块处理完成: format=pcm, samples=4096, max_amp=0.0769, rms_amp=0.0300, buffer_before=327680, buffer_after=331776, trimmed=False, processing_time=7.0ms
2025-09-20 02:58:19.506 | INFO     | audio | add_audio_chunk:775 | ✅ 标准音频输入: RMS=0.030000, 时长=0.26s
2025-09-20 02:58:19.741 | TRACE    | audio | add_audio_chunk:525 | 收到音频块: format=pcm, raw_size=8192 bytes, sample_rate=16000
2025-09-20 02:58:19.744 | TRACE    | audio | add_audio_chunk:577 | PCM解码完成: samples=4096
2025-09-20 02:58:19.745 | INFO     | audio | add_audio_chunk:657 | AGC已应用: 原始RMS=0.003570, 增益=8.40
2025-09-20 02:58:19.745 | DEBUG    | audio | add_audio_chunk:668 | 音频质量分析: samples=4096, max_amp=0.0918, rms_amp=0.0300, mean_amp=0.0239, non_zero_ratio=0.998, zero_ratio=0.002
2025-09-20 02:58:19.747 | DEBUG    | audio | add_audio_chunk:739 | 🎵 音频活动[中]: max_amp=0.091803 > 0.003
2025-09-20 02:58:19.747 | DEBUG    | audio | add_audio_chunk:743 | 音频块处理完成: format=pcm, samples=4096, max_amp=0.0918, rms_amp=0.0300, buffer_before=331776, buffer_after=335872, trimmed=False, processing_time=6.7ms
2025-09-20 02:58:19.753 | INFO     | audio | add_audio_chunk:775 | ✅ 标准音频输入: RMS=0.030000, 时长=0.26s
2025-09-20 02:58:20.002 | TRACE    | audio | add_audio_chunk:525 | 收到音频块: format=pcm, raw_size=8192 bytes, sample_rate=16000
2025-09-20 02:58:20.006 | TRACE    | audio | add_audio_chunk:577 | PCM解码完成: samples=4096
2025-09-20 02:58:20.006 | INFO     | audio | add_audio_chunk:657 | AGC已应用: 原始RMS=0.003094, 增益=9.70
2025-09-20 02:58:20.007 | DEBUG    | audio | add_audio_chunk:668 | 音频质量分析: samples=4096, max_amp=0.0740, rms_amp=0.0300, mean_amp=0.0252, non_zero_ratio=0.997, zero_ratio=0.003
2025-09-20 02:58:20.009 | DEBUG    | audio | add_audio_chunk:739 | 🎵 音频活动[中]: max_amp=0.073985 > 0.003
2025-09-20 02:58:20.010 | DEBUG    | audio | add_audio_chunk:743 | 音频块处理完成: format=pcm, samples=4096, max_amp=0.0740, rms_amp=0.0300, buffer_before=335872, buffer_after=339968, trimmed=False, processing_time=8.1ms
2025-09-20 02:58:20.015 | INFO     | audio | add_audio_chunk:775 | ✅ 标准音频输入: RMS=0.030000, 时长=0.26s
2025-09-20 02:58:20.249 | TRACE    | audio | add_audio_chunk:525 | 收到音频块: format=pcm, raw_size=8192 bytes, sample_rate=16000
2025-09-20 02:58:20.253 | TRACE    | audio | add_audio_chunk:577 | PCM解码完成: samples=4096
2025-09-20 02:58:20.254 | DEBUG    | audio | add_audio_chunk:668 | 音频质量分析: samples=4096, max_amp=0.0224, rms_amp=0.0054, mean_amp=0.0040, non_zero_ratio=0.999, zero_ratio=0.001
2025-09-20 02:58:20.256 | DEBUG    | audio | add_audio_chunk:739 | 🎵 音频活动[低]: max_amp=0.022430 > 0.003
2025-09-20 02:58:20.256 | DEBUG    | audio | add_audio_chunk:743 | 音频块处理完成: format=pcm, samples=4096, max_amp=0.0224, rms_amp=0.0054, buffer_before=339968, buffer_after=344064, trimmed=False, processing_time=6.9ms
2025-09-20 02:58:20.263 | DEBUG    | audio | add_audio_chunk:777 | 🔉 轻声音频输入: RMS=0.005438, 时长=0.26s
2025-09-20 02:58:20.511 | TRACE    | audio | add_audio_chunk:525 | 收到音频块: format=pcm, raw_size=8192 bytes, sample_rate=16000
2025-09-20 02:58:20.515 | TRACE    | audio | add_audio_chunk:577 | PCM解码完成: samples=4096
2025-09-20 02:58:20.515 | DEBUG    | audio | add_audio_chunk:668 | 音频质量分析: samples=4096, max_amp=0.0199, rms_amp=0.0071, mean_amp=0.0059, non_zero_ratio=0.999, zero_ratio=0.001
2025-09-20 02:58:20.517 | DEBUG    | audio | add_audio_chunk:739 | 🎵 音频活动[低]: max_amp=0.019897 > 0.003
2025-09-20 02:58:20.517 | DEBUG    | audio | add_audio_chunk:743 | 音频块处理完成: format=pcm, samples=4096, max_amp=0.0199, rms_amp=0.0071, buffer_before=344064, buffer_after=348160, trimmed=False, processing_time=6.6ms
2025-09-20 02:58:20.525 | DEBUG    | audio | add_audio_chunk:777 | 🔉 轻声音频输入: RMS=0.007090, 时长=0.26s
2025-09-20 02:58:20.769 | TRACE    | audio | add_audio_chunk:525 | 收到音频块: format=pcm, raw_size=8192 bytes, sample_rate=16000
2025-09-20 02:58:20.773 | TRACE    | audio | add_audio_chunk:577 | PCM解码完成: samples=4096
2025-09-20 02:58:20.773 | INFO     | audio | add_audio_chunk:657 | AGC已应用: 原始RMS=0.003415, 增益=8.78
2025-09-20 02:58:20.775 | DEBUG    | audio | add_audio_chunk:668 | 音频质量分析: samples=4096, max_amp=0.0989, rms_amp=0.0300, mean_amp=0.0249, non_zero_ratio=0.995, zero_ratio=0.005
2025-09-20 02:58:20.779 | DEBUG    | audio | add_audio_chunk:739 | 🎵 音频活动[中]: max_amp=0.098917 > 0.003
2025-09-20 02:58:20.780 | DEBUG    | audio | add_audio_chunk:743 | 音频块处理完成: format=pcm, samples=4096, max_amp=0.0989, rms_amp=0.0300, buffer_before=348160, buffer_after=352256, trimmed=False, processing_time=10.6ms
2025-09-20 02:58:20.787 | INFO     | audio | add_audio_chunk:775 | ✅ 标准音频输入: RMS=0.030000, 时长=0.26s
2025-09-20 02:58:21.019 | TRACE    | audio | add_audio_chunk:525 | 收到音频块: format=pcm, raw_size=8192 bytes, sample_rate=16000
2025-09-20 02:58:21.023 | TRACE    | audio | add_audio_chunk:577 | PCM解码完成: samples=4096
2025-09-20 02:58:21.023 | INFO     | audio | add_audio_chunk:657 | AGC已应用: 原始RMS=0.003892, 增益=7.71
2025-09-20 02:58:21.024 | DEBUG    | audio | add_audio_chunk:668 | 音频质量分析: samples=4096, max_amp=0.1190, rms_amp=0.0300, mean_amp=0.0239, non_zero_ratio=0.998, zero_ratio=0.002
2025-09-20 02:58:21.026 | DEBUG    | audio | add_audio_chunk:739 | 🎵 音频活动[高]: max_amp=0.119023 > 0.003
2025-09-20 02:58:21.027 | DEBUG    | audio | add_audio_chunk:743 | 音频块处理完成: format=pcm, samples=4096, max_amp=0.1190, rms_amp=0.0300, buffer_before=352256, buffer_after=356352, trimmed=False, processing_time=7.7ms
2025-09-20 02:58:21.033 | INFO     | audio | add_audio_chunk:775 | ✅ 标准音频输入: RMS=0.030000, 时长=0.26s
2025-09-20 02:58:21.279 | TRACE    | audio | add_audio_chunk:525 | 收到音频块: format=pcm, raw_size=8192 bytes, sample_rate=16000
2025-09-20 02:58:21.282 | TRACE    | audio | add_audio_chunk:577 | PCM解码完成: samples=4096
2025-09-20 02:58:21.283 | DEBUG    | audio | add_audio_chunk:668 | 音频质量分析: samples=4096, max_amp=0.0144, rms_amp=0.0051, mean_amp=0.0040, non_zero_ratio=0.997, zero_ratio=0.003
2025-09-20 02:58:21.286 | DEBUG    | audio | add_audio_chunk:739 | 🎵 音频活动[低]: max_amp=0.014404 > 0.003
2025-09-20 02:58:21.286 | DEBUG    | audio | add_audio_chunk:743 | 音频块处理完成: format=pcm, samples=4096, max_amp=0.0144, rms_amp=0.0051, buffer_before=356352, buffer_after=360448, trimmed=False, processing_time=6.9ms
2025-09-20 02:58:21.291 | DEBUG    | audio | add_audio_chunk:777 | 🔉 轻声音频输入: RMS=0.005064, 时长=0.26s
2025-09-20 02:58:21.529 | TRACE    | audio | add_audio_chunk:525 | 收到音频块: format=pcm, raw_size=8192 bytes, sample_rate=16000
2025-09-20 02:58:21.533 | TRACE    | audio | add_audio_chunk:577 | PCM解码完成: samples=4096
2025-09-20 02:58:21.533 | INFO     | audio | add_audio_chunk:657 | AGC已应用: 原始RMS=0.004847, 增益=6.19
2025-09-20 02:58:21.534 | DEBUG    | audio | add_audio_chunk:668 | 音频质量分析: samples=4096, max_amp=0.0725, rms_amp=0.0300, mean_amp=0.0244, non_zero_ratio=0.996, zero_ratio=0.004
2025-09-20 02:58:21.536 | DEBUG    | audio | add_audio_chunk:739 | 🎵 音频活动[中]: max_amp=0.072531 > 0.003
2025-09-20 02:58:21.536 | DEBUG    | audio | add_audio_chunk:743 | 音频块处理完成: format=pcm, samples=4096, max_amp=0.0725, rms_amp=0.0300, buffer_before=360448, buffer_after=364544, trimmed=False, processing_time=7.1ms
2025-09-20 02:58:21.542 | INFO     | audio | add_audio_chunk:775 | ✅ 标准音频输入: RMS=0.030000, 时长=0.26s
2025-09-20 02:58:21.789 | TRACE    | audio | add_audio_chunk:525 | 收到音频块: format=pcm, raw_size=8192 bytes, sample_rate=16000
2025-09-20 02:58:21.798 | TRACE    | audio | add_audio_chunk:577 | PCM解码完成: samples=4096
2025-09-20 02:58:21.798 | INFO     | audio | add_audio_chunk:657 | AGC已应用: 原始RMS=0.003038, 增益=9.87
2025-09-20 02:58:21.799 | DEBUG    | audio | add_audio_chunk:668 | 音频质量分析: samples=4096, max_amp=0.0768, rms_amp=0.0300, mean_amp=0.0238, non_zero_ratio=0.993, zero_ratio=0.007
2025-09-20 02:58:21.801 | DEBUG    | audio | add_audio_chunk:739 | 🎵 音频活动[中]: max_amp=0.076842 > 0.003
2025-09-20 02:58:21.801 | DEBUG    | audio | add_audio_chunk:743 | 音频块处理完成: format=pcm, samples=4096, max_amp=0.0768, rms_amp=0.0300, buffer_before=364544, buffer_after=368640, trimmed=False, processing_time=12.7ms
2025-09-20 02:58:21.808 | INFO     | audio | add_audio_chunk:775 | ✅ 标准音频输入: RMS=0.030000, 时长=0.26s
2025-09-20 02:58:22.051 | TRACE    | audio | add_audio_chunk:525 | 收到音频块: format=pcm, raw_size=8192 bytes, sample_rate=16000
2025-09-20 02:58:22.055 | TRACE    | audio | add_audio_chunk:577 | PCM解码完成: samples=4096
2025-09-20 02:58:22.055 | INFO     | audio | add_audio_chunk:657 | AGC已应用: 原始RMS=0.003142, 增益=9.55
2025-09-20 02:58:22.055 | DEBUG    | audio | add_audio_chunk:668 | 音频质量分析: samples=4096, max_amp=0.0766, rms_amp=0.0300, mean_amp=0.0246, non_zero_ratio=0.997, zero_ratio=0.003
2025-09-20 02:58:22.058 | DEBUG    | audio | add_audio_chunk:739 | 🎵 音频活动[中]: max_amp=0.076626 > 0.003
2025-09-20 02:58:22.058 | DEBUG    | audio | add_audio_chunk:743 | 音频块处理完成: format=pcm, samples=4096, max_amp=0.0766, rms_amp=0.0300, buffer_before=368640, buffer_after=372736, trimmed=False, processing_time=7.1ms
2025-09-20 02:58:22.201 | INFO     | audio | add_audio_chunk:775 | ✅ 标准音频输入: RMS=0.030000, 时长=0.26s
2025-09-20 02:58:22.299 | TRACE    | audio | add_audio_chunk:525 | 收到音频块: format=pcm, raw_size=8192 bytes, sample_rate=16000
2025-09-20 02:58:22.302 | TRACE    | audio | add_audio_chunk:577 | PCM解码完成: samples=4096
2025-09-20 02:58:22.303 | INFO     | audio | add_audio_chunk:657 | AGC已应用: 原始RMS=0.003590, 增益=8.36
2025-09-20 02:58:22.303 | DEBUG    | audio | add_audio_chunk:668 | 音频质量分析: samples=4096, max_amp=0.0819, rms_amp=0.0300, mean_amp=0.0245, non_zero_ratio=0.997, zero_ratio=0.003
2025-09-20 02:58:22.305 | DEBUG    | audio | add_audio_chunk:739 | 🎵 音频活动[中]: max_amp=0.081858 > 0.003
2025-09-20 02:58:22.305 | DEBUG    | audio | add_audio_chunk:743 | 音频块处理完成: format=pcm, samples=4096, max_amp=0.0819, rms_amp=0.0300, buffer_before=372736, buffer_after=376832, trimmed=False, processing_time=6.5ms
2025-09-20 02:58:22.312 | INFO     | audio | add_audio_chunk:775 | ✅ 标准音频输入: RMS=0.030000, 时长=0.26s
2025-09-20 02:58:22.559 | TRACE    | audio | add_audio_chunk:525 | 收到音频块: format=pcm, raw_size=8192 bytes, sample_rate=16000
2025-09-20 02:58:22.562 | TRACE    | audio | add_audio_chunk:577 | PCM解码完成: samples=4096
2025-09-20 02:58:22.562 | DEBUG    | audio | add_audio_chunk:668 | 音频质量分析: samples=4096, max_amp=0.0165, rms_amp=0.0057, mean_amp=0.0045, non_zero_ratio=0.998, zero_ratio=0.002
2025-09-20 02:58:22.565 | DEBUG    | audio | add_audio_chunk:739 | 🎵 音频活动[低]: max_amp=0.016510 > 0.003
2025-09-20 02:58:22.565 | DEBUG    | audio | add_audio_chunk:743 | 音频块处理完成: format=pcm, samples=4096, max_amp=0.0165, rms_amp=0.0057, buffer_before=376832, buffer_after=380928, trimmed=False, processing_time=6.1ms
2025-09-20 02:58:22.571 | DEBUG    | audio | add_audio_chunk:777 | 🔉 轻声音频输入: RMS=0.005712, 时长=0.26s
2025-09-20 02:58:22.809 | TRACE    | audio | add_audio_chunk:525 | 收到音频块: format=pcm, raw_size=8192 bytes, sample_rate=16000
2025-09-20 02:58:22.812 | TRACE    | audio | add_audio_chunk:577 | PCM解码完成: samples=4096
2025-09-20 02:58:22.812 | DEBUG    | audio | add_audio_chunk:668 | 音频质量分析: samples=4096, max_amp=0.0135, rms_amp=0.0060, mean_amp=0.0051, non_zero_ratio=0.996, zero_ratio=0.004
2025-09-20 02:58:22.815 | DEBUG    | audio | add_audio_chunk:739 | 🎵 音频活动[低]: max_amp=0.013519 > 0.003
2025-09-20 02:58:22.815 | DEBUG    | audio | add_audio_chunk:743 | 音频块处理完成: format=pcm, samples=4096, max_amp=0.0135, rms_amp=0.0060, buffer_before=380928, buffer_after=385024, trimmed=False, processing_time=6.1ms
2025-09-20 02:58:22.820 | DEBUG    | audio | add_audio_chunk:777 | 🔉 轻声音频输入: RMS=0.006006, 时长=0.26s
2025-09-20 02:58:23.069 | TRACE    | audio | add_audio_chunk:525 | 收到音频块: format=pcm, raw_size=8192 bytes, sample_rate=16000
2025-09-20 02:58:23.073 | TRACE    | audio | add_audio_chunk:577 | PCM解码完成: samples=4096
2025-09-20 02:58:23.074 | DEBUG    | audio | add_audio_chunk:668 | 音频质量分析: samples=4096, max_amp=0.0145, rms_amp=0.0055, mean_amp=0.0043, non_zero_ratio=0.996, zero_ratio=0.004
2025-09-20 02:58:23.076 | DEBUG    | audio | add_audio_chunk:739 | 🎵 音频活动[低]: max_amp=0.014465 > 0.003
2025-09-20 02:58:23.076 | DEBUG    | audio | add_audio_chunk:743 | 音频块处理完成: format=pcm, samples=4096, max_amp=0.0145, rms_amp=0.0055, buffer_before=385024, buffer_after=389120, trimmed=False, processing_time=6.8ms
2025-09-20 02:58:23.084 | DEBUG    | audio | add_audio_chunk:777 | 🔉 轻声音频输入: RMS=0.005474, 时长=0.26s
2025-09-20 02:58:23.329 | TRACE    | audio | add_audio_chunk:525 | 收到音频块: format=pcm, raw_size=8192 bytes, sample_rate=16000
2025-09-20 02:58:23.332 | TRACE    | audio | add_audio_chunk:577 | PCM解码完成: samples=4096
2025-09-20 02:58:23.333 | INFO     | audio | add_audio_chunk:657 | AGC已应用: 原始RMS=0.004986, 增益=6.02
2025-09-20 02:58:23.333 | DEBUG    | audio | add_audio_chunk:668 | 音频质量分析: samples=4096, max_amp=0.0705, rms_amp=0.0300, mean_amp=0.0245, non_zero_ratio=0.999, zero_ratio=0.001
2025-09-20 02:58:23.335 | DEBUG    | audio | add_audio_chunk:739 | 🎵 音频活动[中]: max_amp=0.070509 > 0.003
2025-09-20 02:58:23.336 | DEBUG    | audio | add_audio_chunk:743 | 音频块处理完成: format=pcm, samples=4096, max_amp=0.0705, rms_amp=0.0300, buffer_before=389120, buffer_after=393216, trimmed=False, processing_time=7.1ms
2025-09-20 02:58:23.341 | INFO     | audio | add_audio_chunk:775 | ✅ 标准音频输入: RMS=0.030000, 时长=0.26s
2025-09-20 02:58:23.583 | TRACE    | audio | add_audio_chunk:525 | 收到音频块: format=pcm, raw_size=8192 bytes, sample_rate=16000
2025-09-20 02:58:23.587 | TRACE    | audio | add_audio_chunk:577 | PCM解码完成: samples=4096
2025-09-20 02:58:23.587 | INFO     | audio | add_audio_chunk:657 | AGC已应用: 原始RMS=0.003496, 增益=8.58
2025-09-20 02:58:23.588 | DEBUG    | audio | add_audio_chunk:668 | 音频质量分析: samples=4096, max_amp=0.0846, rms_amp=0.0300, mean_amp=0.0241, non_zero_ratio=0.996, zero_ratio=0.004
2025-09-20 02:58:23.590 | DEBUG    | audio | add_audio_chunk:739 | 🎵 音频活动[中]: max_amp=0.084577 > 0.003
2025-09-20 02:58:23.591 | DEBUG    | audio | add_audio_chunk:743 | 音频块处理完成: format=pcm, samples=4096, max_amp=0.0846, rms_amp=0.0300, buffer_before=393216, buffer_after=397312, trimmed=False, processing_time=8.6ms
2025-09-20 02:58:23.598 | INFO     | audio | add_audio_chunk:775 | ✅ 标准音频输入: RMS=0.030000, 时长=0.26s
2025-09-20 02:58:23.840 | TRACE    | audio | add_audio_chunk:525 | 收到音频块: format=pcm, raw_size=8192 bytes, sample_rate=16000
2025-09-20 02:58:23.845 | TRACE    | audio | add_audio_chunk:577 | PCM解码完成: samples=4096
2025-09-20 02:58:23.845 | INFO     | audio | add_audio_chunk:657 | AGC已应用: 原始RMS=0.003594, 增益=8.35
2025-09-20 02:58:23.845 | DEBUG    | audio | add_audio_chunk:668 | 音频质量分析: samples=4096, max_amp=0.0999, rms_amp=0.0300, mean_amp=0.0236, non_zero_ratio=0.996, zero_ratio=0.004
2025-09-20 02:58:23.847 | DEBUG    | audio | add_audio_chunk:739 | 🎵 音频活动[中]: max_amp=0.099862 > 0.003
2025-09-20 02:58:23.848 | DEBUG    | audio | add_audio_chunk:743 | 音频块处理完成: format=pcm, samples=4096, max_amp=0.0999, rms_amp=0.0300, buffer_before=397312, buffer_after=401408, trimmed=False, processing_time=7.6ms
2025-09-20 02:58:23.853 | INFO     | audio | add_audio_chunk:775 | ✅ 标准音频输入: RMS=0.030000, 时长=0.26s
2025-09-20 02:58:24.089 | TRACE    | audio | add_audio_chunk:525 | 收到音频块: format=pcm, raw_size=8192 bytes, sample_rate=16000
2025-09-20 02:58:24.094 | TRACE    | audio | add_audio_chunk:577 | PCM解码完成: samples=4096
2025-09-20 02:58:24.095 | INFO     | audio | add_audio_chunk:657 | AGC已应用: 原始RMS=0.003165, 增益=9.48
2025-09-20 02:58:24.095 | DEBUG    | audio | add_audio_chunk:668 | 音频质量分析: samples=4096, max_amp=0.0720, rms_amp=0.0300, mean_amp=0.0256, non_zero_ratio=0.998, zero_ratio=0.002
2025-09-20 02:58:24.097 | DEBUG    | audio | add_audio_chunk:739 | 🎵 音频活动[中]: max_amp=0.072018 > 0.003
2025-09-20 02:58:24.097 | DEBUG    | audio | add_audio_chunk:743 | 音频块处理完成: format=pcm, samples=4096, max_amp=0.0720, rms_amp=0.0300, buffer_before=401408, buffer_after=405504, trimmed=False, processing_time=8.2ms
2025-09-20 02:58:24.103 | INFO     | audio | add_audio_chunk:775 | ✅ 标准音频输入: RMS=0.030000, 时长=0.26s
2025-09-20 02:58:24.351 | TRACE    | audio | add_audio_chunk:525 | 收到音频块: format=pcm, raw_size=8192 bytes, sample_rate=16000
2025-09-20 02:58:24.397 | TRACE    | audio | add_audio_chunk:577 | PCM解码完成: samples=4096
2025-09-20 02:58:24.397 | INFO     | audio | add_audio_chunk:657 | AGC已应用: 原始RMS=0.003221, 增益=9.31
2025-09-20 02:58:24.398 | DEBUG    | audio | add_audio_chunk:668 | 音频质量分析: samples=4096, max_amp=0.1055, rms_amp=0.0300, mean_amp=0.0229, non_zero_ratio=0.994, zero_ratio=0.006
2025-09-20 02:58:24.400 | DEBUG    | audio | add_audio_chunk:739 | 🎵 音频活动[高]: max_amp=0.105453 > 0.003
2025-09-20 02:58:24.401 | DEBUG    | audio | add_audio_chunk:743 | 音频块处理完成: format=pcm, samples=4096, max_amp=0.1055, rms_amp=0.0300, buffer_before=405504, buffer_after=409600, trimmed=False, processing_time=49.3ms
2025-09-20 02:58:24.408 | INFO     | audio | add_audio_chunk:775 | ✅ 标准音频输入: RMS=0.030000, 时长=0.26s
2025-09-20 02:58:24.615 | TRACE    | audio | add_audio_chunk:525 | 收到音频块: format=pcm, raw_size=8192 bytes, sample_rate=16000
2025-09-20 02:58:24.623 | TRACE    | audio | add_audio_chunk:577 | PCM解码完成: samples=4096
2025-09-20 02:58:24.623 | INFO     | audio | add_audio_chunk:657 | AGC已应用: 原始RMS=0.004575, 增益=6.56
2025-09-20 02:58:24.623 | DEBUG    | audio | add_audio_chunk:668 | 音频质量分析: samples=4096, max_amp=0.0734, rms_amp=0.0300, mean_amp=0.0249, non_zero_ratio=0.998, zero_ratio=0.002
2025-09-20 02:58:24.625 | DEBUG    | audio | add_audio_chunk:739 | 🎵 音频活动[中]: max_amp=0.073445 > 0.003
2025-09-20 02:58:24.626 | DEBUG    | audio | add_audio_chunk:743 | 音频块处理完成: format=pcm, samples=4096, max_amp=0.0734, rms_amp=0.0300, buffer_before=409600, buffer_after=413696, trimmed=False, processing_time=10.2ms
2025-09-20 02:58:24.636 | INFO     | audio | add_audio_chunk:775 | ✅ 标准音频输入: RMS=0.030000, 时长=0.26s
2025-09-20 02:58:24.859 | TRACE    | audio | add_audio_chunk:525 | 收到音频块: format=pcm, raw_size=8192 bytes, sample_rate=16000
2025-09-20 02:58:24.864 | TRACE    | audio | add_audio_chunk:577 | PCM解码完成: samples=4096
2025-09-20 02:58:24.864 | DEBUG    | audio | add_audio_chunk:668 | 音频质量分析: samples=4096, max_amp=0.0165, rms_amp=0.0062, mean_amp=0.0050, non_zero_ratio=0.998, zero_ratio=0.002
2025-09-20 02:58:24.866 | DEBUG    | audio | add_audio_chunk:739 | 🎵 音频活动[低]: max_amp=0.016479 > 0.003
2025-09-20 02:58:24.866 | DEBUG    | audio | add_audio_chunk:743 | 音频块处理完成: format=pcm, samples=4096, max_amp=0.0165, rms_amp=0.0062, buffer_before=413696, buffer_after=417792, trimmed=False, processing_time=7.3ms
2025-09-20 02:58:24.872 | DEBUG    | audio | add_audio_chunk:777 | 🔉 轻声音频输入: RMS=0.006193, 时长=0.26s
2025-09-20 02:58:25.119 | TRACE    | audio | add_audio_chunk:525 | 收到音频块: format=pcm, raw_size=8192 bytes, sample_rate=16000
2025-09-20 02:58:25.123 | TRACE    | audio | add_audio_chunk:577 | PCM解码完成: samples=4096
2025-09-20 02:58:25.123 | INFO     | audio | add_audio_chunk:657 | AGC已应用: 原始RMS=0.003978, 增益=7.54
2025-09-20 02:58:25.124 | DEBUG    | audio | add_audio_chunk:668 | 音频质量分析: samples=4096, max_amp=0.0718, rms_amp=0.0300, mean_amp=0.0247, non_zero_ratio=0.999, zero_ratio=0.001
2025-09-20 02:58:25.126 | DEBUG    | audio | add_audio_chunk:739 | 🎵 音频活动[中]: max_amp=0.071800 > 0.003
2025-09-20 02:58:25.126 | DEBUG    | audio | add_audio_chunk:743 | 音频块处理完成: format=pcm, samples=4096, max_amp=0.0718, rms_amp=0.0300, buffer_before=417792, buffer_after=421888, trimmed=False, processing_time=6.9ms
2025-09-20 02:58:25.133 | INFO     | audio | add_audio_chunk:775 | ✅ 标准音频输入: RMS=0.030000, 时长=0.26s
2025-09-20 02:58:25.369 | TRACE    | audio | add_audio_chunk:525 | 收到音频块: format=pcm, raw_size=8192 bytes, sample_rate=16000
2025-09-20 02:58:25.374 | TRACE    | audio | add_audio_chunk:577 | PCM解码完成: samples=4096
2025-09-20 02:58:25.374 | INFO     | audio | add_audio_chunk:657 | AGC已应用: 原始RMS=0.003223, 增益=9.31
2025-09-20 02:58:25.374 | DEBUG    | audio | add_audio_chunk:668 | 音频质量分析: samples=4096, max_amp=0.0827, rms_amp=0.0300, mean_amp=0.0241, non_zero_ratio=0.997, zero_ratio=0.003
2025-09-20 02:58:25.377 | DEBUG    | audio | add_audio_chunk:739 | 🎵 音频活动[中]: max_amp=0.082657 > 0.003
2025-09-20 02:58:25.377 | DEBUG    | audio | add_audio_chunk:743 | 音频块处理完成: format=pcm, samples=4096, max_amp=0.0827, rms_amp=0.0300, buffer_before=421888, buffer_after=425984, trimmed=False, processing_time=7.5ms
2025-09-20 02:58:25.383 | INFO     | audio | add_audio_chunk:775 | ✅ 标准音频输入: RMS=0.030000, 时长=0.26s
2025-09-20 02:58:25.633 | TRACE    | audio | add_audio_chunk:525 | 收到音频块: format=pcm, raw_size=8192 bytes, sample_rate=16000
2025-09-20 02:58:25.640 | TRACE    | audio | add_audio_chunk:577 | PCM解码完成: samples=4096
2025-09-20 02:58:25.640 | DEBUG    | audio | add_audio_chunk:668 | 音频质量分析: samples=4096, max_amp=0.0149, rms_amp=0.0051, mean_amp=0.0040, non_zero_ratio=0.999, zero_ratio=0.001
2025-09-20 02:58:25.642 | DEBUG    | audio | add_audio_chunk:739 | 🎵 音频活动[低]: max_amp=0.014862 > 0.003
2025-09-20 02:58:25.644 | DEBUG    | audio | add_audio_chunk:743 | 音频块处理完成: format=pcm, samples=4096, max_amp=0.0149, rms_amp=0.0051, buffer_before=425984, buffer_after=430080, trimmed=False, processing_time=10.4ms
2025-09-20 02:58:25.650 | DEBUG    | audio | add_audio_chunk:777 | 🔉 轻声音频输入: RMS=0.005072, 时长=0.26s
2025-09-20 02:58:25.890 | TRACE    | audio | add_audio_chunk:525 | 收到音频块: format=pcm, raw_size=8192 bytes, sample_rate=16000
2025-09-20 02:58:25.893 | TRACE    | audio | add_audio_chunk:577 | PCM解码完成: samples=4096
2025-09-20 02:58:25.894 | DEBUG    | audio | add_audio_chunk:668 | 音频质量分析: samples=4096, max_amp=0.0197, rms_amp=0.0080, mean_amp=0.0064, non_zero_ratio=0.999, zero_ratio=0.001
2025-09-20 02:58:25.896 | DEBUG    | audio | add_audio_chunk:739 | 🎵 音频活动[低]: max_amp=0.019684 > 0.003
2025-09-20 02:58:25.896 | DEBUG    | audio | add_audio_chunk:743 | 音频块处理完成: format=pcm, samples=4096, max_amp=0.0197, rms_amp=0.0080, buffer_before=430080, buffer_after=434176, trimmed=False, processing_time=6.1ms
2025-09-20 02:58:25.901 | DEBUG    | audio | add_audio_chunk:777 | 🔉 轻声音频输入: RMS=0.007977, 时长=0.26s
2025-09-20 02:58:26.150 | TRACE    | audio | add_audio_chunk:525 | 收到音频块: format=pcm, raw_size=8192 bytes, sample_rate=16000
2025-09-20 02:58:26.154 | TRACE    | audio | add_audio_chunk:577 | PCM解码完成: samples=4096
2025-09-20 02:58:26.155 | INFO     | audio | add_audio_chunk:657 | AGC已应用: 原始RMS=0.004374, 增益=6.86
2025-09-20 02:58:26.155 | DEBUG    | audio | add_audio_chunk:668 | 音频质量分析: samples=4096, max_amp=0.0756, rms_amp=0.0300, mean_amp=0.0248, non_zero_ratio=0.999, zero_ratio=0.001
2025-09-20 02:58:26.157 | DEBUG    | audio | add_audio_chunk:739 | 🎵 音频活动[中]: max_amp=0.075557 > 0.003
2025-09-20 02:58:26.157 | DEBUG    | audio | add_audio_chunk:743 | 音频块处理完成: format=pcm, samples=4096, max_amp=0.0756, rms_amp=0.0300, buffer_before=434176, buffer_after=438272, trimmed=False, processing_time=7.4ms
2025-09-20 02:58:26.162 | INFO     | audio | add_audio_chunk:775 | ✅ 标准音频输入: RMS=0.030000, 时长=0.26s
2025-09-20 02:58:26.399 | TRACE    | audio | add_audio_chunk:525 | 收到音频块: format=pcm, raw_size=8192 bytes, sample_rate=16000
2025-09-20 02:58:26.404 | TRACE    | audio | add_audio_chunk:577 | PCM解码完成: samples=4096
2025-09-20 02:58:26.404 | DEBUG    | audio | add_audio_chunk:668 | 音频质量分析: samples=4096, max_amp=0.0147, rms_amp=0.0051, mean_amp=0.0041, non_zero_ratio=0.998, zero_ratio=0.002
2025-09-20 02:58:26.406 | DEBUG    | audio | add_audio_chunk:739 | 🎵 音频活动[低]: max_amp=0.014709 > 0.003
2025-09-20 02:58:26.406 | DEBUG    | audio | add_audio_chunk:743 | 音频块处理完成: format=pcm, samples=4096, max_amp=0.0147, rms_amp=0.0051, buffer_before=438272, buffer_after=442368, trimmed=False, processing_time=6.8ms
2025-09-20 02:58:26.411 | DEBUG    | audio | add_audio_chunk:777 | 🔉 轻声音频输入: RMS=0.005120, 时长=0.26s
2025-09-20 02:58:26.649 | TRACE    | audio | add_audio_chunk:525 | 收到音频块: format=pcm, raw_size=8192 bytes, sample_rate=16000
2025-09-20 02:58:26.653 | TRACE    | audio | add_audio_chunk:577 | PCM解码完成: samples=4096
2025-09-20 02:58:26.653 | INFO     | audio | add_audio_chunk:657 | AGC已应用: 原始RMS=0.004081, 增益=7.35
2025-09-20 02:58:26.654 | DEBUG    | audio | add_audio_chunk:668 | 音频质量分析: samples=4096, max_amp=0.0668, rms_amp=0.0300, mean_amp=0.0260, non_zero_ratio=0.997, zero_ratio=0.003
2025-09-20 02:58:26.656 | DEBUG    | audio | add_audio_chunk:739 | 🎵 音频活动[中]: max_amp=0.066849 > 0.003
2025-09-20 02:58:26.656 | DEBUG    | audio | add_audio_chunk:743 | 音频块处理完成: format=pcm, samples=4096, max_amp=0.0668, rms_amp=0.0300, buffer_before=442368, buffer_after=446464, trimmed=False, processing_time=7.4ms
2025-09-20 02:58:26.661 | INFO     | audio | add_audio_chunk:775 | ✅ 标准音频输入: RMS=0.030000, 时长=0.26s
2025-09-20 02:58:26.909 | TRACE    | audio | add_audio_chunk:525 | 收到音频块: format=pcm, raw_size=8192 bytes, sample_rate=16000
2025-09-20 02:58:26.915 | TRACE    | audio | add_audio_chunk:577 | PCM解码完成: samples=4096
2025-09-20 02:58:26.915 | INFO     | audio | add_audio_chunk:657 | AGC已应用: 原始RMS=0.004966, 增益=6.04
2025-09-20 02:58:26.915 | DEBUG    | audio | add_audio_chunk:668 | 音频质量分析: samples=4096, max_amp=0.0861, rms_amp=0.0300, mean_amp=0.0246, non_zero_ratio=0.997, zero_ratio=0.003
2025-09-20 02:58:26.918 | DEBUG    | audio | add_audio_chunk:739 | 🎵 音频活动[中]: max_amp=0.086091 > 0.003
2025-09-20 02:58:26.918 | DEBUG    | audio | add_audio_chunk:743 | 音频块处理完成: format=pcm, samples=4096, max_amp=0.0861, rms_amp=0.0300, buffer_before=446464, buffer_after=450560, trimmed=False, processing_time=8.6ms
2025-09-20 02:58:26.926 | INFO     | audio | add_audio_chunk:775 | ✅ 标准音频输入: RMS=0.030000, 时长=0.26s
2025-09-20 02:58:27.174 | TRACE    | audio | add_audio_chunk:525 | 收到音频块: format=pcm, raw_size=8192 bytes, sample_rate=16000
2025-09-20 02:58:27.179 | TRACE    | audio | add_audio_chunk:577 | PCM解码完成: samples=4096
2025-09-20 02:58:27.179 | INFO     | audio | add_audio_chunk:657 | AGC已应用: 原始RMS=0.004801, 增益=6.25
2025-09-20 02:58:27.179 | DEBUG    | audio | add_audio_chunk:668 | 音频质量分析: samples=4096, max_amp=0.0805, rms_amp=0.0300, mean_amp=0.0242, non_zero_ratio=0.998, zero_ratio=0.002
2025-09-20 02:58:27.181 | DEBUG    | audio | add_audio_chunk:739 | 🎵 音频活动[中]: max_amp=0.080480 > 0.003
2025-09-20 02:58:27.182 | DEBUG    | audio | add_audio_chunk:743 | 音频块处理完成: format=pcm, samples=4096, max_amp=0.0805, rms_amp=0.0300, buffer_before=450560, buffer_after=454656, trimmed=False, processing_time=7.5ms
2025-09-20 02:58:27.188 | INFO     | audio | add_audio_chunk:775 | ✅ 标准音频输入: RMS=0.030000, 时长=0.26s
2025-09-20 02:58:27.419 | TRACE    | audio | add_audio_chunk:525 | 收到音频块: format=pcm, raw_size=8192 bytes, sample_rate=16000
2025-09-20 02:58:27.424 | TRACE    | audio | add_audio_chunk:577 | PCM解码完成: samples=4096
2025-09-20 02:58:27.424 | INFO     | audio | add_audio_chunk:657 | AGC已应用: 原始RMS=0.004101, 增益=7.32
2025-09-20 02:58:27.424 | DEBUG    | audio | add_audio_chunk:668 | 音频质量分析: samples=4096, max_amp=0.0860, rms_amp=0.0300, mean_amp=0.0244, non_zero_ratio=0.997, zero_ratio=0.003
2025-09-20 02:58:27.426 | DEBUG    | audio | add_audio_chunk:739 | 🎵 音频活动[中]: max_amp=0.085959 > 0.003
2025-09-20 02:58:27.427 | DEBUG    | audio | add_audio_chunk:743 | 音频块处理完成: format=pcm, samples=4096, max_amp=0.0860, rms_amp=0.0300, buffer_before=454656, buffer_after=458752, trimmed=False, processing_time=7.3ms
2025-09-20 02:58:27.433 | INFO     | audio | add_audio_chunk:775 | ✅ 标准音频输入: RMS=0.030000, 时长=0.26s
2025-09-20 02:58:27.680 | TRACE    | audio | add_audio_chunk:525 | 收到音频块: format=pcm, raw_size=8192 bytes, sample_rate=16000
2025-09-20 02:58:27.683 | TRACE    | audio | add_audio_chunk:577 | PCM解码完成: samples=4096
2025-09-20 02:58:27.683 | INFO     | audio | add_audio_chunk:657 | AGC已应用: 原始RMS=0.003474, 增益=8.64
2025-09-20 02:58:27.686 | DEBUG    | audio | add_audio_chunk:668 | 音频质量分析: samples=4096, max_amp=0.0862, rms_amp=0.0300, mean_amp=0.0251, non_zero_ratio=0.999, zero_ratio=0.001
2025-09-20 02:58:27.688 | DEBUG    | audio | add_audio_chunk:739 | 🎵 音频活动[中]: max_amp=0.086178 > 0.003
2025-09-20 02:58:27.688 | DEBUG    | audio | add_audio_chunk:743 | 音频块处理完成: format=pcm, samples=4096, max_amp=0.0862, rms_amp=0.0300, buffer_before=458752, buffer_after=462848, trimmed=False, processing_time=8.6ms
2025-09-20 02:58:27.696 | INFO     | audio | add_audio_chunk:775 | ✅ 标准音频输入: RMS=0.030000, 时长=0.26s
2025-09-20 02:58:27.929 | TRACE    | audio | add_audio_chunk:525 | 收到音频块: format=pcm, raw_size=8192 bytes, sample_rate=16000
2025-09-20 02:58:27.932 | TRACE    | audio | add_audio_chunk:577 | PCM解码完成: samples=4096
2025-09-20 02:58:27.932 | INFO     | audio | add_audio_chunk:657 | AGC已应用: 原始RMS=0.003677, 增益=8.16
2025-09-20 02:58:27.933 | DEBUG    | audio | add_audio_chunk:668 | 音频质量分析: samples=4096, max_amp=0.0672, rms_amp=0.0300, mean_amp=0.0262, non_zero_ratio=0.998, zero_ratio=0.002
2025-09-20 02:58:27.935 | DEBUG    | audio | add_audio_chunk:739 | 🎵 音频活动[中]: max_amp=0.067233 > 0.003
2025-09-20 02:58:27.935 | DEBUG    | audio | add_audio_chunk:743 | 音频块处理完成: format=pcm, samples=4096, max_amp=0.0672, rms_amp=0.0300, buffer_before=462848, buffer_after=466944, trimmed=False, processing_time=6.5ms
2025-09-20 02:58:27.942 | INFO     | audio | add_audio_chunk:775 | ✅ 标准音频输入: RMS=0.030000, 时长=0.26s
2025-09-20 02:58:28.189 | TRACE    | audio | add_audio_chunk:525 | 收到音频块: format=pcm, raw_size=8192 bytes, sample_rate=16000
2025-09-20 02:58:28.192 | TRACE    | audio | add_audio_chunk:577 | PCM解码完成: samples=4096
2025-09-20 02:58:28.193 | INFO     | audio | add_audio_chunk:657 | AGC已应用: 原始RMS=0.003449, 增益=8.70
2025-09-20 02:58:28.193 | DEBUG    | audio | add_audio_chunk:668 | 音频质量分析: samples=4096, max_amp=0.0709, rms_amp=0.0300, mean_amp=0.0247, non_zero_ratio=0.996, zero_ratio=0.004
2025-09-20 02:58:28.195 | DEBUG    | audio | add_audio_chunk:739 | 🎵 音频活动[中]: max_amp=0.070867 > 0.003
2025-09-20 02:58:28.195 | DEBUG    | audio | add_audio_chunk:743 | 音频块处理完成: format=pcm, samples=4096, max_amp=0.0709, rms_amp=0.0300, buffer_before=466944, buffer_after=471040, trimmed=False, processing_time=6.3ms
2025-09-20 02:58:28.200 | INFO     | audio | add_audio_chunk:775 | ✅ 标准音频输入: RMS=0.030000, 时长=0.26s
2025-09-20 02:58:28.451 | TRACE    | audio | add_audio_chunk:525 | 收到音频块: format=pcm, raw_size=8192 bytes, sample_rate=16000
2025-09-20 02:58:28.515 | TRACE    | audio | add_audio_chunk:577 | PCM解码完成: samples=4096
2025-09-20 02:58:28.515 | INFO     | audio | add_audio_chunk:657 | AGC已应用: 原始RMS=0.004290, 增益=6.99
2025-09-20 02:58:28.515 | DEBUG    | audio | add_audio_chunk:668 | 音频质量分析: samples=4096, max_amp=0.0871, rms_amp=0.0300, mean_amp=0.0241, non_zero_ratio=0.997, zero_ratio=0.003
2025-09-20 02:58:28.517 | DEBUG    | audio | add_audio_chunk:739 | 🎵 音频活动[中]: max_amp=0.087063 > 0.003
2025-09-20 02:58:28.517 | DEBUG    | audio | add_audio_chunk:743 | 音频块处理完成: format=pcm, samples=4096, max_amp=0.0871, rms_amp=0.0300, buffer_before=471040, buffer_after=475136, trimmed=False, processing_time=66.7ms
2025-09-20 02:58:28.524 | INFO     | audio | add_audio_chunk:775 | ✅ 标准音频输入: RMS=0.030000, 时长=0.26s
2025-09-20 02:58:28.699 | TRACE    | audio | add_audio_chunk:525 | 收到音频块: format=pcm, raw_size=8192 bytes, sample_rate=16000
2025-09-20 02:58:28.702 | TRACE    | audio | add_audio_chunk:577 | PCM解码完成: samples=4096
2025-09-20 02:58:28.703 | INFO     | audio | add_audio_chunk:657 | AGC已应用: 原始RMS=0.004093, 增益=7.33
2025-09-20 02:58:28.703 | DEBUG    | audio | add_audio_chunk:668 | 音频质量分析: samples=4096, max_amp=0.0834, rms_amp=0.0300, mean_amp=0.0243, non_zero_ratio=0.998, zero_ratio=0.002
2025-09-20 02:58:28.705 | DEBUG    | audio | add_audio_chunk:739 | 🎵 音频活动[中]: max_amp=0.083441 > 0.003
2025-09-20 02:58:28.706 | DEBUG    | audio | add_audio_chunk:743 | 音频块处理完成: format=pcm, samples=4096, max_amp=0.0834, rms_amp=0.0300, buffer_before=475136, buffer_after=479232, trimmed=False, processing_time=7.1ms
2025-09-20 02:58:28.714 | INFO     | audio | add_audio_chunk:775 | ✅ 标准音频输入: RMS=0.030000, 时长=0.26s
2025-09-20 02:58:29.050 | TRACE    | audio | add_audio_chunk:525 | 收到音频块: format=pcm, raw_size=8192 bytes, sample_rate=16000
2025-09-20 02:58:29.055 | TRACE    | audio | add_audio_chunk:577 | PCM解码完成: samples=4096
2025-09-20 02:58:29.055 | INFO     | audio | add_audio_chunk:657 | AGC已应用: 原始RMS=0.004534, 增益=6.62
2025-09-20 02:58:29.055 | DEBUG    | audio | add_audio_chunk:668 | 音频质量分析: samples=4096, max_amp=0.0775, rms_amp=0.0300, mean_amp=0.0240, non_zero_ratio=0.997, zero_ratio=0.003
2025-09-20 02:58:29.057 | DEBUG    | audio | add_audio_chunk:739 | 🎵 音频活动[中]: max_amp=0.077538 > 0.003
2025-09-20 02:58:29.059 | DEBUG    | audio | add_audio_chunk:743 | 音频块处理完成: format=pcm, samples=4096, max_amp=0.0775, rms_amp=0.0300, buffer_before=479232, buffer_after=483328, trimmed=False, processing_time=8.9ms
2025-09-20 02:58:29.066 | INFO     | audio | add_audio_chunk:775 | ✅ 标准音频输入: RMS=0.030000, 时长=0.26s
2025-09-20 02:58:29.436 | TRACE    | audio | add_audio_chunk:525 | 收到音频块: format=pcm, raw_size=8192 bytes, sample_rate=16000
2025-09-20 02:58:29.451 | TRACE    | audio | add_audio_chunk:577 | PCM解码完成: samples=4096
2025-09-20 02:58:29.451 | INFO     | audio | add_audio_chunk:657 | AGC已应用: 原始RMS=0.004166, 增益=7.20
2025-09-20 02:58:29.452 | DEBUG    | audio | add_audio_chunk:668 | 音频质量分析: samples=4096, max_amp=0.0908, rms_amp=0.0300, mean_amp=0.0235, non_zero_ratio=0.998, zero_ratio=0.002
2025-09-20 02:58:29.454 | DEBUG    | audio | add_audio_chunk:739 | 🎵 音频活动[中]: max_amp=0.090761 > 0.003
2025-09-20 02:58:29.455 | DEBUG    | audio | add_audio_chunk:743 | 音频块处理完成: format=pcm, samples=4096, max_amp=0.0908, rms_amp=0.0300, buffer_before=483328, buffer_after=487424, trimmed=False, processing_time=18.5ms
2025-09-20 02:58:29.468 | INFO     | audio | add_audio_chunk:775 | ✅ 标准音频输入: RMS=0.030000, 时长=0.26s
2025-09-20 02:58:29.839 | TRACE    | audio | add_audio_chunk:525 | 收到音频块: format=pcm, raw_size=8192 bytes, sample_rate=16000
2025-09-20 02:58:29.845 | TRACE    | audio | add_audio_chunk:577 | PCM解码完成: samples=4096
2025-09-20 02:58:29.845 | INFO     | audio | add_audio_chunk:657 | AGC已应用: 原始RMS=0.003789, 增益=7.92
2025-09-20 02:58:29.845 | DEBUG    | audio | add_audio_chunk:668 | 音频质量分析: samples=4096, max_amp=0.0831, rms_amp=0.0300, mean_amp=0.0249, non_zero_ratio=0.999, zero_ratio=0.001
2025-09-20 02:58:29.847 | DEBUG    | audio | add_audio_chunk:739 | 🎵 音频活动[中]: max_amp=0.083120 > 0.003
2025-09-20 02:58:29.848 | DEBUG    | audio | add_audio_chunk:743 | 音频块处理完成: format=pcm, samples=4096, max_amp=0.0831, rms_amp=0.0300, buffer_before=487424, buffer_after=491520, trimmed=False, processing_time=8.5ms
2025-09-20 02:58:29.854 | INFO     | audio | add_audio_chunk:775 | ✅ 标准音频输入: RMS=0.030000, 时长=0.26s
2025-09-20 02:58:30.243 | TRACE    | audio | add_audio_chunk:525 | 收到音频块: format=pcm, raw_size=8192 bytes, sample_rate=16000
2025-09-20 02:58:30.263 | TRACE    | audio | add_audio_chunk:577 | PCM解码完成: samples=4096
2025-09-20 02:58:30.265 | INFO     | audio | add_audio_chunk:657 | AGC已应用: 原始RMS=0.004461, 增益=6.73
2025-09-20 02:58:30.265 | DEBUG    | audio | add_audio_chunk:668 | 音频质量分析: samples=4096, max_amp=0.0848, rms_amp=0.0300, mean_amp=0.0254, non_zero_ratio=0.999, zero_ratio=0.001
2025-09-20 02:58:30.267 | DEBUG    | audio | add_audio_chunk:739 | 🎵 音频活动[中]: max_amp=0.084764 > 0.003
2025-09-20 02:58:30.269 | DEBUG    | audio | add_audio_chunk:743 | 音频块处理完成: format=pcm, samples=4096, max_amp=0.0848, rms_amp=0.0300, buffer_before=491520, buffer_after=495616, trimmed=False, processing_time=25.8ms
2025-09-20 02:58:30.278 | INFO     | audio | add_audio_chunk:775 | ✅ 标准音频输入: RMS=0.030000, 时长=0.26s
2025-09-20 02:58:30.278 | INFO     | audio | _report_quality_stats:1202 | 📊 音频质量报告: 有效率=100.0%, 高质量率=0.0%, 平均RMS=0.021888, 识别成功率=0.0% (总块数:121, 识别尝试:0)
2025-09-20 02:58:30.633 | TRACE    | audio | add_audio_chunk:525 | 收到音频块: format=pcm, raw_size=8192 bytes, sample_rate=16000
2025-09-20 02:58:30.637 | TRACE    | audio | add_audio_chunk:577 | PCM解码完成: samples=4096
2025-09-20 02:58:30.638 | DEBUG    | audio | add_audio_chunk:668 | 音频质量分析: samples=4096, max_amp=0.0267, rms_amp=0.0077, mean_amp=0.0059, non_zero_ratio=0.999, zero_ratio=0.001
2025-09-20 02:58:30.640 | DEBUG    | audio | add_audio_chunk:739 | 🎵 音频活动[低]: max_amp=0.026733 > 0.003
2025-09-20 02:58:30.640 | DEBUG    | audio | add_audio_chunk:743 | 音频块处理完成: format=pcm, samples=4096, max_amp=0.0267, rms_amp=0.0077, buffer_before=495616, buffer_after=499712, trimmed=False, processing_time=7.0ms
2025-09-20 02:58:30.648 | DEBUG    | audio | add_audio_chunk:777 | 🔉 轻声音频输入: RMS=0.007707, 时长=0.26s
2025-09-20 02:58:31.056 | TRACE    | audio | add_audio_chunk:525 | 收到音频块: format=pcm, raw_size=8192 bytes, sample_rate=16000
2025-09-20 02:58:31.060 | TRACE    | audio | add_audio_chunk:577 | PCM解码完成: samples=4096
2025-09-20 02:58:31.060 | INFO     | audio | add_audio_chunk:657 | AGC已应用: 原始RMS=0.004913, 增益=6.11
2025-09-20 02:58:31.061 | DEBUG    | audio | add_audio_chunk:668 | 音频质量分析: samples=4096, max_amp=0.1101, rms_amp=0.0300, mean_amp=0.0239, non_zero_ratio=0.997, zero_ratio=0.003
2025-09-20 02:58:31.063 | DEBUG    | audio | add_audio_chunk:739 | 🎵 音频活动[高]: max_amp=0.110141 > 0.003
2025-09-20 02:58:31.063 | DEBUG    | audio | add_audio_chunk:743 | 音频块处理完成: format=pcm, samples=4096, max_amp=0.1101, rms_amp=0.0300, buffer_before=499712, buffer_after=503808, trimmed=False, processing_time=7.1ms
2025-09-20 02:58:31.070 | INFO     | audio | add_audio_chunk:775 | ✅ 标准音频输入: RMS=0.030000, 时长=0.26s
2025-09-20 02:58:31.442 | TRACE    | audio | add_audio_chunk:525 | 收到音频块: format=pcm, raw_size=8192 bytes, sample_rate=16000
2025-09-20 02:58:31.452 | TRACE    | audio | add_audio_chunk:577 | PCM解码完成: samples=4096
2025-09-20 02:58:31.453 | INFO     | audio | add_audio_chunk:657 | AGC已应用: 原始RMS=0.003248, 增益=9.24
2025-09-20 02:58:31.453 | DEBUG    | audio | add_audio_chunk:668 | 音频质量分析: samples=4096, max_amp=0.0865, rms_amp=0.0300, mean_amp=0.0250, non_zero_ratio=0.998, zero_ratio=0.002
2025-09-20 02:58:31.455 | DEBUG    | audio | add_audio_chunk:739 | 🎵 音频活动[中]: max_amp=0.086526 > 0.003
2025-09-20 02:58:31.455 | DEBUG    | audio | add_audio_chunk:743 | 音频块处理完成: format=pcm, samples=4096, max_amp=0.0865, rms_amp=0.0300, buffer_before=503808, buffer_after=507904, trimmed=False, processing_time=13.5ms
2025-09-20 02:58:31.464 | INFO     | audio | add_audio_chunk:775 | ✅ 标准音频输入: RMS=0.030000, 时长=0.26s
2025-09-20 02:58:31.849 | TRACE    | audio | add_audio_chunk:525 | 收到音频块: format=pcm, raw_size=8192 bytes, sample_rate=16000
2025-09-20 02:58:31.855 | TRACE    | audio | add_audio_chunk:577 | PCM解码完成: samples=4096
2025-09-20 02:58:31.856 | INFO     | audio | add_audio_chunk:657 | AGC已应用: 原始RMS=0.004072, 增益=7.37
2025-09-20 02:58:31.856 | DEBUG    | audio | add_audio_chunk:668 | 音频质量分析: samples=4096, max_amp=0.1772, rms_amp=0.0300, mean_amp=0.0225, non_zero_ratio=0.996, zero_ratio=0.004
2025-09-20 02:58:31.858 | DEBUG    | audio | add_audio_chunk:739 | 🎵 音频活动[高]: max_amp=0.177155 > 0.003
2025-09-20 02:58:31.859 | DEBUG    | audio | add_audio_chunk:743 | 音频块处理完成: format=pcm, samples=4096, max_amp=0.1772, rms_amp=0.0300, buffer_before=507904, buffer_after=512000, trimmed=False, processing_time=10.1ms
2025-09-20 02:58:31.869 | INFO     | audio | add_audio_chunk:775 | ✅ 标准音频输入: RMS=0.030000, 时长=0.26s
2025-09-20 02:58:32.249 | TRACE    | audio | add_audio_chunk:525 | 收到音频块: format=pcm, raw_size=8192 bytes, sample_rate=16000
2025-09-20 02:58:32.253 | TRACE    | audio | add_audio_chunk:577 | PCM解码完成: samples=4096
2025-09-20 02:58:32.254 | DEBUG    | audio | add_audio_chunk:668 | 音频质量分析: samples=4096, max_amp=0.0404, rms_amp=0.0056, mean_amp=0.0044, non_zero_ratio=0.997, zero_ratio=0.003
2025-09-20 02:58:32.256 | DEBUG    | audio | add_audio_chunk:739 | 🎵 音频活动[中]: max_amp=0.040375 > 0.003
2025-09-20 02:58:32.256 | DEBUG    | audio | add_audio_chunk:743 | 音频块处理完成: format=pcm, samples=4096, max_amp=0.0404, rms_amp=0.0056, buffer_before=512000, buffer_after=516096, trimmed=False, processing_time=7.4ms
2025-09-20 02:58:32.264 | DEBUG    | audio | add_audio_chunk:777 | 🔉 轻声音频输入: RMS=0.005626, 时长=0.26s
2025-09-20 02:58:32.623 | TRACE    | audio | add_audio_chunk:525 | 收到音频块: format=pcm, raw_size=8192 bytes, sample_rate=16000
2025-09-20 02:58:32.629 | TRACE    | audio | add_audio_chunk:577 | PCM解码完成: samples=4096
2025-09-20 02:58:32.629 | INFO     | audio | add_audio_chunk:657 | AGC已应用: 原始RMS=0.003559, 增益=8.43
2025-09-20 02:58:32.629 | DEBUG    | audio | add_audio_chunk:668 | 音频质量分析: samples=4096, max_amp=0.0718, rms_amp=0.0300, mean_amp=0.0249, non_zero_ratio=0.998, zero_ratio=0.002
2025-09-20 02:58:32.631 | DEBUG    | audio | add_audio_chunk:739 | 🎵 音频活动[中]: max_amp=0.071776 > 0.003
2025-09-20 02:58:32.632 | DEBUG    | audio | add_audio_chunk:743 | 音频块处理完成: format=pcm, samples=4096, max_amp=0.0718, rms_amp=0.0300, buffer_before=516096, buffer_after=520192, trimmed=False, processing_time=8.4ms
2025-09-20 02:58:32.638 | INFO     | audio | add_audio_chunk:775 | ✅ 标准音频输入: RMS=0.030000, 时长=0.26s
2025-09-20 02:58:33.032 | TRACE    | audio | add_audio_chunk:525 | 收到音频块: format=pcm, raw_size=8192 bytes, sample_rate=16000
2025-09-20 02:58:33.039 | TRACE    | audio | add_audio_chunk:577 | PCM解码完成: samples=4096
2025-09-20 02:58:33.039 | INFO     | audio | add_audio_chunk:657 | AGC已应用: 原始RMS=0.004742, 增益=6.33
2025-09-20 02:58:33.039 | DEBUG    | audio | add_audio_chunk:668 | 音频质量分析: samples=4096, max_amp=0.0722, rms_amp=0.0300, mean_amp=0.0249, non_zero_ratio=0.997, zero_ratio=0.003
2025-09-20 02:58:33.043 | DEBUG    | audio | add_audio_chunk:739 | 🎵 音频活动[中]: max_amp=0.072201 > 0.003
2025-09-20 02:58:33.043 | DEBUG    | audio | add_audio_chunk:743 | 音频块处理完成: format=pcm, samples=4096, max_amp=0.0722, rms_amp=0.0300, buffer_before=520192, buffer_after=524288, trimmed=False, processing_time=10.9ms
2025-09-20 02:58:33.049 | INFO     | audio | add_audio_chunk:775 | ✅ 标准音频输入: RMS=0.030000, 时长=0.26s
2025-09-20 02:58:34.429 | INFO     | audio | save_original_audio_files:1226 | 🎤 原始音频统计: 1048576 bytes, 524288 样本, 32.77秒, 采样率16000Hz
2025-09-20 02:58:34.434 | INFO     | audio | save_original_audio_files:1232 | 💾 原始PCM已保存: /mnt/d/WorkSpace/code/2025/smartvoice/data/temp/session_86e73a36/original_raw.pcm
2025-09-20 02:58:34.453 | ERROR    | audio | save_original_audio_files:1269 | 原始WAV生成失败: Object of type float32 is not JSON serializable
2025-09-20 02:58:34.455 | ERROR    | audio | save_original_audio_files:1271 | Traceback (most recent call last):
  File "/mnt/d/WorkSpace/code/evoice-versions/base/e-voice/server/session.py", line 1254, in save_original_audio_files
    json.dump(audio_stats, f, ensure_ascii=False, indent=2)
  File "/home/nlwu/miniconda3/envs/py312/lib/python3.12/json/__init__.py", line 179, in dump
    for chunk in iterable:
                 ^^^^^^^^
  File "/home/nlwu/miniconda3/envs/py312/lib/python3.12/json/encoder.py", line 432, in _iterencode
    yield from _iterencode_dict(o, _current_indent_level)
  File "/home/nlwu/miniconda3/envs/py312/lib/python3.12/json/encoder.py", line 406, in _iterencode_dict
    yield from chunks
  File "/home/nlwu/miniconda3/envs/py312/lib/python3.12/json/encoder.py", line 439, in _iterencode
    o = _default(o)
        ^^^^^^^^^^^
  File "/home/nlwu/miniconda3/envs/py312/lib/python3.12/json/encoder.py", line 180, in default
    raise TypeError(f'Object of type {o.__class__.__name__} '
TypeError: Object of type float32 is not JSON serializable

2025-09-20 02:58:34.455 | INFO     | audio | save_original_audio_files:1226 | 🎤 原始音频统计: 1048576 bytes, 524288 样本, 32.77秒, 采样率16000Hz
2025-09-20 02:58:34.461 | INFO     | audio | save_original_audio_files:1232 | 💾 原始PCM已保存: /mnt/d/WorkSpace/code/2025/smartvoice/data/temp/session_86e73a36/original_raw.pcm
2025-09-20 02:58:34.519 | ERROR    | audio | save_original_audio_files:1269 | 原始WAV生成失败: Object of type float32 is not JSON serializable
2025-09-20 02:58:34.521 | ERROR    | audio | save_original_audio_files:1271 | Traceback (most recent call last):
  File "/mnt/d/WorkSpace/code/evoice-versions/base/e-voice/server/session.py", line 1254, in save_original_audio_files
    json.dump(audio_stats, f, ensure_ascii=False, indent=2)
  File "/home/nlwu/miniconda3/envs/py312/lib/python3.12/json/__init__.py", line 179, in dump
    for chunk in iterable:
                 ^^^^^^^^
  File "/home/nlwu/miniconda3/envs/py312/lib/python3.12/json/encoder.py", line 432, in _iterencode
    yield from _iterencode_dict(o, _current_indent_level)
  File "/home/nlwu/miniconda3/envs/py312/lib/python3.12/json/encoder.py", line 406, in _iterencode_dict
    yield from chunks
  File "/home/nlwu/miniconda3/envs/py312/lib/python3.12/json/encoder.py", line 439, in _iterencode
    o = _default(o)
        ^^^^^^^^^^^
  File "/home/nlwu/miniconda3/envs/py312/lib/python3.12/json/encoder.py", line 180, in default
    raise TypeError(f'Object of type {o.__class__.__name__} '
TypeError: Object of type float32 is not JSON serializable

