2025-09-18 23:54:26.269 | INFO     | ws | ws_recognize:2673 | 会话开始: 0a35884e
2025-09-18 23:54:52.054 | ERROR    | ws | ws_recognize:2980 | 会话0a35884e: WebSocket错误详情:
Traceback (most recent call last):
  File "/mnt/d/WorkSpace/code/evoice-versions/base/e-voice/rest.py", line 2703, in ws_recognize
    message = ws.receive()
              ^^^^^^^^^^^^
  File "/home/nlwu/miniconda3/envs/py312/lib/python3.12/site-packages/simple_websocket/ws.py", line 104, in receive
    raise ConnectionClosed(self.close_reason, self.close_message)
simple_websocket.errors.ConnectionClosed: Connection closed: 1005 

2025-09-18 23:54:52.054 | ERROR    | ws | ws_recognize:2990 | 会话0a35884e: 无法发送错误消息，连接可能已断开
2025-09-18 23:54:52.055 | INFO     | ws | ws_recognize:2999 | 会话0a35884e: WebSocket连接关闭
2025-09-18 23:54:52.269 | INFO     | ws | ws_recognize:2673 | 会话开始: ba1bb0b1
2025-09-18 23:55:02.481 | DEBUG    | ws | ws_recognize:2764 | 会话ba1bb0b1: 收到消息#1, type=ping, format=pcm
2025-09-18 23:55:12.272 | DEBUG    | ws | ws_recognize:2764 | 会话ba1bb0b1: 收到消息#2, type=ping, format=pcm
2025-09-18 23:55:21.013 | ERROR    | ws | ws_recognize:2980 | 会话ba1bb0b1: WebSocket错误详情:
Traceback (most recent call last):
  File "/mnt/d/WorkSpace/code/evoice-versions/base/e-voice/rest.py", line 2703, in ws_recognize
    message = ws.receive()
              ^^^^^^^^^^^^
  File "/home/nlwu/miniconda3/envs/py312/lib/python3.12/site-packages/simple_websocket/ws.py", line 104, in receive
    raise ConnectionClosed(self.close_reason, self.close_message)
simple_websocket.errors.ConnectionClosed: Connection closed: 1001 

2025-09-18 23:55:21.014 | ERROR    | ws | ws_recognize:2990 | 会话ba1bb0b1: 无法发送错误消息，连接可能已断开
2025-09-18 23:55:21.015 | INFO     | ws | ws_recognize:2999 | 会话ba1bb0b1: WebSocket连接关闭
2025-09-18 23:55:24.375 | INFO     | ws | ws_recognize:2673 | 会话开始: 9cd001bf
2025-09-18 23:55:25.642 | DEBUG    | ws | ws_recognize:2764 | 会话9cd001bf: 收到消息#1, type=start, format=pcm
2025-09-18 23:55:25.643 | INFO     | ws | ws_recognize:2767 | 会话9cd001bf: 开始实时识别
2025-09-18 23:55:25.644 | DEBUG    | ws | ws_recognize:2781 | 会话9cd001bf: 发送started消息
2025-09-18 23:55:25.879 | DEBUG    | ws | ws_recognize:2764 | 会话9cd001bf: 收到消息#2, type=chunk, format=pcm
2025-09-18 23:55:26.139 | DEBUG    | ws | ws_recognize:2764 | 会话9cd001bf: 收到消息#3, type=chunk, format=pcm
2025-09-18 23:55:26.422 | DEBUG    | ws | ws_recognize:2764 | 会话9cd001bf: 收到消息#4, type=chunk, format=pcm
2025-09-18 23:55:26.649 | DEBUG    | ws | ws_recognize:2764 | 会话9cd001bf: 收到消息#5, type=chunk, format=pcm
2025-09-18 23:55:26.904 | DEBUG    | ws | ws_recognize:2764 | 会话9cd001bf: 收到消息#6, type=chunk, format=pcm
2025-09-18 23:55:27.157 | DEBUG    | ws | ws_recognize:2764 | 会话9cd001bf: 收到消息#7, type=chunk, format=pcm
2025-09-18 23:55:27.451 | DEBUG    | ws | ws_recognize:2764 | 会话9cd001bf: 收到消息#8, type=chunk, format=pcm
2025-09-18 23:55:27.668 | DEBUG    | ws | ws_recognize:2764 | 会话9cd001bf: 收到消息#9, type=chunk, format=pcm
2025-09-18 23:55:27.926 | DEBUG    | ws | ws_recognize:2764 | 会话9cd001bf: 收到消息#10, type=chunk, format=pcm
2025-09-18 23:55:28.745 | DEBUG    | ws | ws_recognize:2958 | 会话9cd001bf: 发送实时结果#1: '车辆的车。' (置信度: 0.850)
2025-09-18 23:55:28.745 | DEBUG    | ws | ws_recognize:2764 | 会话9cd001bf: 收到消息#11, type=chunk, format=pcm
2025-09-18 23:55:29.066 | DEBUG    | ws | ws_recognize:2958 | 会话9cd001bf: 发送实时结果#2: '测试。' (置信度: 0.850)
2025-09-18 23:55:29.068 | DEBUG    | ws | ws_recognize:2764 | 会话9cd001bf: 收到消息#12, type=chunk, format=pcm
2025-09-18 23:55:29.265 | DEBUG    | ws | ws_recognize:2958 | 会话9cd001bf: 发送实时结果#3: '测试一下。' (置信度: 0.850)
2025-09-18 23:55:29.265 | DEBUG    | ws | ws_recognize:2764 | 会话9cd001bf: 收到消息#13, type=chunk, format=pcm
2025-09-18 23:55:29.272 | DEBUG    | ws | ws_recognize:2764 | 会话9cd001bf: 收到消息#14, type=chunk, format=pcm
2025-09-18 23:55:29.279 | DEBUG    | ws | ws_recognize:2764 | 会话9cd001bf: 收到消息#15, type=chunk, format=pcm
2025-09-18 23:55:29.452 | DEBUG    | ws | ws_recognize:2764 | 会话9cd001bf: 收到消息#16, type=chunk, format=pcm
2025-09-18 23:55:29.710 | DEBUG    | ws | ws_recognize:2764 | 会话9cd001bf: 收到消息#17, type=chunk, format=pcm
2025-09-18 23:55:30.097 | DEBUG    | ws | ws_recognize:2764 | 会话9cd001bf: 收到消息#18, type=chunk, format=pcm
2025-09-18 23:55:30.284 | DEBUG    | ws | ws_recognize:2764 | 会话9cd001bf: 收到消息#19, type=chunk, format=pcm
2025-09-18 23:55:30.472 | DEBUG    | ws | ws_recognize:2764 | 会话9cd001bf: 收到消息#20, type=chunk, format=pcm
2025-09-18 23:55:30.718 | DEBUG    | ws | ws_recognize:2764 | 会话9cd001bf: 收到消息#21, type=chunk, format=pcm
2025-09-18 23:55:30.914 | DEBUG    | ws | ws_recognize:2958 | 会话9cd001bf: 发送实时结果#4: '测试一下，听到我说听见。' (置信度: 0.850)
2025-09-18 23:55:30.976 | DEBUG    | ws | ws_recognize:2764 | 会话9cd001bf: 收到消息#22, type=chunk, format=pcm
2025-09-18 23:55:31.235 | DEBUG    | ws | ws_recognize:2958 | 会话9cd001bf: 发送实时结果#5: '测试一下听得到。' (置信度: 0.850)
2025-09-18 23:55:31.235 | DEBUG    | ws | ws_recognize:2764 | 会话9cd001bf: 收到消息#23, type=chunk, format=pcm
2025-09-18 23:55:31.447 | DEBUG    | ws | ws_recognize:2958 | 会话9cd001bf: 发送实时结果#6: '测试一下听得到我。' (置信度: 0.850)
2025-09-18 23:55:31.478 | DEBUG    | ws | ws_recognize:2764 | 会话9cd001bf: 收到消息#24, type=chunk, format=pcm
2025-09-18 23:55:31.735 | DEBUG    | ws | ws_recognize:2764 | 会话9cd001bf: 收到消息#25, type=chunk, format=pcm
2025-09-18 23:55:32.055 | DEBUG    | ws | ws_recognize:2958 | 会话9cd001bf: 发送实时结果#7: '测试一下，听得到我说的话。' (置信度: 0.850)
2025-09-18 23:55:32.056 | DEBUG    | ws | ws_recognize:2764 | 会话9cd001bf: 收到消息#26, type=chunk, format=pcm
2025-09-18 23:55:32.289 | DEBUG    | ws | ws_recognize:2958 | 会话9cd001bf: 发送实时结果#8: '测试一下，听得到我说的话吗？' (置信度: 0.850)
2025-09-18 23:55:32.289 | DEBUG    | ws | ws_recognize:2764 | 会话9cd001bf: 收到消息#27, type=chunk, format=pcm
2025-09-18 23:55:32.836 | DEBUG    | ws | ws_recognize:2764 | 会话9cd001bf: 收到消息#28, type=chunk, format=pcm
2025-09-18 23:55:33.088 | DEBUG    | ws | ws_recognize:2764 | 会话9cd001bf: 收到消息#29, type=chunk, format=pcm
2025-09-18 23:55:33.533 | DEBUG    | ws | ws_recognize:2764 | 会话9cd001bf: 收到消息#30, type=chunk, format=pcm
2025-09-18 23:55:33.878 | DEBUG    | ws | ws_recognize:2764 | 会话9cd001bf: 收到消息#31, type=chunk, format=pcm
2025-09-18 23:55:34.144 | DEBUG    | ws | ws_recognize:2764 | 会话9cd001bf: 收到消息#32, type=chunk, format=pcm
2025-09-18 23:55:34.421 | DEBUG    | ws | ws_recognize:2764 | 会话9cd001bf: 收到消息#33, type=chunk, format=pcm
2025-09-18 23:55:34.785 | DEBUG    | ws | ws_recognize:2764 | 会话9cd001bf: 收到消息#34, type=chunk, format=pcm
2025-09-18 23:55:35.098 | DEBUG    | ws | ws_recognize:2764 | 会话9cd001bf: 收到消息#35, type=chunk, format=pcm
2025-09-18 23:55:35.626 | DEBUG    | ws | ws_recognize:2764 | 会话9cd001bf: 收到消息#36, type=ping, format=pcm
2025-09-18 23:55:35.627 | DEBUG    | ws | ws_recognize:2764 | 会话9cd001bf: 收到消息#37, type=chunk, format=pcm
2025-09-18 23:55:35.895 | DEBUG    | ws | ws_recognize:2764 | 会话9cd001bf: 收到消息#38, type=chunk, format=pcm
2025-09-18 23:55:36.181 | DEBUG    | ws | ws_recognize:2958 | 会话9cd001bf: 发送实时结果#9: '测试一下，听得到我说的话吗？' (置信度: 0.850)
2025-09-18 23:55:36.181 | DEBUG    | ws | ws_recognize:2764 | 会话9cd001bf: 收到消息#39, type=chunk, format=pcm
2025-09-18 23:55:36.486 | DEBUG    | ws | ws_recognize:2958 | 会话9cd001bf: 发送实时结果#10: '测试一下听得到我说的话吗？，如果。' (置信度: 0.850)
2025-09-18 23:55:36.488 | DEBUG    | ws | ws_recognize:2764 | 会话9cd001bf: 收到消息#40, type=chunk, format=pcm
2025-09-18 23:55:36.788 | DEBUG    | ws | ws_recognize:2958 | 会话9cd001bf: 发送实时结果#11: '测试一下，听得到我说的话吗？，如果听到。' (置信度: 0.850)
2025-09-18 23:55:36.788 | DEBUG    | ws | ws_recognize:2764 | 会话9cd001bf: 收到消息#41, type=chunk, format=pcm
2025-09-18 23:55:37.136 | DEBUG    | ws | ws_recognize:2958 | 会话9cd001bf: 发送实时结果#12: '测试一下，听得到我说的话吗？，如果听得到。' (置信度: 0.850)
2025-09-18 23:55:37.136 | DEBUG    | ws | ws_recognize:2764 | 会话9cd001bf: 收到消息#42, type=chunk, format=pcm
2025-09-18 23:55:37.442 | DEBUG    | ws | ws_recognize:2958 | 会话9cd001bf: 发送实时结果#13: '测试一下，听得到我说的话吗？，如果听得到的话。' (置信度: 0.850)
2025-09-18 23:55:37.442 | DEBUG    | ws | ws_recognize:2764 | 会话9cd001bf: 收到消息#43, type=chunk, format=pcm
2025-09-18 23:55:37.812 | DEBUG    | ws | ws_recognize:2958 | 会话9cd001bf: 发送实时结果#14: '测试一下，听得到我说的话吗？，如果听得到的话就。' (置信度: 0.850)
2025-09-18 23:55:37.812 | DEBUG    | ws | ws_recognize:2764 | 会话9cd001bf: 收到消息#44, type=chunk, format=pcm
2025-09-18 23:55:38.106 | DEBUG    | ws | ws_recognize:2958 | 会话9cd001bf: 发送实时结果#15: '测试一下听得到我说的话吗？，如果听得到的话就扣。' (置信度: 0.850)
2025-09-18 23:55:38.106 | DEBUG    | ws | ws_recognize:2764 | 会话9cd001bf: 收到消息#45, type=chunk, format=pcm
2025-09-18 23:55:38.436 | DEBUG    | ws | ws_recognize:2958 | 会话9cd001bf: 发送实时结果#16: '测试一下听得到我说的话吗？，如果听得到的话，就扣一。' (置信度: 0.850)
2025-09-18 23:55:38.436 | DEBUG    | ws | ws_recognize:2764 | 会话9cd001bf: 收到消息#46, type=chunk, format=pcm
2025-09-18 23:55:38.777 | DEBUG    | ws | ws_recognize:2958 | 会话9cd001bf: 发送实时结果#17: '测试一下，听得到我说的话吗？，如果听得到的话，就扣一声。' (置信度: 0.850)
2025-09-18 23:55:38.777 | DEBUG    | ws | ws_recognize:2764 | 会话9cd001bf: 收到消息#47, type=chunk, format=pcm
2025-09-18 23:55:39.128 | DEBUG    | ws | ws_recognize:2764 | 会话9cd001bf: 收到消息#48, type=chunk, format=pcm
2025-09-18 23:55:39.499 | DEBUG    | ws | ws_recognize:2958 | 会话9cd001bf: 发送实时结果#18: '测试一下，听得到我说的话吗？，如果听得到的话，就cal一声。' (置信度: 0.850)
2025-09-18 23:55:39.499 | DEBUG    | ws | ws_recognize:2764 | 会话9cd001bf: 收到消息#49, type=chunk, format=pcm
2025-09-18 23:55:39.905 | DEBUG    | ws | ws_recognize:2958 | 会话9cd001bf: 发送实时结果#19: '测试一下，听得到我说的话吗？，如果听得到的话，就扣一声。' (置信度: 0.850)
2025-09-18 23:55:39.905 | DEBUG    | ws | ws_recognize:2764 | 会话9cd001bf: 收到消息#50, type=chunk, format=pcm
2025-09-18 23:55:40.293 | DEBUG    | ws | ws_recognize:2764 | 会话9cd001bf: 收到消息#51, type=chunk, format=pcm
2025-09-18 23:55:40.757 | DEBUG    | ws | ws_recognize:2764 | 会话9cd001bf: 收到消息#52, type=chunk, format=pcm
2025-09-18 23:55:41.181 | DEBUG    | ws | ws_recognize:2764 | 会话9cd001bf: 收到消息#53, type=chunk, format=pcm
2025-09-18 23:55:41.616 | DEBUG    | ws | ws_recognize:2764 | 会话9cd001bf: 收到消息#54, type=chunk, format=pcm
2025-09-18 23:55:42.038 | DEBUG    | ws | ws_recognize:2764 | 会话9cd001bf: 收到消息#55, type=chunk, format=pcm
2025-09-18 23:55:42.437 | DEBUG    | ws | ws_recognize:2764 | 会话9cd001bf: 收到消息#56, type=chunk, format=pcm
2025-09-18 23:55:42.831 | DEBUG    | ws | ws_recognize:2764 | 会话9cd001bf: 收到消息#57, type=chunk, format=pcm
2025-09-18 23:55:43.265 | DEBUG    | ws | ws_recognize:2764 | 会话9cd001bf: 收到消息#58, type=chunk, format=pcm
2025-09-18 23:55:43.785 | DEBUG    | ws | ws_recognize:2764 | 会话9cd001bf: 收到消息#59, type=chunk, format=pcm
2025-09-18 23:55:44.127 | DEBUG    | ws | ws_recognize:2764 | 会话9cd001bf: 收到消息#60, type=chunk, format=pcm
2025-09-18 23:55:44.474 | DEBUG    | ws | ws_recognize:2764 | 会话9cd001bf: 收到消息#61, type=chunk, format=pcm
2025-09-18 23:55:44.823 | DEBUG    | ws | ws_recognize:2764 | 会话9cd001bf: 收到消息#62, type=chunk, format=pcm
2025-09-18 23:55:45.261 | DEBUG    | ws | ws_recognize:2764 | 会话9cd001bf: 收到消息#63, type=chunk, format=pcm
2025-09-18 23:55:45.785 | DEBUG    | ws | ws_recognize:2764 | 会话9cd001bf: 收到消息#64, type=chunk, format=pcm
2025-09-18 23:55:46.184 | DEBUG    | ws | ws_recognize:2764 | 会话9cd001bf: 收到消息#65, type=chunk, format=pcm
2025-09-18 23:55:46.863 | DEBUG    | ws | ws_recognize:2764 | 会话9cd001bf: 收到消息#66, type=chunk, format=pcm
2025-09-18 23:55:47.309 | DEBUG    | ws | ws_recognize:2764 | 会话9cd001bf: 收到消息#67, type=chunk, format=pcm
2025-09-18 23:55:48.044 | DEBUG    | ws | ws_recognize:2764 | 会话9cd001bf: 收到消息#68, type=chunk, format=pcm
2025-09-18 23:55:48.650 | DEBUG    | ws | ws_recognize:2764 | 会话9cd001bf: 收到消息#69, type=chunk, format=pcm
2025-09-18 23:55:49.317 | DEBUG    | ws | ws_recognize:2764 | 会话9cd001bf: 收到消息#70, type=end, format=pcm
2025-09-18 23:55:49.318 | INFO     | ws | ws_recognize:2785 | 会话9cd001bf: 结束实时识别，处理最终结果
2025-09-18 23:55:49.320 | INFO     | ws | ws_recognize:2837 | 会话9cd001bf: 发送最终句子#1: '测试一下，听得到我说的话吗？，如果听得到的话，就扣一声。', segment_id=9cd001bf-1
2025-09-18 23:55:49.362 | INFO     | ws | ws_recognize:2860 | 会话9cd001bf: 结束统计 - 消息:70, 音频块:67, 实时:19, 最终:1
2025-09-18 23:55:49.388 | INFO     | ws | ws_recognize:2999 | 会话9cd001bf: WebSocket连接关闭
2025-09-18 23:55:50.775 | INFO     | ws | ws_recognize:2673 | 会话开始: 21ef3fc8
2025-09-18 23:56:00.779 | DEBUG    | ws | ws_recognize:2764 | 会话21ef3fc8: 收到消息#1, type=ping, format=pcm
2025-09-18 23:56:11.443 | DEBUG    | ws | ws_recognize:2764 | 会话21ef3fc8: 收到消息#2, type=ping, format=pcm
2025-09-18 23:56:21.876 | DEBUG    | ws | ws_recognize:2764 | 会话21ef3fc8: 收到消息#3, type=ping, format=pcm
2025-09-18 23:56:31.690 | DEBUG    | ws | ws_recognize:2764 | 会话21ef3fc8: 收到消息#4, type=ping, format=pcm
2025-09-18 23:56:41.471 | DEBUG    | ws | ws_recognize:2764 | 会话21ef3fc8: 收到消息#5, type=ping, format=pcm
2025-09-18 23:56:51.640 | DEBUG    | ws | ws_recognize:2764 | 会话21ef3fc8: 收到消息#6, type=ping, format=pcm
2025-09-18 23:57:01.626 | DEBUG    | ws | ws_recognize:2764 | 会话21ef3fc8: 收到消息#7, type=ping, format=pcm
2025-09-18 23:57:11.459 | DEBUG    | ws | ws_recognize:2764 | 会话21ef3fc8: 收到消息#8, type=ping, format=pcm
2025-09-18 23:57:22.118 | DEBUG    | ws | ws_recognize:2764 | 会话21ef3fc8: 收到消息#9, type=ping, format=pcm
2025-09-18 23:57:31.851 | DEBUG    | ws | ws_recognize:2764 | 会话21ef3fc8: 收到消息#10, type=ping, format=pcm
2025-09-18 23:58:23.994 | DEBUG    | ws | ws_recognize:2764 | 会话21ef3fc8: 收到消息#11, type=ping, format=pcm
2025-09-18 23:58:23.997 | ERROR    | ws | ws_recognize:2980 | 会话21ef3fc8: WebSocket错误详情:
Traceback (most recent call last):
  File "/mnt/d/WorkSpace/code/evoice-versions/base/e-voice/rest.py", line 2703, in ws_recognize
    message = ws.receive()
              ^^^^^^^^^^^^
  File "/home/nlwu/miniconda3/envs/py312/lib/python3.12/site-packages/simple_websocket/ws.py", line 104, in receive
    raise ConnectionClosed(self.close_reason, self.close_message)
simple_websocket.errors.ConnectionClosed: Connection closed: 4000 heartbeat timeout

2025-09-18 23:58:24.001 | ERROR    | ws | ws_recognize:2990 | 会话21ef3fc8: 无法发送错误消息，连接可能已断开
2025-09-18 23:58:24.003 | INFO     | ws | ws_recognize:2999 | 会话21ef3fc8: WebSocket连接关闭
2025-09-19 21:57:49.929 | INFO     | ws | ws_recognize:22 | 会话开始: 82807651
2025-09-19 21:57:55.660 | DEBUG    | ws | ws_recognize:108 | 会话82807651: 收到消息#1, type=start, format=pcm
2025-09-19 21:57:55.661 | INFO     | ws | ws_recognize:113 | 会话82807651: 开始实时识别
2025-09-19 21:57:55.661 | DEBUG    | ws | ws_recognize:127 | 会话82807651: 发送started消息
2025-09-19 21:57:55.908 | DEBUG    | ws | ws_recognize:108 | 会话82807651: 收到消息#2, type=chunk, format=pcm
2025-09-19 21:57:56.233 | DEBUG    | ws | ws_recognize:108 | 会话82807651: 收到消息#3, type=chunk, format=pcm
2025-09-19 21:57:56.425 | DEBUG    | ws | ws_recognize:108 | 会话82807651: 收到消息#4, type=chunk, format=pcm
2025-09-19 21:57:56.673 | DEBUG    | ws | ws_recognize:108 | 会话82807651: 收到消息#5, type=chunk, format=pcm
2025-09-19 21:57:56.934 | DEBUG    | ws | ws_recognize:108 | 会话82807651: 收到消息#6, type=chunk, format=pcm
2025-09-19 21:57:57.184 | DEBUG    | ws | ws_recognize:108 | 会话82807651: 收到消息#7, type=chunk, format=pcm
2025-09-19 21:57:57.442 | DEBUG    | ws | ws_recognize:108 | 会话82807651: 收到消息#8, type=chunk, format=pcm
2025-09-19 21:57:57.701 | DEBUG    | ws | ws_recognize:108 | 会话82807651: 收到消息#9, type=chunk, format=pcm
2025-09-19 21:57:57.954 | DEBUG    | ws | ws_recognize:108 | 会话82807651: 收到消息#10, type=chunk, format=pcm
2025-09-19 21:57:58.211 | DEBUG    | ws | ws_recognize:108 | 会话82807651: 收到消息#11, type=chunk, format=pcm
2025-09-19 21:57:58.462 | DEBUG    | ws | ws_recognize:108 | 会话82807651: 收到消息#12, type=chunk, format=pcm
2025-09-19 21:57:58.721 | DEBUG    | ws | ws_recognize:108 | 会话82807651: 收到消息#13, type=chunk, format=pcm
2025-09-19 21:57:58.982 | DEBUG    | ws | ws_recognize:108 | 会话82807651: 收到消息#14, type=chunk, format=pcm
2025-09-19 21:57:59.233 | DEBUG    | ws | ws_recognize:108 | 会话82807651: 收到消息#15, type=chunk, format=pcm
2025-09-19 21:57:59.491 | DEBUG    | ws | ws_recognize:108 | 会话82807651: 收到消息#16, type=chunk, format=pcm
2025-09-19 21:57:59.742 | DEBUG    | ws | ws_recognize:108 | 会话82807651: 收到消息#17, type=chunk, format=pcm
2025-09-19 21:57:59.960 | DEBUG    | ws | ws_recognize:108 | 会话82807651: 收到消息#18, type=ping, format=pcm
2025-09-19 21:58:00.002 | DEBUG    | ws | ws_recognize:108 | 会话82807651: 收到消息#19, type=chunk, format=pcm
2025-09-19 21:58:00.262 | DEBUG    | ws | ws_recognize:108 | 会话82807651: 收到消息#20, type=chunk, format=pcm
2025-09-19 21:58:00.515 | DEBUG    | ws | ws_recognize:108 | 会话82807651: 收到消息#21, type=chunk, format=pcm
2025-09-19 21:58:00.793 | DEBUG    | ws | ws_recognize:108 | 会话82807651: 收到消息#22, type=chunk, format=pcm
2025-09-19 21:58:01.022 | DEBUG    | ws | ws_recognize:108 | 会话82807651: 收到消息#23, type=chunk, format=pcm
2025-09-19 21:58:01.281 | DEBUG    | ws | ws_recognize:108 | 会话82807651: 收到消息#24, type=chunk, format=pcm
2025-09-19 21:58:01.542 | DEBUG    | ws | ws_recognize:108 | 会话82807651: 收到消息#25, type=chunk, format=pcm
2025-09-19 21:58:01.792 | DEBUG    | ws | ws_recognize:108 | 会话82807651: 收到消息#26, type=chunk, format=pcm
2025-09-19 21:58:02.052 | DEBUG    | ws | ws_recognize:108 | 会话82807651: 收到消息#27, type=chunk, format=pcm
2025-09-19 21:58:02.303 | DEBUG    | ws | ws_recognize:108 | 会话82807651: 收到消息#28, type=chunk, format=pcm
2025-09-19 21:58:02.562 | DEBUG    | ws | ws_recognize:108 | 会话82807651: 收到消息#29, type=chunk, format=pcm
2025-09-19 21:58:02.821 | DEBUG    | ws | ws_recognize:108 | 会话82807651: 收到消息#30, type=chunk, format=pcm
2025-09-19 21:58:03.072 | DEBUG    | ws | ws_recognize:108 | 会话82807651: 收到消息#31, type=chunk, format=pcm
2025-09-19 21:58:03.331 | DEBUG    | ws | ws_recognize:108 | 会话82807651: 收到消息#32, type=chunk, format=pcm
2025-09-19 21:58:03.582 | DEBUG    | ws | ws_recognize:108 | 会话82807651: 收到消息#33, type=chunk, format=pcm
2025-09-19 21:58:03.842 | DEBUG    | ws | ws_recognize:108 | 会话82807651: 收到消息#34, type=chunk, format=pcm
2025-09-19 21:58:04.102 | DEBUG    | ws | ws_recognize:108 | 会话82807651: 收到消息#35, type=chunk, format=pcm
2025-09-19 21:58:04.351 | DEBUG    | ws | ws_recognize:108 | 会话82807651: 收到消息#36, type=chunk, format=pcm
2025-09-19 21:58:04.612 | DEBUG    | ws | ws_recognize:108 | 会话82807651: 收到消息#37, type=chunk, format=pcm
2025-09-19 21:58:04.861 | DEBUG    | ws | ws_recognize:108 | 会话82807651: 收到消息#38, type=chunk, format=pcm
2025-09-19 21:58:05.123 | DEBUG    | ws | ws_recognize:108 | 会话82807651: 收到消息#39, type=chunk, format=pcm
2025-09-19 21:58:05.383 | DEBUG    | ws | ws_recognize:108 | 会话82807651: 收到消息#40, type=chunk, format=pcm
2025-09-19 21:58:05.633 | DEBUG    | ws | ws_recognize:108 | 会话82807651: 收到消息#41, type=chunk, format=pcm
2025-09-19 21:58:05.899 | DEBUG    | ws | ws_recognize:108 | 会话82807651: 收到消息#42, type=chunk, format=pcm
2025-09-19 21:58:06.142 | DEBUG    | ws | ws_recognize:108 | 会话82807651: 收到消息#43, type=chunk, format=pcm
2025-09-19 21:58:06.401 | DEBUG    | ws | ws_recognize:108 | 会话82807651: 收到消息#44, type=chunk, format=pcm
2025-09-19 21:58:06.662 | DEBUG    | ws | ws_recognize:108 | 会话82807651: 收到消息#45, type=chunk, format=pcm
2025-09-19 21:58:06.917 | DEBUG    | ws | ws_recognize:108 | 会话82807651: 收到消息#46, type=chunk, format=pcm
2025-09-19 21:58:07.177 | DEBUG    | ws | ws_recognize:108 | 会话82807651: 收到消息#47, type=chunk, format=pcm
2025-09-19 21:58:07.431 | DEBUG    | ws | ws_recognize:108 | 会话82807651: 收到消息#48, type=chunk, format=pcm
2025-09-19 21:58:07.682 | DEBUG    | ws | ws_recognize:108 | 会话82807651: 收到消息#49, type=chunk, format=pcm
2025-09-19 21:58:07.943 | DEBUG    | ws | ws_recognize:108 | 会话82807651: 收到消息#50, type=chunk, format=pcm
2025-09-19 21:58:08.195 | DEBUG    | ws | ws_recognize:108 | 会话82807651: 收到消息#51, type=chunk, format=pcm
2025-09-19 21:58:08.452 | DEBUG    | ws | ws_recognize:108 | 会话82807651: 收到消息#52, type=chunk, format=pcm
2025-09-19 21:58:08.701 | DEBUG    | ws | ws_recognize:108 | 会话82807651: 收到消息#53, type=chunk, format=pcm
2025-09-19 21:58:08.962 | DEBUG    | ws | ws_recognize:108 | 会话82807651: 收到消息#54, type=chunk, format=pcm
2025-09-19 21:58:09.222 | DEBUG    | ws | ws_recognize:108 | 会话82807651: 收到消息#55, type=chunk, format=pcm
2025-09-19 21:58:09.472 | DEBUG    | ws | ws_recognize:108 | 会话82807651: 收到消息#56, type=chunk, format=pcm
2025-09-19 21:58:09.732 | DEBUG    | ws | ws_recognize:108 | 会话82807651: 收到消息#57, type=chunk, format=pcm
2025-09-19 21:58:09.967 | DEBUG    | ws | ws_recognize:108 | 会话82807651: 收到消息#58, type=ping, format=pcm
2025-09-19 21:58:09.982 | DEBUG    | ws | ws_recognize:108 | 会话82807651: 收到消息#59, type=chunk, format=pcm
2025-09-19 21:58:10.242 | DEBUG    | ws | ws_recognize:108 | 会话82807651: 收到消息#60, type=chunk, format=pcm
2025-09-19 21:58:10.502 | DEBUG    | ws | ws_recognize:108 | 会话82807651: 收到消息#61, type=chunk, format=pcm
2025-09-19 21:58:10.751 | DEBUG    | ws | ws_recognize:108 | 会话82807651: 收到消息#62, type=chunk, format=pcm
2025-09-19 21:58:11.011 | DEBUG    | ws | ws_recognize:108 | 会话82807651: 收到消息#63, type=chunk, format=pcm
2025-09-19 21:58:11.262 | DEBUG    | ws | ws_recognize:108 | 会话82807651: 收到消息#64, type=chunk, format=pcm
2025-09-19 21:58:11.522 | DEBUG    | ws | ws_recognize:108 | 会话82807651: 收到消息#65, type=chunk, format=pcm
2025-09-19 21:58:11.782 | DEBUG    | ws | ws_recognize:108 | 会话82807651: 收到消息#66, type=chunk, format=pcm
2025-09-19 21:58:12.032 | DEBUG    | ws | ws_recognize:108 | 会话82807651: 收到消息#67, type=chunk, format=pcm
2025-09-19 21:58:12.294 | DEBUG    | ws | ws_recognize:108 | 会话82807651: 收到消息#68, type=chunk, format=pcm
2025-09-19 21:58:12.541 | DEBUG    | ws | ws_recognize:108 | 会话82807651: 收到消息#69, type=chunk, format=pcm
2025-09-19 21:58:12.809 | DEBUG    | ws | ws_recognize:108 | 会话82807651: 收到消息#70, type=chunk, format=pcm
2025-09-19 21:58:13.067 | DEBUG    | ws | ws_recognize:108 | 会话82807651: 收到消息#71, type=chunk, format=pcm
2025-09-19 21:58:13.312 | DEBUG    | ws | ws_recognize:108 | 会话82807651: 收到消息#72, type=chunk, format=pcm
2025-09-19 21:58:13.657 | DEBUG    | ws | ws_recognize:108 | 会话82807651: 收到消息#73, type=chunk, format=pcm
2025-09-19 21:58:13.829 | DEBUG    | ws | ws_recognize:108 | 会话82807651: 收到消息#74, type=chunk, format=pcm
2025-09-19 21:58:14.085 | DEBUG    | ws | ws_recognize:108 | 会话82807651: 收到消息#75, type=chunk, format=pcm
2025-09-19 21:58:14.347 | DEBUG    | ws | ws_recognize:108 | 会话82807651: 收到消息#76, type=chunk, format=pcm
2025-09-19 21:58:14.592 | DEBUG    | ws | ws_recognize:108 | 会话82807651: 收到消息#77, type=chunk, format=pcm
2025-09-19 21:58:14.852 | DEBUG    | ws | ws_recognize:108 | 会话82807651: 收到消息#78, type=chunk, format=pcm
2025-09-19 21:58:15.101 | DEBUG    | ws | ws_recognize:108 | 会话82807651: 收到消息#79, type=chunk, format=pcm
2025-09-19 21:58:15.362 | DEBUG    | ws | ws_recognize:108 | 会话82807651: 收到消息#80, type=chunk, format=pcm
2025-09-19 21:58:15.622 | DEBUG    | ws | ws_recognize:108 | 会话82807651: 收到消息#81, type=chunk, format=pcm
2025-09-19 21:58:15.872 | DEBUG    | ws | ws_recognize:108 | 会话82807651: 收到消息#82, type=chunk, format=pcm
2025-09-19 21:58:16.132 | DEBUG    | ws | ws_recognize:108 | 会话82807651: 收到消息#83, type=chunk, format=pcm
2025-09-19 21:58:16.382 | DEBUG    | ws | ws_recognize:108 | 会话82807651: 收到消息#84, type=chunk, format=pcm
2025-09-19 21:58:16.643 | DEBUG    | ws | ws_recognize:108 | 会话82807651: 收到消息#85, type=chunk, format=pcm
2025-09-19 21:58:16.901 | DEBUG    | ws | ws_recognize:108 | 会话82807651: 收到消息#86, type=chunk, format=pcm
2025-09-19 21:58:17.152 | DEBUG    | ws | ws_recognize:108 | 会话82807651: 收到消息#87, type=chunk, format=pcm
2025-09-19 21:58:17.411 | DEBUG    | ws | ws_recognize:108 | 会话82807651: 收到消息#88, type=chunk, format=pcm
2025-09-19 21:58:17.662 | DEBUG    | ws | ws_recognize:108 | 会话82807651: 收到消息#89, type=chunk, format=pcm
2025-09-19 21:58:17.921 | DEBUG    | ws | ws_recognize:108 | 会话82807651: 收到消息#90, type=chunk, format=pcm
2025-09-19 21:58:18.182 | DEBUG    | ws | ws_recognize:108 | 会话82807651: 收到消息#91, type=chunk, format=pcm
2025-09-19 21:58:18.432 | DEBUG    | ws | ws_recognize:108 | 会话82807651: 收到消息#92, type=chunk, format=pcm
2025-09-19 21:58:18.692 | DEBUG    | ws | ws_recognize:108 | 会话82807651: 收到消息#93, type=chunk, format=pcm
2025-09-19 21:58:19.448 | DEBUG    | ws | ws_recognize:108 | 会话82807651: 收到消息#94, type=chunk, format=pcm
2025-09-19 21:58:19.634 | DEBUG    | ws | ws_recognize:108 | 会话82807651: 收到消息#95, type=chunk, format=pcm
2025-09-19 21:58:19.907 | DEBUG    | ws | ws_recognize:108 | 会话82807651: 收到消息#96, type=chunk, format=pcm
2025-09-19 21:58:20.078 | DEBUG    | ws | ws_recognize:108 | 会话82807651: 收到消息#97, type=chunk, format=pcm
2025-09-19 21:58:20.251 | DEBUG    | ws | ws_recognize:108 | 会话82807651: 收到消息#98, type=ping, format=pcm
2025-09-19 21:58:20.252 | DEBUG    | ws | ws_recognize:108 | 会话82807651: 收到消息#99, type=chunk, format=pcm
2025-09-19 21:58:20.470 | DEBUG    | ws | ws_recognize:108 | 会话82807651: 收到消息#100, type=chunk, format=pcm
2025-09-19 21:58:20.739 | DEBUG    | ws | ws_recognize:108 | 会话82807651: 收到消息#101, type=chunk, format=pcm
2025-09-19 21:58:20.946 | DEBUG    | ws | ws_recognize:108 | 会话82807651: 收到消息#102, type=chunk, format=pcm
2025-09-19 21:58:21.120 | DEBUG    | ws | ws_recognize:108 | 会话82807651: 收到消息#103, type=chunk, format=pcm
2025-09-19 21:58:21.320 | DEBUG    | ws | ws_recognize:108 | 会话82807651: 收到消息#104, type=chunk, format=pcm
2025-09-19 21:58:21.551 | DEBUG    | ws | ws_recognize:108 | 会话82807651: 收到消息#105, type=chunk, format=pcm
2025-09-19 21:58:21.767 | DEBUG    | ws | ws_recognize:108 | 会话82807651: 收到消息#106, type=chunk, format=pcm
2025-09-19 21:58:22.224 | DEBUG    | ws | ws_recognize:108 | 会话82807651: 收到消息#107, type=chunk, format=pcm
2025-09-19 21:58:22.416 | DEBUG    | ws | ws_recognize:108 | 会话82807651: 收到消息#108, type=chunk, format=pcm
2025-09-19 21:58:22.705 | DEBUG    | ws | ws_recognize:108 | 会话82807651: 收到消息#109, type=chunk, format=pcm
2025-09-19 21:58:22.962 | DEBUG    | ws | ws_recognize:108 | 会话82807651: 收到消息#110, type=chunk, format=pcm
2025-09-19 21:58:23.172 | DEBUG    | ws | ws_recognize:108 | 会话82807651: 收到消息#111, type=chunk, format=pcm
2025-09-19 21:58:23.409 | DEBUG    | ws | ws_recognize:108 | 会话82807651: 收到消息#112, type=chunk, format=pcm
2025-09-19 21:58:23.625 | DEBUG    | ws | ws_recognize:108 | 会话82807651: 收到消息#113, type=chunk, format=pcm
2025-09-19 21:58:23.892 | DEBUG    | ws | ws_recognize:108 | 会话82807651: 收到消息#114, type=chunk, format=pcm
2025-09-19 21:58:24.106 | DEBUG    | ws | ws_recognize:108 | 会话82807651: 收到消息#115, type=chunk, format=pcm
2025-09-19 21:58:24.321 | DEBUG    | ws | ws_recognize:108 | 会话82807651: 收到消息#116, type=chunk, format=pcm
2025-09-19 21:58:24.582 | DEBUG    | ws | ws_recognize:108 | 会话82807651: 收到消息#117, type=chunk, format=pcm
2025-09-19 21:58:24.838 | DEBUG    | ws | ws_recognize:108 | 会话82807651: 收到消息#118, type=chunk, format=pcm
2025-09-19 21:58:25.122 | DEBUG    | ws | ws_recognize:108 | 会话82807651: 收到消息#119, type=chunk, format=pcm
2025-09-19 21:58:25.374 | DEBUG    | ws | ws_recognize:108 | 会话82807651: 收到消息#120, type=chunk, format=pcm
2025-09-19 21:58:25.602 | DEBUG    | ws | ws_recognize:108 | 会话82807651: 收到消息#121, type=chunk, format=pcm
2025-09-19 21:58:25.969 | DEBUG    | ws | ws_recognize:296 | 会话82807651: 发送实时结果#1: '好的。' (置信度: 0.850)
2025-09-19 21:58:25.972 | DEBUG    | ws | ws_recognize:108 | 会话82807651: 收到消息#122, type=chunk, format=pcm
2025-09-19 21:58:26.193 | DEBUG    | ws | ws_recognize:296 | 会话82807651: 发送实时结果#2: '。' (置信度: 0.850)
2025-09-19 21:58:26.199 | DEBUG    | ws | ws_recognize:108 | 会话82807651: 收到消息#123, type=chunk, format=pcm
2025-09-19 21:58:26.511 | DEBUG    | ws | ws_recognize:296 | 会话82807651: 发送实时结果#3: '' (置信度: 0.850)
2025-09-19 21:58:26.511 | DEBUG    | ws | ws_recognize:108 | 会话82807651: 收到消息#124, type=chunk, format=pcm
2025-09-19 21:58:26.738 | DEBUG    | ws | ws_recognize:108 | 会话82807651: 收到消息#125, type=chunk, format=pcm
2025-09-19 21:58:26.931 | DEBUG    | ws | ws_recognize:108 | 会话82807651: 收到消息#126, type=chunk, format=pcm
2025-09-19 21:58:27.242 | DEBUG    | ws | ws_recognize:108 | 会话82807651: 收到消息#127, type=chunk, format=pcm
2025-09-19 21:58:27.452 | DEBUG    | ws | ws_recognize:108 | 会话82807651: 收到消息#128, type=chunk, format=pcm
2025-09-19 21:58:27.684 | DEBUG    | ws | ws_recognize:108 | 会话82807651: 收到消息#129, type=chunk, format=pcm
2025-09-19 21:58:27.892 | DEBUG    | ws | ws_recognize:108 | 会话82807651: 收到消息#130, type=chunk, format=pcm
2025-09-19 21:58:28.152 | DEBUG    | ws | ws_recognize:108 | 会话82807651: 收到消息#131, type=chunk, format=pcm
2025-09-19 21:58:28.475 | DEBUG    | ws | ws_recognize:108 | 会话82807651: 收到消息#132, type=chunk, format=pcm
2025-09-19 21:58:28.739 | DEBUG    | ws | ws_recognize:108 | 会话82807651: 收到消息#133, type=chunk, format=pcm
2025-09-19 21:58:29.017 | DEBUG    | ws | ws_recognize:108 | 会话82807651: 收到消息#134, type=chunk, format=pcm
2025-09-19 21:58:29.228 | DEBUG    | ws | ws_recognize:108 | 会话82807651: 收到消息#135, type=chunk, format=pcm
2025-09-19 21:58:29.573 | DEBUG    | ws | ws_recognize:108 | 会话82807651: 收到消息#136, type=chunk, format=pcm
2025-09-19 21:58:29.833 | DEBUG    | ws | ws_recognize:108 | 会话82807651: 收到消息#137, type=chunk, format=pcm
2025-09-19 21:58:30.033 | DEBUG    | ws | ws_recognize:108 | 会话82807651: 收到消息#138, type=chunk, format=pcm
2025-09-19 21:58:30.286 | DEBUG    | ws | ws_recognize:108 | 会话82807651: 收到消息#139, type=ping, format=pcm
2025-09-19 21:58:30.290 | DEBUG    | ws | ws_recognize:108 | 会话82807651: 收到消息#140, type=chunk, format=pcm
2025-09-19 21:58:30.617 | DEBUG    | ws | ws_recognize:108 | 会话82807651: 收到消息#141, type=chunk, format=pcm
2025-09-19 21:58:30.857 | DEBUG    | ws | ws_recognize:108 | 会话82807651: 收到消息#142, type=chunk, format=pcm
2025-09-19 21:58:31.060 | DEBUG    | ws | ws_recognize:108 | 会话82807651: 收到消息#143, type=chunk, format=pcm
2025-09-19 21:58:31.353 | DEBUG    | ws | ws_recognize:108 | 会话82807651: 收到消息#144, type=chunk, format=pcm
2025-09-19 21:58:31.710 | DEBUG    | ws | ws_recognize:108 | 会话82807651: 收到消息#145, type=chunk, format=pcm
2025-09-19 21:58:31.920 | DEBUG    | ws | ws_recognize:108 | 会话82807651: 收到消息#146, type=chunk, format=pcm
2025-09-19 21:58:32.182 | DEBUG    | ws | ws_recognize:108 | 会话82807651: 收到消息#147, type=chunk, format=pcm
2025-09-19 21:58:32.448 | DEBUG    | ws | ws_recognize:108 | 会话82807651: 收到消息#148, type=chunk, format=pcm
2025-09-19 21:58:32.758 | DEBUG    | ws | ws_recognize:108 | 会话82807651: 收到消息#149, type=chunk, format=pcm
2025-09-19 21:58:33.042 | DEBUG    | ws | ws_recognize:108 | 会话82807651: 收到消息#150, type=chunk, format=pcm
2025-09-19 21:58:33.261 | DEBUG    | ws | ws_recognize:108 | 会话82807651: 收到消息#151, type=chunk, format=pcm
2025-09-19 21:58:33.495 | DEBUG    | ws | ws_recognize:108 | 会话82807651: 收到消息#152, type=chunk, format=pcm
2025-09-19 21:58:33.816 | DEBUG    | ws | ws_recognize:108 | 会话82807651: 收到消息#153, type=chunk, format=pcm
2025-09-19 21:58:34.087 | DEBUG    | ws | ws_recognize:108 | 会话82807651: 收到消息#154, type=chunk, format=pcm
2025-09-19 21:58:34.298 | DEBUG    | ws | ws_recognize:108 | 会话82807651: 收到消息#155, type=chunk, format=pcm
2025-09-19 21:58:34.566 | DEBUG    | ws | ws_recognize:108 | 会话82807651: 收到消息#156, type=chunk, format=pcm
2025-09-19 21:58:35.090 | DEBUG    | ws | ws_recognize:108 | 会话82807651: 收到消息#157, type=chunk, format=pcm
2025-09-19 21:58:35.286 | DEBUG    | ws | ws_recognize:108 | 会话82807651: 收到消息#158, type=chunk, format=pcm
2025-09-19 21:58:35.548 | DEBUG    | ws | ws_recognize:108 | 会话82807651: 收到消息#159, type=chunk, format=pcm
2025-09-19 21:58:35.809 | DEBUG    | ws | ws_recognize:108 | 会话82807651: 收到消息#160, type=chunk, format=pcm
2025-09-19 21:58:36.031 | DEBUG    | ws | ws_recognize:108 | 会话82807651: 收到消息#161, type=chunk, format=pcm
2025-09-19 21:58:36.280 | DEBUG    | ws | ws_recognize:108 | 会话82807651: 收到消息#162, type=chunk, format=pcm
2025-09-19 21:58:36.485 | DEBUG    | ws | ws_recognize:108 | 会话82807651: 收到消息#163, type=chunk, format=pcm
2025-09-19 21:58:36.743 | DEBUG    | ws | ws_recognize:108 | 会话82807651: 收到消息#164, type=chunk, format=pcm
2025-09-19 21:58:37.020 | DEBUG    | ws | ws_recognize:108 | 会话82807651: 收到消息#165, type=chunk, format=pcm
2025-09-19 21:58:37.269 | DEBUG    | ws | ws_recognize:108 | 会话82807651: 收到消息#166, type=chunk, format=pcm
2025-09-19 21:58:37.516 | DEBUG    | ws | ws_recognize:108 | 会话82807651: 收到消息#167, type=chunk, format=pcm
2025-09-19 21:58:37.719 | DEBUG    | ws | ws_recognize:108 | 会话82807651: 收到消息#168, type=chunk, format=pcm
2025-09-19 21:58:38.032 | DEBUG    | ws | ws_recognize:108 | 会话82807651: 收到消息#169, type=chunk, format=pcm
2025-09-19 21:58:38.247 | DEBUG    | ws | ws_recognize:108 | 会话82807651: 收到消息#170, type=chunk, format=pcm
2025-09-19 21:58:38.525 | DEBUG    | ws | ws_recognize:108 | 会话82807651: 收到消息#171, type=chunk, format=pcm
2025-09-19 21:58:38.809 | DEBUG    | ws | ws_recognize:108 | 会话82807651: 收到消息#172, type=chunk, format=pcm
2025-09-19 21:58:39.234 | DEBUG    | ws | ws_recognize:108 | 会话82807651: 收到消息#173, type=chunk, format=pcm
2025-09-19 21:58:39.469 | DEBUG    | ws | ws_recognize:108 | 会话82807651: 收到消息#174, type=chunk, format=pcm
2025-09-19 21:58:39.708 | DEBUG    | ws | ws_recognize:108 | 会话82807651: 收到消息#175, type=chunk, format=pcm
2025-09-19 21:58:39.913 | DEBUG    | ws | ws_recognize:108 | 会话82807651: 收到消息#176, type=chunk, format=pcm
2025-09-19 21:58:40.210 | DEBUG    | ws | ws_recognize:108 | 会话82807651: 收到消息#177, type=chunk, format=pcm
2025-09-19 21:58:40.512 | DEBUG    | ws | ws_recognize:108 | 会话82807651: 收到消息#178, type=chunk, format=pcm
2025-09-19 21:58:40.743 | DEBUG    | ws | ws_recognize:108 | 会话82807651: 收到消息#179, type=ping, format=pcm
2025-09-19 21:58:40.743 | DEBUG    | ws | ws_recognize:108 | 会话82807651: 收到消息#180, type=chunk, format=pcm
2025-09-19 21:58:40.997 | DEBUG    | ws | ws_recognize:108 | 会话82807651: 收到消息#181, type=chunk, format=pcm
2025-09-19 21:58:41.220 | DEBUG    | ws | ws_recognize:108 | 会话82807651: 收到消息#182, type=chunk, format=pcm
2025-09-19 21:58:41.525 | DEBUG    | ws | ws_recognize:108 | 会话82807651: 收到消息#183, type=chunk, format=pcm
2025-09-19 21:58:41.741 | DEBUG    | ws | ws_recognize:108 | 会话82807651: 收到消息#184, type=chunk, format=pcm
2025-09-19 21:58:42.055 | DEBUG    | ws | ws_recognize:108 | 会话82807651: 收到消息#185, type=chunk, format=pcm
2025-09-19 21:58:42.285 | DEBUG    | ws | ws_recognize:108 | 会话82807651: 收到消息#186, type=chunk, format=pcm
2025-09-19 21:58:42.657 | DEBUG    | ws | ws_recognize:108 | 会话82807651: 收到消息#187, type=chunk, format=pcm
2025-09-19 21:58:42.888 | DEBUG    | ws | ws_recognize:108 | 会话82807651: 收到消息#188, type=chunk, format=pcm
2025-09-19 21:58:43.297 | DEBUG    | ws | ws_recognize:108 | 会话82807651: 收到消息#189, type=chunk, format=pcm
2025-09-19 21:58:43.558 | DEBUG    | ws | ws_recognize:108 | 会话82807651: 收到消息#190, type=chunk, format=pcm
2025-09-19 21:58:43.834 | DEBUG    | ws | ws_recognize:108 | 会话82807651: 收到消息#191, type=chunk, format=pcm
2025-09-19 21:58:44.100 | DEBUG    | ws | ws_recognize:108 | 会话82807651: 收到消息#192, type=chunk, format=pcm
2025-09-19 21:58:44.327 | DEBUG    | ws | ws_recognize:108 | 会话82807651: 收到消息#193, type=chunk, format=pcm
2025-09-19 21:58:44.692 | DEBUG    | ws | ws_recognize:108 | 会话82807651: 收到消息#194, type=chunk, format=pcm
2025-09-19 21:58:44.930 | DEBUG    | ws | ws_recognize:108 | 会话82807651: 收到消息#195, type=chunk, format=pcm
2025-09-19 21:58:45.183 | DEBUG    | ws | ws_recognize:108 | 会话82807651: 收到消息#196, type=chunk, format=pcm
2025-09-19 21:58:45.408 | DEBUG    | ws | ws_recognize:108 | 会话82807651: 收到消息#197, type=chunk, format=pcm
2025-09-19 21:58:45.773 | DEBUG    | ws | ws_recognize:108 | 会话82807651: 收到消息#198, type=chunk, format=pcm
2025-09-19 21:58:46.024 | DEBUG    | ws | ws_recognize:108 | 会话82807651: 收到消息#199, type=chunk, format=pcm
2025-09-19 21:58:46.311 | DEBUG    | ws | ws_recognize:108 | 会话82807651: 收到消息#200, type=chunk, format=pcm
2025-09-19 21:58:46.545 | DEBUG    | ws | ws_recognize:108 | 会话82807651: 收到消息#201, type=chunk, format=pcm
2025-09-19 21:58:46.857 | DEBUG    | ws | ws_recognize:108 | 会话82807651: 收到消息#202, type=chunk, format=pcm
2025-09-19 21:58:47.122 | DEBUG    | ws | ws_recognize:108 | 会话82807651: 收到消息#203, type=chunk, format=pcm
2025-09-19 21:58:47.537 | DEBUG    | ws | ws_recognize:108 | 会话82807651: 收到消息#204, type=chunk, format=pcm
2025-09-19 21:58:47.853 | DEBUG    | ws | ws_recognize:108 | 会话82807651: 收到消息#205, type=chunk, format=pcm
2025-09-19 21:58:48.082 | DEBUG    | ws | ws_recognize:108 | 会话82807651: 收到消息#206, type=chunk, format=pcm
2025-09-19 21:58:48.398 | DEBUG    | ws | ws_recognize:108 | 会话82807651: 收到消息#207, type=chunk, format=pcm
2025-09-19 21:58:48.637 | DEBUG    | ws | ws_recognize:108 | 会话82807651: 收到消息#208, type=chunk, format=pcm
2025-09-19 21:58:49.064 | DEBUG    | ws | ws_recognize:108 | 会话82807651: 收到消息#209, type=chunk, format=pcm
2025-09-19 21:58:49.444 | DEBUG    | ws | ws_recognize:108 | 会话82807651: 收到消息#210, type=chunk, format=pcm
2025-09-19 21:58:49.748 | DEBUG    | ws | ws_recognize:108 | 会话82807651: 收到消息#211, type=chunk, format=pcm
2025-09-19 21:58:50.289 | DEBUG    | ws | ws_recognize:108 | 会话82807651: 收到消息#212, type=chunk, format=pcm
2025-09-19 21:58:50.632 | DEBUG    | ws | ws_recognize:108 | 会话82807651: 收到消息#213, type=chunk, format=pcm
2025-09-19 21:58:50.851 | DEBUG    | ws | ws_recognize:108 | 会话82807651: 收到消息#214, type=chunk, format=pcm
2025-09-19 21:58:51.095 | DEBUG    | ws | ws_recognize:108 | 会话82807651: 收到消息#215, type=chunk, format=pcm
2025-09-19 21:58:51.337 | DEBUG    | ws | ws_recognize:108 | 会话82807651: 收到消息#216, type=chunk, format=pcm
2025-09-19 21:58:51.762 | DEBUG    | ws | ws_recognize:108 | 会话82807651: 收到消息#217, type=chunk, format=pcm
2025-09-19 21:58:52.006 | DEBUG    | ws | ws_recognize:108 | 会话82807651: 收到消息#218, type=chunk, format=pcm
2025-09-19 21:58:52.376 | DEBUG    | ws | ws_recognize:108 | 会话82807651: 收到消息#219, type=ping, format=pcm
2025-09-19 21:58:52.376 | DEBUG    | ws | ws_recognize:108 | 会话82807651: 收到消息#220, type=chunk, format=pcm
2025-09-19 21:58:52.621 | DEBUG    | ws | ws_recognize:108 | 会话82807651: 收到消息#221, type=chunk, format=pcm
2025-09-19 21:58:52.915 | DEBUG    | ws | ws_recognize:108 | 会话82807651: 收到消息#222, type=chunk, format=pcm
2025-09-19 21:58:53.153 | DEBUG    | ws | ws_recognize:108 | 会话82807651: 收到消息#223, type=chunk, format=pcm
2025-09-19 21:58:53.399 | DEBUG    | ws | ws_recognize:108 | 会话82807651: 收到消息#224, type=chunk, format=pcm
2025-09-19 21:58:53.913 | DEBUG    | ws | ws_recognize:108 | 会话82807651: 收到消息#225, type=chunk, format=pcm
2025-09-19 21:58:54.165 | DEBUG    | ws | ws_recognize:108 | 会话82807651: 收到消息#226, type=chunk, format=pcm
2025-09-19 21:58:54.541 | DEBUG    | ws | ws_recognize:296 | 会话82807651: 发送实时结果#4: '。' (置信度: 0.850)
2025-09-19 21:58:54.541 | DEBUG    | ws | ws_recognize:108 | 会话82807651: 收到消息#227, type=chunk, format=pcm
2025-09-19 21:58:54.860 | DEBUG    | ws | ws_recognize:296 | 会话82807651: 发送实时结果#5: '' (置信度: 0.850)
2025-09-19 21:58:54.860 | DEBUG    | ws | ws_recognize:108 | 会话82807651: 收到消息#228, type=chunk, format=pcm
2025-09-19 21:58:55.201 | DEBUG    | ws | ws_recognize:108 | 会话82807651: 收到消息#229, type=chunk, format=pcm
2025-09-19 21:58:55.537 | DEBUG    | ws | ws_recognize:296 | 会话82807651: 发送实时结果#6: '。' (置信度: 0.850)
2025-09-19 21:58:55.537 | DEBUG    | ws | ws_recognize:108 | 会话82807651: 收到消息#230, type=chunk, format=pcm
2025-09-19 21:58:56.065 | DEBUG    | ws | ws_recognize:108 | 会话82807651: 收到消息#231, type=chunk, format=pcm
2025-09-19 21:58:56.371 | DEBUG    | ws | ws_recognize:108 | 会话82807651: 收到消息#232, type=chunk, format=pcm
2025-09-19 21:58:56.744 | DEBUG    | ws | ws_recognize:296 | 会话82807651: 发送实时结果#7: '。' (置信度: 0.850)
2025-09-19 21:58:56.744 | DEBUG    | ws | ws_recognize:108 | 会话82807651: 收到消息#233, type=chunk, format=pcm
2025-09-19 21:58:57.086 | DEBUG    | ws | ws_recognize:108 | 会话82807651: 收到消息#234, type=chunk, format=pcm
2025-09-19 21:58:57.439 | DEBUG    | ws | ws_recognize:296 | 会话82807651: 发送实时结果#8: '。' (置信度: 0.850)
2025-09-19 21:58:57.439 | DEBUG    | ws | ws_recognize:108 | 会话82807651: 收到消息#235, type=chunk, format=pcm
2025-09-19 21:58:57.815 | DEBUG    | ws | ws_recognize:296 | 会话82807651: 发送实时结果#9: '。' (置信度: 0.850)
2025-09-19 21:58:57.815 | DEBUG    | ws | ws_recognize:108 | 会话82807651: 收到消息#236, type=chunk, format=pcm
2025-09-19 21:58:58.132 | DEBUG    | ws | ws_recognize:296 | 会话82807651: 发送实时结果#10: '，对。' (置信度: 0.850)
2025-09-19 21:58:58.132 | DEBUG    | ws | ws_recognize:108 | 会话82807651: 收到消息#237, type=chunk, format=pcm
2025-09-19 21:58:58.465 | DEBUG    | ws | ws_recognize:296 | 会话82807651: 发送实时结果#11: '。' (置信度: 0.850)
2025-09-19 21:58:58.465 | DEBUG    | ws | ws_recognize:108 | 会话82807651: 收到消息#238, type=chunk, format=pcm
2025-09-19 21:58:58.799 | DEBUG    | ws | ws_recognize:296 | 会话82807651: 发送实时结果#12: '。' (置信度: 0.850)
2025-09-19 21:58:58.800 | DEBUG    | ws | ws_recognize:108 | 会话82807651: 收到消息#239, type=chunk, format=pcm
2025-09-19 21:58:59.160 | DEBUG    | ws | ws_recognize:296 | 会话82807651: 发送实时结果#13: '。' (置信度: 0.850)
2025-09-19 21:58:59.160 | DEBUG    | ws | ws_recognize:108 | 会话82807651: 收到消息#240, type=chunk, format=pcm
2025-09-19 21:58:59.506 | DEBUG    | ws | ws_recognize:296 | 会话82807651: 发送实时结果#14: '。' (置信度: 0.850)
2025-09-19 21:58:59.506 | DEBUG    | ws | ws_recognize:108 | 会话82807651: 收到消息#241, type=chunk, format=pcm
2025-09-19 21:58:59.939 | DEBUG    | ws | ws_recognize:296 | 会话82807651: 发送实时结果#15: '。' (置信度: 0.850)
2025-09-19 21:58:59.939 | DEBUG    | ws | ws_recognize:108 | 会话82807651: 收到消息#242, type=chunk, format=pcm
2025-09-19 21:59:00.258 | DEBUG    | ws | ws_recognize:296 | 会话82807651: 发送实时结果#16: '。' (置信度: 0.850)
2025-09-19 21:59:00.258 | DEBUG    | ws | ws_recognize:108 | 会话82807651: 收到消息#243, type=chunk, format=pcm
2025-09-19 21:59:00.573 | DEBUG    | ws | ws_recognize:108 | 会话82807651: 收到消息#244, type=chunk, format=pcm
2025-09-19 21:59:00.952 | DEBUG    | ws | ws_recognize:108 | 会话82807651: 收到消息#245, type=chunk, format=pcm
2025-09-19 21:59:01.287 | DEBUG    | ws | ws_recognize:296 | 会话82807651: 发送实时结果#17: '。' (置信度: 0.850)
2025-09-19 21:59:01.287 | DEBUG    | ws | ws_recognize:108 | 会话82807651: 收到消息#246, type=chunk, format=pcm
2025-09-19 21:59:01.638 | DEBUG    | ws | ws_recognize:108 | 会话82807651: 收到消息#247, type=chunk, format=pcm
2025-09-19 21:59:01.991 | DEBUG    | ws | ws_recognize:108 | 会话82807651: 收到消息#248, type=chunk, format=pcm
2025-09-19 21:59:02.270 | DEBUG    | ws | ws_recognize:108 | 会话82807651: 收到消息#249, type=chunk, format=pcm
2025-09-19 21:59:02.608 | DEBUG    | ws | ws_recognize:296 | 会话82807651: 发送实时结果#18: '。' (置信度: 0.850)
2025-09-19 21:59:02.608 | DEBUG    | ws | ws_recognize:108 | 会话82807651: 收到消息#250, type=chunk, format=pcm
2025-09-19 21:59:02.917 | DEBUG    | ws | ws_recognize:108 | 会话82807651: 收到消息#251, type=chunk, format=pcm
2025-09-19 21:59:03.304 | DEBUG    | ws | ws_recognize:108 | 会话82807651: 收到消息#252, type=chunk, format=pcm
2025-09-19 21:59:03.859 | DEBUG    | ws | ws_recognize:296 | 会话82807651: 发送实时结果#19: '。' (置信度: 0.850)
2025-09-19 21:59:03.860 | DEBUG    | ws | ws_recognize:108 | 会话82807651: 收到消息#253, type=chunk, format=pcm
2025-09-19 21:59:04.198 | DEBUG    | ws | ws_recognize:108 | 会话82807651: 收到消息#254, type=chunk, format=pcm
2025-09-19 21:59:04.525 | DEBUG    | ws | ws_recognize:296 | 会话82807651: 发送实时结果#20: '。' (置信度: 0.850)
2025-09-19 21:59:04.525 | DEBUG    | ws | ws_recognize:108 | 会话82807651: 收到消息#255, type=chunk, format=pcm
2025-09-19 21:59:05.025 | DEBUG    | ws | ws_recognize:108 | 会话82807651: 收到消息#256, type=chunk, format=pcm
2025-09-19 21:59:05.341 | DEBUG    | ws | ws_recognize:108 | 会话82807651: 收到消息#257, type=chunk, format=pcm
2025-09-19 21:59:05.622 | DEBUG    | ws | ws_recognize:296 | 会话82807651: 发送实时结果#21: '。' (置信度: 0.850)
2025-09-19 21:59:05.622 | DEBUG    | ws | ws_recognize:108 | 会话82807651: 收到消息#258, type=chunk, format=pcm
2025-09-19 21:59:05.922 | DEBUG    | ws | ws_recognize:296 | 会话82807651: 发送实时结果#22: '。' (置信度: 0.850)
2025-09-19 21:59:05.922 | DEBUG    | ws | ws_recognize:108 | 会话82807651: 收到消息#259, type=ping, format=pcm
2025-09-19 21:59:05.922 | DEBUG    | ws | ws_recognize:108 | 会话82807651: 收到消息#260, type=chunk, format=pcm
2025-09-19 21:59:06.231 | DEBUG    | ws | ws_recognize:108 | 会话82807651: 收到消息#261, type=chunk, format=pcm
2025-09-19 21:59:06.501 | DEBUG    | ws | ws_recognize:296 | 会话82807651: 发送实时结果#23: '。' (置信度: 0.850)
2025-09-19 21:59:06.501 | DEBUG    | ws | ws_recognize:108 | 会话82807651: 收到消息#262, type=chunk, format=pcm
2025-09-19 21:59:06.794 | DEBUG    | ws | ws_recognize:108 | 会话82807651: 收到消息#263, type=chunk, format=pcm
2025-09-19 21:59:07.096 | DEBUG    | ws | ws_recognize:108 | 会话82807651: 收到消息#264, type=chunk, format=pcm
2025-09-19 21:59:07.413 | DEBUG    | ws | ws_recognize:296 | 会话82807651: 发送实时结果#24: '。' (置信度: 0.850)
2025-09-19 21:59:07.413 | DEBUG    | ws | ws_recognize:108 | 会话82807651: 收到消息#265, type=chunk, format=pcm
2025-09-19 21:59:07.722 | DEBUG    | ws | ws_recognize:108 | 会话82807651: 收到消息#266, type=chunk, format=pcm
2025-09-19 21:59:08.023 | DEBUG    | ws | ws_recognize:108 | 会话82807651: 收到消息#267, type=chunk, format=pcm
2025-09-19 21:59:08.335 | DEBUG    | ws | ws_recognize:108 | 会话82807651: 收到消息#268, type=chunk, format=pcm
2025-09-19 21:59:08.837 | DEBUG    | ws | ws_recognize:296 | 会话82807651: 发送实时结果#25: '。' (置信度: 0.850)
2025-09-19 21:59:08.837 | DEBUG    | ws | ws_recognize:108 | 会话82807651: 收到消息#269, type=chunk, format=pcm
2025-09-19 21:59:09.138 | DEBUG    | ws | ws_recognize:296 | 会话82807651: 发送实时结果#26: '。' (置信度: 0.850)
2025-09-19 21:59:09.140 | DEBUG    | ws | ws_recognize:108 | 会话82807651: 收到消息#270, type=chunk, format=pcm
2025-09-19 21:59:09.884 | DEBUG    | ws | ws_recognize:296 | 会话82807651: 发送实时结果#27: '。' (置信度: 0.850)
2025-09-19 21:59:09.884 | DEBUG    | ws | ws_recognize:108 | 会话82807651: 收到消息#271, type=chunk, format=pcm
2025-09-19 21:59:10.323 | DEBUG    | ws | ws_recognize:296 | 会话82807651: 发送实时结果#28: '。' (置信度: 0.850)
2025-09-19 21:59:10.323 | DEBUG    | ws | ws_recognize:108 | 会话82807651: 收到消息#272, type=chunk, format=pcm
2025-09-19 21:59:10.723 | DEBUG    | ws | ws_recognize:296 | 会话82807651: 发送实时结果#29: '。' (置信度: 0.850)
2025-09-19 21:59:10.723 | DEBUG    | ws | ws_recognize:108 | 会话82807651: 收到消息#273, type=chunk, format=pcm
2025-09-19 21:59:11.032 | DEBUG    | ws | ws_recognize:108 | 会话82807651: 收到消息#274, type=chunk, format=pcm
2025-09-19 21:59:11.382 | DEBUG    | ws | ws_recognize:296 | 会话82807651: 发送实时结果#30: '。' (置信度: 0.850)
2025-09-19 21:59:11.382 | DEBUG    | ws | ws_recognize:108 | 会话82807651: 收到消息#275, type=chunk, format=pcm
2025-09-19 21:59:11.754 | DEBUG    | ws | ws_recognize:296 | 会话82807651: 发送实时结果#31: '。' (置信度: 0.850)
2025-09-19 21:59:11.754 | DEBUG    | ws | ws_recognize:108 | 会话82807651: 收到消息#276, type=chunk, format=pcm
2025-09-19 21:59:12.134 | DEBUG    | ws | ws_recognize:108 | 会话82807651: 收到消息#277, type=chunk, format=pcm
2025-09-19 21:59:12.516 | DEBUG    | ws | ws_recognize:108 | 会话82807651: 收到消息#278, type=chunk, format=pcm
2025-09-19 21:59:13.071 | DEBUG    | ws | ws_recognize:108 | 会话82807651: 收到消息#279, type=chunk, format=pcm
2025-09-19 21:59:13.460 | DEBUG    | ws | ws_recognize:296 | 会话82807651: 发送实时结果#32: '。' (置信度: 0.850)
2025-09-19 21:59:13.460 | DEBUG    | ws | ws_recognize:108 | 会话82807651: 收到消息#280, type=chunk, format=pcm
2025-09-19 21:59:13.810 | DEBUG    | ws | ws_recognize:108 | 会话82807651: 收到消息#281, type=chunk, format=pcm
2025-09-19 21:59:14.304 | DEBUG    | ws | ws_recognize:108 | 会话82807651: 收到消息#282, type=chunk, format=pcm
2025-09-19 21:59:14.615 | DEBUG    | ws | ws_recognize:108 | 会话82807651: 收到消息#283, type=chunk, format=pcm
2025-09-19 21:59:14.981 | DEBUG    | ws | ws_recognize:108 | 会话82807651: 收到消息#284, type=chunk, format=pcm
2025-09-19 21:59:15.382 | DEBUG    | ws | ws_recognize:108 | 会话82807651: 收到消息#285, type=chunk, format=pcm
2025-09-19 21:59:15.746 | DEBUG    | ws | ws_recognize:108 | 会话82807651: 收到消息#286, type=chunk, format=pcm
2025-09-19 21:59:16.055 | DEBUG    | ws | ws_recognize:108 | 会话82807651: 收到消息#287, type=chunk, format=pcm
2025-09-19 21:59:16.455 | DEBUG    | ws | ws_recognize:296 | 会话82807651: 发送实时结果#33: '。' (置信度: 0.850)
2025-09-19 21:59:16.455 | DEBUG    | ws | ws_recognize:108 | 会话82807651: 收到消息#288, type=chunk, format=pcm
2025-09-19 21:59:16.860 | DEBUG    | ws | ws_recognize:296 | 会话82807651: 发送实时结果#34: '。' (置信度: 0.850)
2025-09-19 21:59:16.860 | DEBUG    | ws | ws_recognize:108 | 会话82807651: 收到消息#289, type=chunk, format=pcm
2025-09-19 21:59:17.283 | DEBUG    | ws | ws_recognize:296 | 会话82807651: 发送实时结果#35: '。' (置信度: 0.850)
2025-09-19 21:59:17.283 | DEBUG    | ws | ws_recognize:108 | 会话82807651: 收到消息#290, type=chunk, format=pcm
2025-09-19 21:59:17.644 | DEBUG    | ws | ws_recognize:108 | 会话82807651: 收到消息#291, type=chunk, format=pcm
2025-09-19 21:59:18.125 | DEBUG    | ws | ws_recognize:108 | 会话82807651: 收到消息#292, type=chunk, format=pcm
2025-09-19 21:59:18.509 | DEBUG    | ws | ws_recognize:108 | 会话82807651: 收到消息#293, type=chunk, format=pcm
2025-09-19 21:59:18.885 | DEBUG    | ws | ws_recognize:108 | 会话82807651: 收到消息#294, type=chunk, format=pcm
2025-09-19 21:59:19.260 | DEBUG    | ws | ws_recognize:296 | 会话82807651: 发送实时结果#36: '。' (置信度: 0.850)
2025-09-19 21:59:19.260 | DEBUG    | ws | ws_recognize:108 | 会话82807651: 收到消息#295, type=chunk, format=pcm
2025-09-19 21:59:19.656 | DEBUG    | ws | ws_recognize:296 | 会话82807651: 发送实时结果#37: '。' (置信度: 0.850)
2025-09-19 21:59:19.656 | DEBUG    | ws | ws_recognize:108 | 会话82807651: 收到消息#296, type=chunk, format=pcm
2025-09-19 21:59:19.944 | DEBUG    | ws | ws_recognize:296 | 会话82807651: 发送实时结果#38: '' (置信度: 0.850)
2025-09-19 21:59:19.945 | DEBUG    | ws | ws_recognize:108 | 会话82807651: 收到消息#297, type=chunk, format=pcm
2025-09-19 21:59:20.314 | DEBUG    | ws | ws_recognize:296 | 会话82807651: 发送实时结果#39: '。' (置信度: 0.850)
2025-09-19 21:59:20.314 | DEBUG    | ws | ws_recognize:108 | 会话82807651: 收到消息#298, type=chunk, format=pcm
2025-09-19 21:59:20.721 | DEBUG    | ws | ws_recognize:296 | 会话82807651: 发送实时结果#40: '。' (置信度: 0.850)
2025-09-19 21:59:20.721 | DEBUG    | ws | ws_recognize:108 | 会话82807651: 收到消息#299, type=chunk, format=pcm
2025-09-19 21:59:21.082 | DEBUG    | ws | ws_recognize:296 | 会话82807651: 发送实时结果#41: '。' (置信度: 0.850)
2025-09-19 21:59:21.082 | DEBUG    | ws | ws_recognize:108 | 会话82807651: 收到消息#300, type=ping, format=pcm
2025-09-19 21:59:21.083 | DEBUG    | ws | ws_recognize:108 | 会话82807651: 收到消息#301, type=chunk, format=pcm
2025-09-19 21:59:21.517 | DEBUG    | ws | ws_recognize:296 | 会话82807651: 发送实时结果#42: '。' (置信度: 0.850)
2025-09-19 21:59:21.519 | DEBUG    | ws | ws_recognize:108 | 会话82807651: 收到消息#302, type=chunk, format=pcm
2025-09-19 21:59:21.917 | DEBUG    | ws | ws_recognize:296 | 会话82807651: 发送实时结果#43: '。' (置信度: 0.850)
2025-09-19 21:59:21.917 | DEBUG    | ws | ws_recognize:108 | 会话82807651: 收到消息#303, type=chunk, format=pcm
2025-09-19 21:59:22.282 | DEBUG    | ws | ws_recognize:296 | 会话82807651: 发送实时结果#44: '。' (置信度: 0.850)
2025-09-19 21:59:22.282 | DEBUG    | ws | ws_recognize:108 | 会话82807651: 收到消息#304, type=chunk, format=pcm
2025-09-19 21:59:22.652 | DEBUG    | ws | ws_recognize:296 | 会话82807651: 发送实时结果#45: '。' (置信度: 0.850)
2025-09-19 21:59:22.652 | DEBUG    | ws | ws_recognize:108 | 会话82807651: 收到消息#305, type=chunk, format=pcm
2025-09-19 21:59:23.019 | DEBUG    | ws | ws_recognize:296 | 会话82807651: 发送实时结果#46: '。' (置信度: 0.850)
2025-09-19 21:59:23.020 | DEBUG    | ws | ws_recognize:108 | 会话82807651: 收到消息#306, type=chunk, format=pcm
2025-09-19 21:59:23.395 | DEBUG    | ws | ws_recognize:108 | 会话82807651: 收到消息#307, type=chunk, format=pcm
2025-09-19 21:59:23.794 | DEBUG    | ws | ws_recognize:296 | 会话82807651: 发送实时结果#47: '。' (置信度: 0.850)
2025-09-19 21:59:23.794 | DEBUG    | ws | ws_recognize:108 | 会话82807651: 收到消息#308, type=chunk, format=pcm
2025-09-19 21:59:24.116 | DEBUG    | ws | ws_recognize:108 | 会话82807651: 收到消息#309, type=chunk, format=pcm
2025-09-19 21:59:24.480 | DEBUG    | ws | ws_recognize:108 | 会话82807651: 收到消息#310, type=chunk, format=pcm
2025-09-19 21:59:24.860 | DEBUG    | ws | ws_recognize:296 | 会话82807651: 发送实时结果#48: '，对。' (置信度: 0.850)
2025-09-19 21:59:24.860 | DEBUG    | ws | ws_recognize:108 | 会话82807651: 收到消息#311, type=chunk, format=pcm
2025-09-19 21:59:25.196 | DEBUG    | ws | ws_recognize:296 | 会话82807651: 发送实时结果#49: '。' (置信度: 0.850)
2025-09-19 21:59:25.197 | DEBUG    | ws | ws_recognize:108 | 会话82807651: 收到消息#312, type=chunk, format=pcm
2025-09-19 21:59:25.687 | DEBUG    | ws | ws_recognize:296 | 会话82807651: 发送实时结果#50: '。' (置信度: 0.850)
2025-09-19 21:59:25.687 | DEBUG    | ws | ws_recognize:108 | 会话82807651: 收到消息#313, type=chunk, format=pcm
2025-09-19 21:59:26.034 | DEBUG    | ws | ws_recognize:296 | 会话82807651: 发送实时结果#51: '。' (置信度: 0.850)
2025-09-19 21:59:26.034 | DEBUG    | ws | ws_recognize:108 | 会话82807651: 收到消息#314, type=chunk, format=pcm
2025-09-19 21:59:26.466 | DEBUG    | ws | ws_recognize:296 | 会话82807651: 发送实时结果#52: '。' (置信度: 0.850)
2025-09-19 21:59:26.469 | DEBUG    | ws | ws_recognize:108 | 会话82807651: 收到消息#315, type=chunk, format=pcm
2025-09-19 21:59:26.787 | DEBUG    | ws | ws_recognize:108 | 会话82807651: 收到消息#316, type=chunk, format=pcm
2025-09-19 21:59:27.168 | DEBUG    | ws | ws_recognize:296 | 会话82807651: 发送实时结果#53: '。' (置信度: 0.850)
2025-09-19 21:59:27.168 | DEBUG    | ws | ws_recognize:108 | 会话82807651: 收到消息#317, type=chunk, format=pcm
2025-09-19 21:59:27.469 | DEBUG    | ws | ws_recognize:108 | 会话82807651: 收到消息#318, type=chunk, format=pcm
2025-09-19 21:59:27.847 | DEBUG    | ws | ws_recognize:108 | 会话82807651: 收到消息#319, type=chunk, format=pcm
2025-09-19 21:59:28.221 | DEBUG    | ws | ws_recognize:108 | 会话82807651: 收到消息#320, type=chunk, format=pcm
2025-09-19 21:59:28.569 | DEBUG    | ws | ws_recognize:108 | 会话82807651: 收到消息#321, type=chunk, format=pcm
2025-09-19 21:59:28.903 | DEBUG    | ws | ws_recognize:296 | 会话82807651: 发送实时结果#54: '。' (置信度: 0.850)
2025-09-19 21:59:28.903 | DEBUG    | ws | ws_recognize:108 | 会话82807651: 收到消息#322, type=chunk, format=pcm
2025-09-19 21:59:29.324 | DEBUG    | ws | ws_recognize:108 | 会话82807651: 收到消息#323, type=chunk, format=pcm
2025-09-19 21:59:29.751 | DEBUG    | ws | ws_recognize:108 | 会话82807651: 收到消息#324, type=chunk, format=pcm
2025-09-19 21:59:30.200 | DEBUG    | ws | ws_recognize:108 | 会话82807651: 收到消息#325, type=chunk, format=pcm
2025-09-19 21:59:30.532 | DEBUG    | ws | ws_recognize:108 | 会话82807651: 收到消息#326, type=chunk, format=pcm
2025-09-19 21:59:31.158 | DEBUG    | ws | ws_recognize:108 | 会话82807651: 收到消息#327, type=chunk, format=pcm
2025-09-19 21:59:31.797 | DEBUG    | ws | ws_recognize:108 | 会话82807651: 收到消息#328, type=chunk, format=pcm
2025-09-19 21:59:32.149 | DEBUG    | ws | ws_recognize:296 | 会话82807651: 发送实时结果#55: '。' (置信度: 0.850)
2025-09-19 21:59:32.149 | DEBUG    | ws | ws_recognize:108 | 会话82807651: 收到消息#329, type=chunk, format=pcm
2025-09-19 21:59:32.581 | DEBUG    | ws | ws_recognize:108 | 会话82807651: 收到消息#330, type=chunk, format=pcm
2025-09-19 21:59:32.929 | DEBUG    | ws | ws_recognize:108 | 会话82807651: 收到消息#331, type=chunk, format=pcm
2025-09-19 21:59:33.344 | DEBUG    | ws | ws_recognize:296 | 会话82807651: 发送实时结果#56: '。' (置信度: 0.850)
2025-09-19 21:59:33.344 | DEBUG    | ws | ws_recognize:108 | 会话82807651: 收到消息#332, type=chunk, format=pcm
2025-09-19 21:59:33.757 | DEBUG    | ws | ws_recognize:108 | 会话82807651: 收到消息#333, type=chunk, format=pcm
2025-09-19 21:59:34.097 | DEBUG    | ws | ws_recognize:108 | 会话82807651: 收到消息#334, type=chunk, format=pcm
2025-09-19 21:59:34.539 | DEBUG    | ws | ws_recognize:296 | 会话82807651: 发送实时结果#57: '。' (置信度: 0.850)
2025-09-19 21:59:34.541 | DEBUG    | ws | ws_recognize:108 | 会话82807651: 收到消息#335, type=chunk, format=pcm
2025-09-19 21:59:34.949 | DEBUG    | ws | ws_recognize:296 | 会话82807651: 发送实时结果#58: '。' (置信度: 0.850)
2025-09-19 21:59:34.949 | DEBUG    | ws | ws_recognize:108 | 会话82807651: 收到消息#336, type=chunk, format=pcm
2025-09-19 21:59:35.296 | DEBUG    | ws | ws_recognize:108 | 会话82807651: 收到消息#337, type=chunk, format=pcm
2025-09-19 21:59:35.680 | DEBUG    | ws | ws_recognize:296 | 会话82807651: 发送实时结果#59: '。' (置信度: 0.850)
2025-09-19 21:59:35.682 | DEBUG    | ws | ws_recognize:108 | 会话82807651: 收到消息#338, type=chunk, format=pcm
2025-09-19 21:59:36.072 | DEBUG    | ws | ws_recognize:108 | 会话82807651: 收到消息#339, type=ping, format=pcm
2025-09-19 21:59:36.072 | DEBUG    | ws | ws_recognize:108 | 会话82807651: 收到消息#340, type=chunk, format=pcm
2025-09-19 21:59:36.457 | DEBUG    | ws | ws_recognize:108 | 会话82807651: 收到消息#341, type=chunk, format=pcm
2025-09-19 21:59:36.785 | DEBUG    | ws | ws_recognize:108 | 会话82807651: 收到消息#342, type=chunk, format=pcm
2025-09-19 21:59:37.150 | DEBUG    | ws | ws_recognize:296 | 会话82807651: 发送实时结果#60: '。' (置信度: 0.850)
2025-09-19 21:59:37.150 | DEBUG    | ws | ws_recognize:108 | 会话82807651: 收到消息#343, type=chunk, format=pcm
2025-09-19 21:59:37.518 | DEBUG    | ws | ws_recognize:296 | 会话82807651: 发送实时结果#61: '。' (置信度: 0.850)
2025-09-19 21:59:37.519 | DEBUG    | ws | ws_recognize:108 | 会话82807651: 收到消息#344, type=chunk, format=pcm
2025-09-19 21:59:38.009 | DEBUG    | ws | ws_recognize:108 | 会话82807651: 收到消息#345, type=chunk, format=pcm
2025-09-19 21:59:38.392 | DEBUG    | ws | ws_recognize:108 | 会话82807651: 收到消息#346, type=chunk, format=pcm
2025-09-19 21:59:38.754 | DEBUG    | ws | ws_recognize:108 | 会话82807651: 收到消息#347, type=chunk, format=pcm
2025-09-19 21:59:39.145 | DEBUG    | ws | ws_recognize:296 | 会话82807651: 发送实时结果#62: '。' (置信度: 0.850)
2025-09-19 21:59:39.150 | DEBUG    | ws | ws_recognize:108 | 会话82807651: 收到消息#348, type=chunk, format=pcm
2025-09-19 21:59:39.641 | DEBUG    | ws | ws_recognize:296 | 会话82807651: 发送实时结果#63: '。' (置信度: 0.850)
2025-09-19 21:59:39.642 | DEBUG    | ws | ws_recognize:108 | 会话82807651: 收到消息#349, type=chunk, format=pcm
2025-09-19 21:59:39.988 | DEBUG    | ws | ws_recognize:108 | 会话82807651: 收到消息#350, type=chunk, format=pcm
2025-09-19 21:59:40.459 | DEBUG    | ws | ws_recognize:296 | 会话82807651: 发送实时结果#64: '。' (置信度: 0.850)
2025-09-19 21:59:40.459 | DEBUG    | ws | ws_recognize:108 | 会话82807651: 收到消息#351, type=chunk, format=pcm
2025-09-19 21:59:40.797 | DEBUG    | ws | ws_recognize:108 | 会话82807651: 收到消息#352, type=chunk, format=pcm
2025-09-19 21:59:41.156 | DEBUG    | ws | ws_recognize:296 | 会话82807651: 发送实时结果#65: '。' (置信度: 0.850)
2025-09-19 21:59:41.156 | DEBUG    | ws | ws_recognize:108 | 会话82807651: 收到消息#353, type=chunk, format=pcm
2025-09-19 21:59:41.569 | DEBUG    | ws | ws_recognize:296 | 会话82807651: 发送实时结果#66: '。' (置信度: 0.850)
2025-09-19 21:59:41.569 | DEBUG    | ws | ws_recognize:108 | 会话82807651: 收到消息#354, type=chunk, format=pcm
2025-09-19 21:59:41.944 | DEBUG    | ws | ws_recognize:108 | 会话82807651: 收到消息#355, type=chunk, format=pcm
2025-09-19 21:59:42.563 | DEBUG    | ws | ws_recognize:296 | 会话82807651: 发送实时结果#67: '。' (置信度: 0.850)
2025-09-19 21:59:42.563 | DEBUG    | ws | ws_recognize:108 | 会话82807651: 收到消息#356, type=chunk, format=pcm
2025-09-19 21:59:42.982 | DEBUG    | ws | ws_recognize:296 | 会话82807651: 发送实时结果#68: '。' (置信度: 0.850)
2025-09-19 21:59:42.982 | DEBUG    | ws | ws_recognize:108 | 会话82807651: 收到消息#357, type=chunk, format=pcm
2025-09-19 21:59:43.350 | DEBUG    | ws | ws_recognize:108 | 会话82807651: 收到消息#358, type=chunk, format=pcm
2025-09-19 21:59:43.869 | DEBUG    | ws | ws_recognize:108 | 会话82807651: 收到消息#359, type=chunk, format=pcm
2025-09-19 21:59:44.210 | DEBUG    | ws | ws_recognize:108 | 会话82807651: 收到消息#360, type=chunk, format=pcm
2025-09-19 21:59:44.614 | DEBUG    | ws | ws_recognize:296 | 会话82807651: 发送实时结果#69: '。' (置信度: 0.850)
2025-09-19 21:59:44.617 | DEBUG    | ws | ws_recognize:108 | 会话82807651: 收到消息#361, type=chunk, format=pcm
2025-09-19 21:59:45.013 | DEBUG    | ws | ws_recognize:296 | 会话82807651: 发送实时结果#70: '。' (置信度: 0.850)
2025-09-19 21:59:45.014 | DEBUG    | ws | ws_recognize:108 | 会话82807651: 收到消息#362, type=chunk, format=pcm
2025-09-19 21:59:45.397 | DEBUG    | ws | ws_recognize:108 | 会话82807651: 收到消息#363, type=chunk, format=pcm
2025-09-19 21:59:45.764 | DEBUG    | ws | ws_recognize:296 | 会话82807651: 发送实时结果#71: '。' (置信度: 0.850)
2025-09-19 21:59:45.765 | DEBUG    | ws | ws_recognize:108 | 会话82807651: 收到消息#364, type=chunk, format=pcm
2025-09-19 21:59:46.137 | DEBUG    | ws | ws_recognize:296 | 会话82807651: 发送实时结果#72: '。' (置信度: 0.850)
2025-09-19 21:59:46.138 | DEBUG    | ws | ws_recognize:108 | 会话82807651: 收到消息#365, type=chunk, format=pcm
2025-09-19 21:59:46.720 | DEBUG    | ws | ws_recognize:296 | 会话82807651: 发送实时结果#73: '。' (置信度: 0.850)
2025-09-19 21:59:46.720 | DEBUG    | ws | ws_recognize:108 | 会话82807651: 收到消息#366, type=chunk, format=pcm
2025-09-19 21:59:47.185 | DEBUG    | ws | ws_recognize:108 | 会话82807651: 收到消息#367, type=chunk, format=pcm
2025-09-19 21:59:47.561 | DEBUG    | ws | ws_recognize:296 | 会话82807651: 发送实时结果#74: '。' (置信度: 0.850)
2025-09-19 21:59:47.561 | DEBUG    | ws | ws_recognize:108 | 会话82807651: 收到消息#368, type=chunk, format=pcm
2025-09-19 21:59:47.995 | DEBUG    | ws | ws_recognize:108 | 会话82807651: 收到消息#369, type=chunk, format=pcm
2025-09-19 21:59:48.416 | DEBUG    | ws | ws_recognize:108 | 会话82807651: 收到消息#370, type=chunk, format=pcm
2025-09-19 21:59:48.812 | DEBUG    | ws | ws_recognize:108 | 会话82807651: 收到消息#371, type=chunk, format=pcm
2025-09-19 21:59:49.273 | DEBUG    | ws | ws_recognize:296 | 会话82807651: 发送实时结果#75: '。' (置信度: 0.850)
2025-09-19 21:59:49.273 | DEBUG    | ws | ws_recognize:108 | 会话82807651: 收到消息#372, type=chunk, format=pcm
2025-09-19 21:59:49.606 | DEBUG    | ws | ws_recognize:108 | 会话82807651: 收到消息#373, type=chunk, format=pcm
2025-09-19 21:59:50.104 | DEBUG    | ws | ws_recognize:108 | 会话82807651: 收到消息#374, type=chunk, format=pcm
2025-09-19 21:59:50.468 | DEBUG    | ws | ws_recognize:296 | 会话82807651: 发送实时结果#76: '。' (置信度: 0.850)
2025-09-19 21:59:50.469 | DEBUG    | ws | ws_recognize:108 | 会话82807651: 收到消息#375, type=chunk, format=pcm
2025-09-19 21:59:50.852 | DEBUG    | ws | ws_recognize:108 | 会话82807651: 收到消息#376, type=chunk, format=pcm
2025-09-19 21:59:51.291 | DEBUG    | ws | ws_recognize:108 | 会话82807651: 收到消息#377, type=chunk, format=pcm
2025-09-19 21:59:51.638 | DEBUG    | ws | ws_recognize:296 | 会话82807651: 发送实时结果#77: '。' (置信度: 0.850)
2025-09-19 21:59:51.638 | DEBUG    | ws | ws_recognize:108 | 会话82807651: 收到消息#378, type=chunk, format=pcm
2025-09-19 21:59:52.011 | DEBUG    | ws | ws_recognize:108 | 会话82807651: 收到消息#379, type=chunk, format=pcm
2025-09-19 21:59:52.526 | DEBUG    | ws | ws_recognize:108 | 会话82807651: 收到消息#380, type=ping, format=pcm
2025-09-19 21:59:52.526 | DEBUG    | ws | ws_recognize:108 | 会话82807651: 收到消息#381, type=chunk, format=pcm
2025-09-19 21:59:52.887 | DEBUG    | ws | ws_recognize:296 | 会话82807651: 发送实时结果#78: '。' (置信度: 0.850)
2025-09-19 21:59:52.887 | DEBUG    | ws | ws_recognize:108 | 会话82807651: 收到消息#382, type=chunk, format=pcm
2025-09-19 21:59:53.299 | DEBUG    | ws | ws_recognize:108 | 会话82807651: 收到消息#383, type=chunk, format=pcm
2025-09-19 21:59:53.797 | DEBUG    | ws | ws_recognize:108 | 会话82807651: 收到消息#384, type=chunk, format=pcm
2025-09-19 21:59:54.204 | DEBUG    | ws | ws_recognize:108 | 会话82807651: 收到消息#385, type=chunk, format=pcm
2025-09-19 21:59:54.601 | DEBUG    | ws | ws_recognize:108 | 会话82807651: 收到消息#386, type=chunk, format=pcm
2025-09-19 21:59:55.182 | DEBUG    | ws | ws_recognize:108 | 会话82807651: 收到消息#387, type=chunk, format=pcm
2025-09-19 21:59:55.684 | DEBUG    | ws | ws_recognize:108 | 会话82807651: 收到消息#388, type=chunk, format=pcm
2025-09-19 21:59:56.440 | DEBUG    | ws | ws_recognize:108 | 会话82807651: 收到消息#389, type=chunk, format=pcm
2025-09-19 21:59:57.040 | DEBUG    | ws | ws_recognize:108 | 会话82807651: 收到消息#390, type=chunk, format=pcm
2025-09-19 21:59:57.512 | ERROR    | ws | ws_recognize:319 | 会话82807651: WebSocket错误详情:
Traceback (most recent call last):
  File "/mnt/d/WorkSpace/code/evoice-versions/base/e-voice/server/routes/ws.py", line 295, in ws_recognize
    ws.send(json.dumps(response))
  File "/home/nlwu/miniconda3/envs/py312/lib/python3.12/site-packages/simple_websocket/ws.py", line 78, in send
    raise ConnectionClosed(self.close_reason, self.close_message)
simple_websocket.errors.ConnectionClosed: Connection closed: 1001 

2025-09-19 21:59:57.513 | ERROR    | ws | ws_recognize:328 | 会话82807651: 无法发送错误消息，连接可能已断开
2025-09-19 21:59:57.568 | INFO     | ws | ws_recognize:336 | 会话82807651: WebSocket连接关闭
2025-09-19 21:59:58.950 | INFO     | ws | ws_recognize:22 | 会话开始: 4b1381c3
2025-09-19 22:00:00.116 | DEBUG    | ws | ws_recognize:108 | 会话4b1381c3: 收到消息#1, type=start, format=pcm
2025-09-19 22:00:00.117 | INFO     | ws | ws_recognize:113 | 会话4b1381c3: 开始实时识别
2025-09-19 22:00:00.117 | DEBUG    | ws | ws_recognize:127 | 会话4b1381c3: 发送started消息
2025-09-19 22:00:04.717 | DEBUG    | ws | ws_recognize:108 | 会话4b1381c3: 收到消息#2, type=chunk, format=pcm
2025-09-19 22:00:04.972 | DEBUG    | ws | ws_recognize:108 | 会话4b1381c3: 收到消息#3, type=chunk, format=pcm
2025-09-19 22:00:05.233 | DEBUG    | ws | ws_recognize:108 | 会话4b1381c3: 收到消息#4, type=chunk, format=pcm
2025-09-19 22:00:05.482 | DEBUG    | ws | ws_recognize:108 | 会话4b1381c3: 收到消息#5, type=chunk, format=pcm
2025-09-19 22:00:05.734 | DEBUG    | ws | ws_recognize:296 | 会话4b1381c3: 发送实时结果#1: '连接。' (置信度: 0.850)
2025-09-19 22:00:05.743 | DEBUG    | ws | ws_recognize:108 | 会话4b1381c3: 收到消息#6, type=chunk, format=pcm
2025-09-19 22:00:05.897 | DEBUG    | ws | ws_recognize:296 | 会话4b1381c3: 发送实时结果#2: '连接上。' (置信度: 0.850)
2025-09-19 22:00:05.991 | DEBUG    | ws | ws_recognize:108 | 会话4b1381c3: 收到消息#7, type=chunk, format=pcm
2025-09-19 22:00:06.253 | DEBUG    | ws | ws_recognize:108 | 会话4b1381c3: 收到消息#8, type=chunk, format=pcm
2025-09-19 22:00:06.572 | DEBUG    | ws | ws_recognize:296 | 会话4b1381c3: 发送实时结果#3: '连接测试。' (置信度: 0.850)
2025-09-19 22:00:06.573 | DEBUG    | ws | ws_recognize:108 | 会话4b1381c3: 收到消息#9, type=chunk, format=pcm
2025-09-19 22:00:06.771 | DEBUG    | ws | ws_recognize:108 | 会话4b1381c3: 收到消息#10, type=chunk, format=pcm
2025-09-19 22:00:07.022 | DEBUG    | ws | ws_recognize:108 | 会话4b1381c3: 收到消息#11, type=chunk, format=pcm
2025-09-19 22:00:07.271 | DEBUG    | ws | ws_recognize:108 | 会话4b1381c3: 收到消息#12, type=chunk, format=pcm
2025-09-19 22:00:07.536 | DEBUG    | ws | ws_recognize:108 | 会话4b1381c3: 收到消息#13, type=chunk, format=pcm
2025-09-19 22:00:07.869 | DEBUG    | ws | ws_recognize:108 | 会话4b1381c3: 收到消息#14, type=chunk, format=pcm
2025-09-19 22:00:08.062 | DEBUG    | ws | ws_recognize:108 | 会话4b1381c3: 收到消息#15, type=chunk, format=pcm
2025-09-19 22:00:08.311 | DEBUG    | ws | ws_recognize:108 | 会话4b1381c3: 收到消息#16, type=chunk, format=pcm
2025-09-19 22:00:08.603 | DEBUG    | ws | ws_recognize:108 | 会话4b1381c3: 收到消息#17, type=chunk, format=pcm
2025-09-19 22:00:08.821 | DEBUG    | ws | ws_recognize:108 | 会话4b1381c3: 收到消息#18, type=chunk, format=pcm
2025-09-19 22:00:09.025 | DEBUG    | ws | ws_recognize:108 | 会话4b1381c3: 收到消息#19, type=ping, format=pcm
2025-09-19 22:00:09.071 | DEBUG    | ws | ws_recognize:108 | 会话4b1381c3: 收到消息#20, type=chunk, format=pcm
2025-09-19 22:00:09.401 | DEBUG    | ws | ws_recognize:108 | 会话4b1381c3: 收到消息#21, type=chunk, format=pcm
2025-09-19 22:00:09.597 | DEBUG    | ws | ws_recognize:108 | 会话4b1381c3: 收到消息#22, type=chunk, format=pcm
2025-09-19 22:00:09.852 | DEBUG    | ws | ws_recognize:108 | 会话4b1381c3: 收到消息#23, type=chunk, format=pcm
2025-09-19 22:00:10.128 | DEBUG    | ws | ws_recognize:108 | 会话4b1381c3: 收到消息#24, type=chunk, format=pcm
2025-09-19 22:00:10.362 | DEBUG    | ws | ws_recognize:108 | 会话4b1381c3: 收到消息#25, type=chunk, format=pcm
2025-09-19 22:00:10.621 | DEBUG    | ws | ws_recognize:108 | 会话4b1381c3: 收到消息#26, type=chunk, format=pcm
2025-09-19 22:00:10.872 | DEBUG    | ws | ws_recognize:108 | 会话4b1381c3: 收到消息#27, type=chunk, format=pcm
2025-09-19 22:00:11.133 | DEBUG    | ws | ws_recognize:108 | 会话4b1381c3: 收到消息#28, type=chunk, format=pcm
2025-09-19 22:00:11.392 | DEBUG    | ws | ws_recognize:108 | 会话4b1381c3: 收到消息#29, type=chunk, format=pcm
2025-09-19 22:00:11.646 | DEBUG    | ws | ws_recognize:108 | 会话4b1381c3: 收到消息#30, type=chunk, format=pcm
2025-09-19 22:00:12.078 | DEBUG    | ws | ws_recognize:108 | 会话4b1381c3: 收到消息#31, type=chunk, format=pcm
2025-09-19 22:00:12.312 | DEBUG    | ws | ws_recognize:108 | 会话4b1381c3: 收到消息#32, type=chunk, format=pcm
2025-09-19 22:00:12.490 | DEBUG    | ws | ws_recognize:108 | 会话4b1381c3: 收到消息#33, type=chunk, format=pcm
2025-09-19 22:00:12.844 | DEBUG    | ws | ws_recognize:108 | 会话4b1381c3: 收到消息#34, type=chunk, format=pcm
2025-09-19 22:00:13.037 | DEBUG    | ws | ws_recognize:108 | 会话4b1381c3: 收到消息#35, type=chunk, format=pcm
2025-09-19 22:00:13.252 | DEBUG    | ws | ws_recognize:108 | 会话4b1381c3: 收到消息#36, type=chunk, format=pcm
2025-09-19 22:00:13.454 | DEBUG    | ws | ws_recognize:108 | 会话4b1381c3: 收到消息#37, type=chunk, format=pcm
2025-09-19 22:00:13.704 | DEBUG    | ws | ws_recognize:108 | 会话4b1381c3: 收到消息#38, type=chunk, format=pcm
2025-09-19 22:00:13.985 | DEBUG    | ws | ws_recognize:108 | 会话4b1381c3: 收到消息#39, type=chunk, format=pcm
2025-09-19 22:00:14.211 | DEBUG    | ws | ws_recognize:108 | 会话4b1381c3: 收到消息#40, type=chunk, format=pcm
2025-09-19 22:00:14.473 | DEBUG    | ws | ws_recognize:108 | 会话4b1381c3: 收到消息#41, type=chunk, format=pcm
2025-09-19 22:00:14.756 | DEBUG    | ws | ws_recognize:108 | 会话4b1381c3: 收到消息#42, type=chunk, format=pcm
2025-09-19 22:00:15.003 | DEBUG    | ws | ws_recognize:108 | 会话4b1381c3: 收到消息#43, type=chunk, format=pcm
2025-09-19 22:00:15.234 | DEBUG    | ws | ws_recognize:108 | 会话4b1381c3: 收到消息#44, type=chunk, format=pcm
2025-09-19 22:00:15.492 | DEBUG    | ws | ws_recognize:108 | 会话4b1381c3: 收到消息#45, type=chunk, format=pcm
2025-09-19 22:00:15.787 | DEBUG    | ws | ws_recognize:108 | 会话4b1381c3: 收到消息#46, type=chunk, format=pcm
2025-09-19 22:00:16.387 | DEBUG    | ws | ws_recognize:108 | 会话4b1381c3: 收到消息#47, type=chunk, format=pcm
2025-09-19 22:00:16.610 | DEBUG    | ws | ws_recognize:108 | 会话4b1381c3: 收到消息#48, type=chunk, format=pcm
2025-09-19 22:00:16.792 | DEBUG    | ws | ws_recognize:108 | 会话4b1381c3: 收到消息#49, type=chunk, format=pcm
2025-09-19 22:00:17.031 | DEBUG    | ws | ws_recognize:108 | 会话4b1381c3: 收到消息#50, type=chunk, format=pcm
2025-09-19 22:00:17.225 | DEBUG    | ws | ws_recognize:108 | 会话4b1381c3: 收到消息#51, type=chunk, format=pcm
2025-09-19 22:00:17.433 | DEBUG    | ws | ws_recognize:108 | 会话4b1381c3: 收到消息#52, type=chunk, format=pcm
2025-09-19 22:00:17.633 | DEBUG    | ws | ws_recognize:108 | 会话4b1381c3: 收到消息#53, type=chunk, format=pcm
2025-09-19 22:00:17.834 | DEBUG    | ws | ws_recognize:108 | 会话4b1381c3: 收到消息#54, type=chunk, format=pcm
2025-09-19 22:00:18.054 | DEBUG    | ws | ws_recognize:108 | 会话4b1381c3: 收到消息#55, type=chunk, format=pcm
2025-09-19 22:00:18.311 | DEBUG    | ws | ws_recognize:108 | 会话4b1381c3: 收到消息#56, type=chunk, format=pcm
2025-09-19 22:00:18.647 | DEBUG    | ws | ws_recognize:108 | 会话4b1381c3: 收到消息#57, type=chunk, format=pcm
2025-09-19 22:00:18.859 | DEBUG    | ws | ws_recognize:108 | 会话4b1381c3: 收到消息#58, type=chunk, format=pcm
2025-09-19 22:00:19.068 | DEBUG    | ws | ws_recognize:108 | 会话4b1381c3: 收到消息#59, type=ping, format=pcm
2025-09-19 22:00:19.074 | DEBUG    | ws | ws_recognize:108 | 会话4b1381c3: 收到消息#60, type=chunk, format=pcm
2025-09-19 22:00:19.419 | DEBUG    | ws | ws_recognize:108 | 会话4b1381c3: 收到消息#61, type=chunk, format=pcm
2025-09-19 22:00:19.622 | DEBUG    | ws | ws_recognize:108 | 会话4b1381c3: 收到消息#62, type=chunk, format=pcm
2025-09-19 22:00:19.841 | DEBUG    | ws | ws_recognize:108 | 会话4b1381c3: 收到消息#63, type=chunk, format=pcm
2025-09-19 22:00:20.102 | DEBUG    | ws | ws_recognize:108 | 会话4b1381c3: 收到消息#64, type=chunk, format=pcm
2025-09-19 22:00:20.439 | DEBUG    | ws | ws_recognize:108 | 会话4b1381c3: 收到消息#65, type=chunk, format=pcm
2025-09-19 22:00:20.654 | DEBUG    | ws | ws_recognize:108 | 会话4b1381c3: 收到消息#66, type=chunk, format=pcm
2025-09-19 22:00:20.871 | DEBUG    | ws | ws_recognize:108 | 会话4b1381c3: 收到消息#67, type=chunk, format=pcm
2025-09-19 22:00:21.140 | DEBUG    | ws | ws_recognize:108 | 会话4b1381c3: 收到消息#68, type=chunk, format=pcm
2025-09-19 22:00:21.483 | DEBUG    | ws | ws_recognize:108 | 会话4b1381c3: 收到消息#69, type=chunk, format=pcm
2025-09-19 22:00:21.699 | DEBUG    | ws | ws_recognize:108 | 会话4b1381c3: 收到消息#70, type=chunk, format=pcm
2025-09-19 22:00:21.902 | DEBUG    | ws | ws_recognize:108 | 会话4b1381c3: 收到消息#71, type=chunk, format=pcm
2025-09-19 22:00:22.152 | DEBUG    | ws | ws_recognize:108 | 会话4b1381c3: 收到消息#72, type=chunk, format=pcm
2025-09-19 22:00:22.467 | DEBUG    | ws | ws_recognize:108 | 会话4b1381c3: 收到消息#73, type=chunk, format=pcm
2025-09-19 22:00:22.697 | DEBUG    | ws | ws_recognize:108 | 会话4b1381c3: 收到消息#74, type=chunk, format=pcm
2025-09-19 22:00:22.921 | DEBUG    | ws | ws_recognize:108 | 会话4b1381c3: 收到消息#75, type=chunk, format=pcm
2025-09-19 22:00:23.270 | DEBUG    | ws | ws_recognize:108 | 会话4b1381c3: 收到消息#76, type=chunk, format=pcm
2025-09-19 22:00:23.531 | DEBUG    | ws | ws_recognize:108 | 会话4b1381c3: 收到消息#77, type=chunk, format=pcm
2025-09-19 22:00:23.734 | DEBUG    | ws | ws_recognize:108 | 会话4b1381c3: 收到消息#78, type=chunk, format=pcm
2025-09-19 22:00:23.957 | DEBUG    | ws | ws_recognize:108 | 会话4b1381c3: 收到消息#79, type=chunk, format=pcm
2025-09-19 22:00:24.211 | DEBUG    | ws | ws_recognize:108 | 会话4b1381c3: 收到消息#80, type=chunk, format=pcm
2025-09-19 22:00:24.467 | DEBUG    | ws | ws_recognize:108 | 会话4b1381c3: 收到消息#81, type=chunk, format=pcm
2025-09-19 22:00:24.874 | DEBUG    | ws | ws_recognize:108 | 会话4b1381c3: 收到消息#82, type=chunk, format=pcm
2025-09-19 22:00:25.056 | DEBUG    | ws | ws_recognize:108 | 会话4b1381c3: 收到消息#83, type=chunk, format=pcm
2025-09-19 22:00:25.287 | DEBUG    | ws | ws_recognize:108 | 会话4b1381c3: 收到消息#84, type=chunk, format=pcm
2025-09-19 22:00:25.531 | DEBUG    | ws | ws_recognize:108 | 会话4b1381c3: 收到消息#85, type=chunk, format=pcm
2025-09-19 22:00:25.922 | DEBUG    | ws | ws_recognize:108 | 会话4b1381c3: 收到消息#86, type=chunk, format=pcm
2025-09-19 22:00:26.252 | DEBUG    | ws | ws_recognize:108 | 会话4b1381c3: 收到消息#87, type=chunk, format=pcm
2025-09-19 22:00:26.559 | DEBUG    | ws | ws_recognize:108 | 会话4b1381c3: 收到消息#88, type=chunk, format=pcm
2025-09-19 22:00:26.981 | DEBUG    | ws | ws_recognize:108 | 会话4b1381c3: 收到消息#89, type=chunk, format=pcm
2025-09-19 22:00:27.250 | DEBUG    | ws | ws_recognize:108 | 会话4b1381c3: 收到消息#90, type=chunk, format=pcm
2025-09-19 22:00:27.511 | DEBUG    | ws | ws_recognize:108 | 会话4b1381c3: 收到消息#91, type=chunk, format=pcm
2025-09-19 22:00:27.784 | DEBUG    | ws | ws_recognize:108 | 会话4b1381c3: 收到消息#92, type=chunk, format=pcm
2025-09-19 22:00:28.230 | DEBUG    | ws | ws_recognize:108 | 会话4b1381c3: 收到消息#93, type=chunk, format=pcm
2025-09-19 22:00:28.558 | DEBUG    | ws | ws_recognize:108 | 会话4b1381c3: 收到消息#94, type=chunk, format=pcm
2025-09-19 22:00:29.044 | DEBUG    | ws | ws_recognize:108 | 会话4b1381c3: 收到消息#95, type=chunk, format=pcm
2025-09-19 22:00:29.257 | DEBUG    | ws | ws_recognize:108 | 会话4b1381c3: 收到消息#96, type=chunk, format=pcm
2025-09-19 22:00:29.488 | DEBUG    | ws | ws_recognize:108 | 会话4b1381c3: 收到消息#97, type=chunk, format=pcm
2025-09-19 22:00:29.676 | DEBUG    | ws | ws_recognize:108 | 会话4b1381c3: 收到消息#98, type=chunk, format=pcm
2025-09-19 22:00:30.063 | DEBUG    | ws | ws_recognize:108 | 会话4b1381c3: 收到消息#99, type=chunk, format=pcm
2025-09-19 22:00:30.247 | DEBUG    | ws | ws_recognize:108 | 会话4b1381c3: 收到消息#100, type=ping, format=pcm
2025-09-19 22:00:30.247 | DEBUG    | ws | ws_recognize:108 | 会话4b1381c3: 收到消息#101, type=chunk, format=pcm
2025-09-19 22:00:30.523 | DEBUG    | ws | ws_recognize:108 | 会话4b1381c3: 收到消息#102, type=chunk, format=pcm
2025-09-19 22:00:30.738 | DEBUG    | ws | ws_recognize:108 | 会话4b1381c3: 收到消息#103, type=chunk, format=pcm
2025-09-19 22:00:31.009 | DEBUG    | ws | ws_recognize:108 | 会话4b1381c3: 收到消息#104, type=chunk, format=pcm
2025-09-19 22:00:31.332 | DEBUG    | ws | ws_recognize:108 | 会话4b1381c3: 收到消息#105, type=chunk, format=pcm
2025-09-19 22:00:31.679 | DEBUG    | ws | ws_recognize:108 | 会话4b1381c3: 收到消息#106, type=chunk, format=pcm
2025-09-19 22:00:32.094 | DEBUG    | ws | ws_recognize:108 | 会话4b1381c3: 收到消息#107, type=chunk, format=pcm
2025-09-19 22:00:32.597 | DEBUG    | ws | ws_recognize:108 | 会话4b1381c3: 收到消息#108, type=chunk, format=pcm
2025-09-19 22:00:32.886 | DEBUG    | ws | ws_recognize:108 | 会话4b1381c3: 收到消息#109, type=chunk, format=pcm
2025-09-19 22:00:33.441 | DEBUG    | ws | ws_recognize:108 | 会话4b1381c3: 收到消息#110, type=chunk, format=pcm
2025-09-19 22:00:33.982 | DEBUG    | ws | ws_recognize:108 | 会话4b1381c3: 收到消息#111, type=chunk, format=pcm
2025-09-19 22:00:34.496 | DEBUG    | ws | ws_recognize:108 | 会话4b1381c3: 收到消息#112, type=chunk, format=pcm
2025-09-19 22:00:34.798 | DEBUG    | ws | ws_recognize:108 | 会话4b1381c3: 收到消息#113, type=chunk, format=pcm
2025-09-19 22:00:35.363 | DEBUG    | ws | ws_recognize:108 | 会话4b1381c3: 收到消息#114, type=chunk, format=pcm
2025-09-19 22:00:35.716 | DEBUG    | ws | ws_recognize:108 | 会话4b1381c3: 收到消息#115, type=chunk, format=pcm
2025-09-19 22:00:36.057 | DEBUG    | ws | ws_recognize:108 | 会话4b1381c3: 收到消息#116, type=chunk, format=pcm
2025-09-19 22:00:36.302 | DEBUG    | ws | ws_recognize:108 | 会话4b1381c3: 收到消息#117, type=chunk, format=pcm
2025-09-19 22:00:36.556 | DEBUG    | ws | ws_recognize:108 | 会话4b1381c3: 收到消息#118, type=chunk, format=pcm
2025-09-19 22:00:36.851 | DEBUG    | ws | ws_recognize:108 | 会话4b1381c3: 收到消息#119, type=chunk, format=pcm
2025-09-19 22:00:37.093 | DEBUG    | ws | ws_recognize:108 | 会话4b1381c3: 收到消息#120, type=chunk, format=pcm
2025-09-19 22:00:37.388 | DEBUG    | ws | ws_recognize:108 | 会话4b1381c3: 收到消息#121, type=chunk, format=pcm
2025-09-19 22:00:38.100 | DEBUG    | ws | ws_recognize:108 | 会话4b1381c3: 收到消息#122, type=chunk, format=pcm
2025-09-19 22:00:38.718 | DEBUG    | ws | ws_recognize:108 | 会话4b1381c3: 收到消息#123, type=chunk, format=pcm
2025-09-19 22:00:39.434 | DEBUG    | ws | ws_recognize:108 | 会话4b1381c3: 收到消息#124, type=chunk, format=pcm
2025-09-19 22:00:40.167 | DEBUG    | ws | ws_recognize:108 | 会话4b1381c3: 收到消息#125, type=chunk, format=pcm
2025-09-19 22:00:40.951 | DEBUG    | ws | ws_recognize:108 | 会话4b1381c3: 收到消息#126, type=chunk, format=pcm
2025-09-19 22:00:41.651 | DEBUG    | ws | ws_recognize:108 | 会话4b1381c3: 收到消息#127, type=chunk, format=pcm
2025-09-19 22:00:42.294 | DEBUG    | ws | ws_recognize:108 | 会话4b1381c3: 收到消息#128, type=chunk, format=pcm
2025-09-19 22:00:42.697 | DEBUG    | ws | ws_recognize:108 | 会话4b1381c3: 收到消息#129, type=chunk, format=pcm
2025-09-19 22:00:43.016 | DEBUG    | ws | ws_recognize:108 | 会话4b1381c3: 收到消息#130, type=chunk, format=pcm
2025-09-19 22:00:43.552 | DEBUG    | ws | ws_recognize:108 | 会话4b1381c3: 收到消息#131, type=chunk, format=pcm
2025-09-19 22:00:44.113 | DEBUG    | ws | ws_recognize:108 | 会话4b1381c3: 收到消息#132, type=chunk, format=pcm
2025-09-19 22:00:44.422 | DEBUG    | ws | ws_recognize:108 | 会话4b1381c3: 收到消息#133, type=chunk, format=pcm
2025-09-19 22:00:44.743 | DEBUG    | ws | ws_recognize:108 | 会话4b1381c3: 收到消息#134, type=chunk, format=pcm
2025-09-19 22:00:45.031 | DEBUG    | ws | ws_recognize:108 | 会话4b1381c3: 收到消息#135, type=chunk, format=pcm
2025-09-19 22:00:45.534 | DEBUG    | ws | ws_recognize:108 | 会话4b1381c3: 收到消息#136, type=chunk, format=pcm
2025-09-19 22:00:46.096 | DEBUG    | ws | ws_recognize:108 | 会话4b1381c3: 收到消息#137, type=chunk, format=pcm
2025-09-19 22:00:46.403 | DEBUG    | ws | ws_recognize:108 | 会话4b1381c3: 收到消息#138, type=chunk, format=pcm
2025-09-19 22:00:46.680 | DEBUG    | ws | ws_recognize:108 | 会话4b1381c3: 收到消息#139, type=chunk, format=pcm
2025-09-19 22:00:46.984 | DEBUG    | ws | ws_recognize:108 | 会话4b1381c3: 收到消息#140, type=ping, format=pcm
2025-09-19 22:00:46.984 | DEBUG    | ws | ws_recognize:108 | 会话4b1381c3: 收到消息#141, type=chunk, format=pcm
2025-09-19 22:00:47.478 | DEBUG    | ws | ws_recognize:108 | 会话4b1381c3: 收到消息#142, type=chunk, format=pcm
2025-09-19 22:00:47.814 | DEBUG    | ws | ws_recognize:108 | 会话4b1381c3: 收到消息#143, type=chunk, format=pcm
2025-09-19 22:00:48.319 | DEBUG    | ws | ws_recognize:108 | 会话4b1381c3: 收到消息#144, type=chunk, format=pcm
2025-09-19 22:00:48.658 | DEBUG    | ws | ws_recognize:108 | 会话4b1381c3: 收到消息#145, type=chunk, format=pcm
2025-09-19 22:00:49.112 | DEBUG    | ws | ws_recognize:108 | 会话4b1381c3: 收到消息#146, type=chunk, format=pcm
2025-09-19 22:00:49.409 | DEBUG    | ws | ws_recognize:108 | 会话4b1381c3: 收到消息#147, type=chunk, format=pcm
2025-09-19 22:00:49.868 | DEBUG    | ws | ws_recognize:108 | 会话4b1381c3: 收到消息#148, type=chunk, format=pcm
2025-09-19 22:00:50.327 | DEBUG    | ws | ws_recognize:108 | 会话4b1381c3: 收到消息#149, type=chunk, format=pcm
2025-09-19 22:00:50.671 | DEBUG    | ws | ws_recognize:108 | 会话4b1381c3: 收到消息#150, type=chunk, format=pcm
2025-09-19 22:00:51.334 | DEBUG    | ws | ws_recognize:108 | 会话4b1381c3: 收到消息#151, type=chunk, format=pcm
2025-09-19 22:00:52.085 | DEBUG    | ws | ws_recognize:108 | 会话4b1381c3: 收到消息#152, type=chunk, format=pcm
2025-09-19 22:00:52.734 | DEBUG    | ws | ws_recognize:108 | 会话4b1381c3: 收到消息#153, type=chunk, format=pcm
2025-09-19 22:00:53.435 | DEBUG    | ws | ws_recognize:108 | 会话4b1381c3: 收到消息#154, type=chunk, format=pcm
2025-09-19 22:00:53.746 | DEBUG    | ws | ws_recognize:108 | 会话4b1381c3: 收到消息#155, type=chunk, format=pcm
2025-09-19 22:00:54.347 | DEBUG    | ws | ws_recognize:108 | 会话4b1381c3: 收到消息#156, type=chunk, format=pcm
2025-09-19 22:00:54.657 | DEBUG    | ws | ws_recognize:108 | 会话4b1381c3: 收到消息#157, type=chunk, format=pcm
2025-09-19 22:00:55.155 | DEBUG    | ws | ws_recognize:108 | 会话4b1381c3: 收到消息#158, type=chunk, format=pcm
2025-09-19 22:00:55.532 | DEBUG    | ws | ws_recognize:108 | 会话4b1381c3: 收到消息#159, type=chunk, format=pcm
2025-09-19 22:00:55.851 | DEBUG    | ws | ws_recognize:108 | 会话4b1381c3: 收到消息#160, type=chunk, format=pcm
2025-09-19 22:00:56.337 | DEBUG    | ws | ws_recognize:108 | 会话4b1381c3: 收到消息#161, type=chunk, format=pcm
2025-09-19 22:00:56.656 | DEBUG    | ws | ws_recognize:108 | 会话4b1381c3: 收到消息#162, type=chunk, format=pcm
2025-09-19 22:00:57.122 | DEBUG    | ws | ws_recognize:108 | 会话4b1381c3: 收到消息#163, type=chunk, format=pcm
2025-09-19 22:00:57.470 | DEBUG    | ws | ws_recognize:108 | 会话4b1381c3: 收到消息#164, type=chunk, format=pcm
2025-09-19 22:00:57.770 | DEBUG    | ws | ws_recognize:108 | 会话4b1381c3: 收到消息#165, type=chunk, format=pcm
2025-09-19 22:00:58.094 | DEBUG    | ws | ws_recognize:108 | 会话4b1381c3: 收到消息#166, type=chunk, format=pcm
2025-09-19 22:00:58.471 | DEBUG    | ws | ws_recognize:108 | 会话4b1381c3: 收到消息#167, type=chunk, format=pcm
2025-09-19 22:00:58.921 | DEBUG    | ws | ws_recognize:108 | 会话4b1381c3: 收到消息#168, type=chunk, format=pcm
2025-09-19 22:00:59.350 | DEBUG    | ws | ws_recognize:108 | 会话4b1381c3: 收到消息#169, type=chunk, format=pcm
2025-09-19 22:00:59.791 | DEBUG    | ws | ws_recognize:108 | 会话4b1381c3: 收到消息#170, type=chunk, format=pcm
2025-09-19 22:01:00.375 | DEBUG    | ws | ws_recognize:108 | 会话4b1381c3: 收到消息#171, type=chunk, format=pcm
2025-09-19 22:01:00.674 | DEBUG    | ws | ws_recognize:108 | 会话4b1381c3: 收到消息#172, type=chunk, format=pcm
2025-09-19 22:01:01.201 | DEBUG    | ws | ws_recognize:108 | 会话4b1381c3: 收到消息#173, type=chunk, format=pcm
2025-09-19 22:01:01.460 | DEBUG    | ws | ws_recognize:108 | 会话4b1381c3: 收到消息#174, type=chunk, format=pcm
2025-09-19 22:01:02.186 | DEBUG    | ws | ws_recognize:108 | 会话4b1381c3: 收到消息#175, type=chunk, format=pcm
2025-09-19 22:01:02.772 | DEBUG    | ws | ws_recognize:108 | 会话4b1381c3: 收到消息#176, type=chunk, format=pcm
2025-09-19 22:01:03.043 | DEBUG    | ws | ws_recognize:108 | 会话4b1381c3: 收到消息#177, type=chunk, format=pcm
2025-09-19 22:01:03.331 | DEBUG    | ws | ws_recognize:108 | 会话4b1381c3: 收到消息#178, type=chunk, format=pcm
2025-09-19 22:01:03.706 | DEBUG    | ws | ws_recognize:108 | 会话4b1381c3: 收到消息#179, type=chunk, format=pcm
2025-09-19 22:01:04.073 | DEBUG    | ws | ws_recognize:108 | 会话4b1381c3: 收到消息#180, type=ping, format=pcm
2025-09-19 22:01:04.073 | DEBUG    | ws | ws_recognize:108 | 会话4b1381c3: 收到消息#181, type=chunk, format=pcm
2025-09-19 22:01:04.372 | DEBUG    | ws | ws_recognize:108 | 会话4b1381c3: 收到消息#182, type=chunk, format=pcm
2025-09-19 22:01:04.661 | DEBUG    | ws | ws_recognize:108 | 会话4b1381c3: 收到消息#183, type=chunk, format=pcm
2025-09-19 22:01:05.017 | DEBUG    | ws | ws_recognize:108 | 会话4b1381c3: 收到消息#184, type=chunk, format=pcm
2025-09-19 22:01:05.285 | DEBUG    | ws | ws_recognize:108 | 会话4b1381c3: 收到消息#185, type=chunk, format=pcm
2025-09-19 22:01:05.561 | DEBUG    | ws | ws_recognize:108 | 会话4b1381c3: 收到消息#186, type=chunk, format=pcm
2025-09-19 22:01:05.871 | DEBUG    | ws | ws_recognize:296 | 会话4b1381c3: 发送实时结果#4: '连接测试特朗普。' (置信度: 0.850)
2025-09-19 22:01:05.871 | DEBUG    | ws | ws_recognize:108 | 会话4b1381c3: 收到消息#187, type=chunk, format=pcm
2025-09-19 22:01:06.228 | DEBUG    | ws | ws_recognize:108 | 会话4b1381c3: 收到消息#188, type=chunk, format=pcm
2025-09-19 22:01:06.539 | DEBUG    | ws | ws_recognize:296 | 会话4b1381c3: 发送实时结果#5: '连接测试特朗普真人版。' (置信度: 0.850)
2025-09-19 22:01:06.539 | DEBUG    | ws | ws_recognize:108 | 会话4b1381c3: 收到消息#189, type=chunk, format=pcm
2025-09-19 22:01:06.978 | DEBUG    | ws | ws_recognize:296 | 会话4b1381c3: 发送实时结果#6: '连接测试特朗普正。' (置信度: 0.850)
2025-09-19 22:01:06.978 | DEBUG    | ws | ws_recognize:108 | 会话4b1381c3: 收到消息#190, type=chunk, format=pcm
2025-09-19 22:01:07.357 | DEBUG    | ws | ws_recognize:296 | 会话4b1381c3: 发送实时结果#7: '连接测试。特朗普正在。' (置信度: 0.850)
2025-09-19 22:01:07.357 | DEBUG    | ws | ws_recognize:108 | 会话4b1381c3: 收到消息#191, type=chunk, format=pcm
2025-09-19 22:01:07.747 | DEBUG    | ws | ws_recognize:108 | 会话4b1381c3: 收到消息#192, type=chunk, format=pcm
2025-09-19 22:01:08.172 | DEBUG    | ws | ws_recognize:296 | 会话4b1381c3: 发送实时结果#8: '连接测试，特朗普正在国内。' (置信度: 0.850)
2025-09-19 22:01:08.172 | DEBUG    | ws | ws_recognize:108 | 会话4b1381c3: 收到消息#193, type=chunk, format=pcm
2025-09-19 22:01:08.591 | DEBUG    | ws | ws_recognize:296 | 会话4b1381c3: 发送实时结果#9: '连接测试，特朗普正在国事发行。' (置信度: 0.850)
2025-09-19 22:01:08.591 | DEBUG    | ws | ws_recognize:108 | 会话4b1381c3: 收到消息#194, type=chunk, format=pcm
2025-09-19 22:01:09.020 | DEBUG    | ws | ws_recognize:296 | 会话4b1381c3: 发送实时结果#10: '连接测试特朗普正在国事访问。' (置信度: 0.850)
2025-09-19 22:01:09.022 | DEBUG    | ws | ws_recognize:108 | 会话4b1381c3: 收到消息#195, type=chunk, format=pcm
2025-09-19 22:01:09.475 | DEBUG    | ws | ws_recognize:296 | 会话4b1381c3: 发送实时结果#11: '连接测试，特朗普正在国事访问英国。' (置信度: 0.850)
2025-09-19 22:01:09.475 | DEBUG    | ws | ws_recognize:108 | 会话4b1381c3: 收到消息#196, type=chunk, format=pcm
2025-09-19 22:01:09.968 | DEBUG    | ws | ws_recognize:108 | 会话4b1381c3: 收到消息#197, type=chunk, format=pcm
2025-09-19 22:01:10.454 | DEBUG    | ws | ws_recognize:108 | 会话4b1381c3: 收到消息#198, type=chunk, format=pcm
2025-09-19 22:01:10.865 | DEBUG    | ws | ws_recognize:108 | 会话4b1381c3: 收到消息#199, type=chunk, format=pcm
2025-09-19 22:01:11.466 | DEBUG    | ws | ws_recognize:108 | 会话4b1381c3: 收到消息#200, type=chunk, format=pcm
2025-09-19 22:01:11.863 | DEBUG    | ws | ws_recognize:108 | 会话4b1381c3: 收到消息#201, type=chunk, format=pcm
2025-09-19 22:01:12.385 | DEBUG    | ws | ws_recognize:108 | 会话4b1381c3: 收到消息#202, type=chunk, format=pcm
2025-09-19 22:01:12.906 | DEBUG    | ws | ws_recognize:296 | 会话4b1381c3: 发送实时结果#12: '连接测试特朗普正在国事访问英国。他与。' (置信度: 0.850)
2025-09-19 22:01:12.906 | DEBUG    | ws | ws_recognize:108 | 会话4b1381c3: 收到消息#203, type=chunk, format=pcm
2025-09-19 22:01:13.474 | DEBUG    | ws | ws_recognize:296 | 会话4b1381c3: 发送实时结果#13: '连接测试，特朗普正在国事访问英国，他与你。' (置信度: 0.850)
2025-09-19 22:01:13.475 | DEBUG    | ws | ws_recognize:108 | 会话4b1381c3: 收到消息#204, type=chunk, format=pcm
2025-09-19 22:01:14.024 | DEBUG    | ws | ws_recognize:296 | 会话4b1381c3: 发送实时结果#14: '连接测试，特朗普正在国事访问英国。踏月盈归。' (置信度: 0.850)
2025-09-19 22:01:14.024 | DEBUG    | ws | ws_recognize:108 | 会话4b1381c3: 收到消息#205, type=chunk, format=pcm
2025-09-19 22:01:14.558 | DEBUG    | ws | ws_recognize:296 | 会话4b1381c3: 发送实时结果#15: '连接测试特朗普正在国事访问英国，他与英国手机。' (置信度: 0.850)
2025-09-19 22:01:14.558 | DEBUG    | ws | ws_recognize:108 | 会话4b1381c3: 收到消息#206, type=chunk, format=pcm
2025-09-19 22:01:15.083 | DEBUG    | ws | ws_recognize:296 | 会话4b1381c3: 发送实时结果#16: '连接测试特朗普正在国事访问英国，他与英国首相。' (置信度: 0.850)
2025-09-19 22:01:15.084 | DEBUG    | ws | ws_recognize:108 | 会话4b1381c3: 收到消息#207, type=chunk, format=pcm
2025-09-19 22:01:15.875 | DEBUG    | ws | ws_recognize:108 | 会话4b1381c3: 收到消息#208, type=chunk, format=pcm
2025-09-19 22:01:16.350 | DEBUG    | ws | ws_recognize:108 | 会话4b1381c3: 收到消息#209, type=chunk, format=pcm
2025-09-19 22:01:16.819 | DEBUG    | ws | ws_recognize:108 | 会话4b1381c3: 收到消息#210, type=chunk, format=pcm
2025-09-19 22:01:17.305 | DEBUG    | ws | ws_recognize:108 | 会话4b1381c3: 收到消息#211, type=chunk, format=pcm
2025-09-19 22:01:17.880 | DEBUG    | ws | ws_recognize:108 | 会话4b1381c3: 收到消息#212, type=chunk, format=pcm
2025-09-19 22:01:18.343 | DEBUG    | ws | ws_recognize:108 | 会话4b1381c3: 收到消息#213, type=chunk, format=pcm
2025-09-19 22:01:18.917 | DEBUG    | ws | ws_recognize:296 | 会话4b1381c3: 发送实时结果#17: '连接测试，特朗普正在国事访问英国，他与英国首相初去。' (置信度: 0.850)
2025-09-19 22:01:18.917 | DEBUG    | ws | ws_recognize:108 | 会话4b1381c3: 收到消息#214, type=chunk, format=pcm
2025-09-19 22:01:19.486 | DEBUG    | ws | ws_recognize:296 | 会话4b1381c3: 发送实时结果#18: '连接测试特朗普正在国事访问英国，他与英国首相除夕。' (置信度: 0.850)
2025-09-19 22:01:19.486 | DEBUG    | ws | ws_recognize:108 | 会话4b1381c3: 收到消息#215, type=chunk, format=pcm
2025-09-19 22:01:20.075 | DEBUG    | ws | ws_recognize:296 | 会话4b1381c3: 发送实时结果#19: '连接测试。特朗普正在国事访问英国，他与英国首相出席。' (置信度: 0.850)
2025-09-19 22:01:20.076 | DEBUG    | ws | ws_recognize:108 | 会话4b1381c3: 收到消息#216, type=chunk, format=pcm
2025-09-19 22:01:20.684 | DEBUG    | ws | ws_recognize:108 | 会话4b1381c3: 收到消息#217, type=chunk, format=pcm
2025-09-19 22:01:21.283 | DEBUG    | ws | ws_recognize:108 | 会话4b1381c3: 收到消息#218, type=chunk, format=pcm
2025-09-19 22:01:21.803 | DEBUG    | ws | ws_recognize:108 | 会话4b1381c3: 收到消息#219, type=chunk, format=pcm
2025-09-19 22:01:22.383 | DEBUG    | ws | ws_recognize:108 | 会话4b1381c3: 收到消息#220, type=ping, format=pcm
2025-09-19 22:01:22.383 | DEBUG    | ws | ws_recognize:108 | 会话4b1381c3: 收到消息#221, type=chunk, format=pcm
2025-09-19 22:01:22.944 | DEBUG    | ws | ws_recognize:108 | 会话4b1381c3: 收到消息#222, type=chunk, format=pcm
2025-09-19 22:01:23.524 | DEBUG    | ws | ws_recognize:108 | 会话4b1381c3: 收到消息#223, type=chunk, format=pcm
2025-09-19 22:01:24.189 | DEBUG    | ws | ws_recognize:108 | 会话4b1381c3: 收到消息#224, type=chunk, format=pcm
2025-09-19 22:01:24.771 | DEBUG    | ws | ws_recognize:108 | 会话4b1381c3: 收到消息#225, type=chunk, format=pcm
2025-09-19 22:01:25.343 | DEBUG    | ws | ws_recognize:108 | 会话4b1381c3: 收到消息#226, type=chunk, format=pcm
2025-09-19 22:01:25.917 | DEBUG    | ws | ws_recognize:108 | 会话4b1381c3: 收到消息#227, type=chunk, format=pcm
2025-09-19 22:01:26.425 | DEBUG    | ws | ws_recognize:108 | 会话4b1381c3: 收到消息#228, type=chunk, format=pcm
2025-09-19 22:01:27.178 | DEBUG    | ws | ws_recognize:296 | 会话4b1381c3: 发送实时结果#20: '连接测试。特朗普正在国事访问英国，他与英国首相出席记床。' (置信度: 0.850)
2025-09-19 22:01:27.182 | DEBUG    | ws | ws_recognize:108 | 会话4b1381c3: 收到消息#229, type=chunk, format=pcm
2025-09-19 22:01:28.428 | DEBUG    | ws | ws_recognize:296 | 会话4b1381c3: 发送实时结果#21: '连接测试。特朗普正在国事访问英国，他与英国首相出席骑走。' (置信度: 0.850)
2025-09-19 22:01:28.428 | DEBUG    | ws | ws_recognize:108 | 会话4b1381c3: 收到消息#230, type=chunk, format=pcm
2025-09-19 22:01:29.421 | DEBUG    | ws | ws_recognize:296 | 会话4b1381c3: 发送实时结果#22: '连接测试特朗普正在国事访问英国，他与英国首相出席记者会。' (置信度: 0.850)
2025-09-19 22:01:29.421 | DEBUG    | ws | ws_recognize:108 | 会话4b1381c3: 收到消息#231, type=chunk, format=pcm
2025-09-19 22:01:30.131 | DEBUG    | ws | ws_recognize:108 | 会话4b1381c3: 收到消息#232, type=chunk, format=pcm
2025-09-19 22:01:30.841 | DEBUG    | ws | ws_recognize:108 | 会话4b1381c3: 收到消息#233, type=chunk, format=pcm
2025-09-19 22:01:31.442 | DEBUG    | ws | ws_recognize:108 | 会话4b1381c3: 收到消息#234, type=chunk, format=pcm
2025-09-19 22:01:31.980 | DEBUG    | ws | ws_recognize:108 | 会话4b1381c3: 收到消息#235, type=chunk, format=pcm
2025-09-19 22:01:32.625 | DEBUG    | ws | ws_recognize:108 | 会话4b1381c3: 收到消息#236, type=chunk, format=pcm
2025-09-19 22:01:33.372 | DEBUG    | ws | ws_recognize:108 | 会话4b1381c3: 收到消息#237, type=chunk, format=pcm
2025-09-19 22:01:33.958 | DEBUG    | ws | ws_recognize:108 | 会话4b1381c3: 收到消息#238, type=chunk, format=pcm
2025-09-19 22:01:34.430 | DEBUG    | ws | ws_recognize:108 | 会话4b1381c3: 收到消息#239, type=chunk, format=pcm
2025-09-19 22:01:35.003 | DEBUG    | ws | ws_recognize:108 | 会话4b1381c3: 收到消息#240, type=chunk, format=pcm
2025-09-19 22:01:35.762 | DEBUG    | ws | ws_recognize:108 | 会话4b1381c3: 收到消息#241, type=chunk, format=pcm
2025-09-19 22:01:36.360 | DEBUG    | ws | ws_recognize:108 | 会话4b1381c3: 收到消息#242, type=chunk, format=pcm
2025-09-19 22:01:37.450 | DEBUG    | ws | ws_recognize:108 | 会话4b1381c3: 收到消息#243, type=chunk, format=pcm
2025-09-19 22:01:38.081 | DEBUG    | ws | ws_recognize:108 | 会话4b1381c3: 收到消息#244, type=chunk, format=pcm
2025-09-19 22:01:38.734 | DEBUG    | ws | ws_recognize:108 | 会话4b1381c3: 收到消息#245, type=chunk, format=pcm
2025-09-19 22:01:39.262 | DEBUG    | ws | ws_recognize:108 | 会话4b1381c3: 收到消息#246, type=chunk, format=pcm
2025-09-19 22:01:40.213 | DEBUG    | ws | ws_recognize:108 | 会话4b1381c3: 收到消息#247, type=chunk, format=pcm
2025-09-19 22:01:40.724 | DEBUG    | ws | ws_recognize:108 | 会话4b1381c3: 收到消息#248, type=chunk, format=pcm
2025-09-19 22:01:41.402 | DEBUG    | ws | ws_recognize:108 | 会话4b1381c3: 收到消息#249, type=chunk, format=pcm
2025-09-19 22:01:42.174 | DEBUG    | ws | ws_recognize:108 | 会话4b1381c3: 收到消息#250, type=chunk, format=pcm
2025-09-19 22:01:42.742 | DEBUG    | ws | ws_recognize:108 | 会话4b1381c3: 收到消息#251, type=chunk, format=pcm
2025-09-19 22:01:43.285 | DEBUG    | ws | ws_recognize:108 | 会话4b1381c3: 收到消息#252, type=chunk, format=pcm
2025-09-19 22:01:43.957 | DEBUG    | ws | ws_recognize:108 | 会话4b1381c3: 收到消息#253, type=chunk, format=pcm
2025-09-19 22:01:44.711 | DEBUG    | ws | ws_recognize:108 | 会话4b1381c3: 收到消息#254, type=chunk, format=pcm
2025-09-19 22:01:46.161 | DEBUG    | ws | ws_recognize:108 | 会话4b1381c3: 收到消息#255, type=chunk, format=pcm
2025-09-19 22:01:46.940 | DEBUG    | ws | ws_recognize:108 | 会话4b1381c3: 收到消息#256, type=chunk, format=pcm
2025-09-19 22:01:47.517 | DEBUG    | ws | ws_recognize:108 | 会话4b1381c3: 收到消息#257, type=chunk, format=pcm
2025-09-19 22:01:48.256 | DEBUG    | ws | ws_recognize:108 | 会话4b1381c3: 收到消息#258, type=chunk, format=pcm
2025-09-19 22:01:48.835 | DEBUG    | ws | ws_recognize:108 | 会话4b1381c3: 收到消息#259, type=ping, format=pcm
2025-09-19 22:01:48.835 | DEBUG    | ws | ws_recognize:108 | 会话4b1381c3: 收到消息#260, type=chunk, format=pcm
2025-09-19 22:01:49.379 | DEBUG    | ws | ws_recognize:108 | 会话4b1381c3: 收到消息#261, type=chunk, format=pcm
2025-09-19 22:01:50.256 | DEBUG    | ws | ws_recognize:108 | 会话4b1381c3: 收到消息#262, type=chunk, format=pcm
2025-09-19 22:01:50.982 | DEBUG    | ws | ws_recognize:108 | 会话4b1381c3: 收到消息#263, type=chunk, format=pcm
2025-09-19 22:01:51.585 | DEBUG    | ws | ws_recognize:108 | 会话4b1381c3: 收到消息#264, type=chunk, format=pcm
2025-09-19 22:01:52.917 | DEBUG    | ws | ws_recognize:108 | 会话4b1381c3: 收到消息#265, type=chunk, format=pcm
2025-09-19 22:01:53.572 | DEBUG    | ws | ws_recognize:108 | 会话4b1381c3: 收到消息#266, type=chunk, format=pcm
2025-09-19 22:01:54.179 | DEBUG    | ws | ws_recognize:108 | 会话4b1381c3: 收到消息#267, type=chunk, format=pcm
2025-09-19 22:01:54.735 | DEBUG    | ws | ws_recognize:108 | 会话4b1381c3: 收到消息#268, type=chunk, format=pcm
2025-09-19 22:01:55.244 | DEBUG    | ws | ws_recognize:108 | 会话4b1381c3: 收到消息#269, type=chunk, format=pcm
2025-09-19 22:01:55.783 | DEBUG    | ws | ws_recognize:108 | 会话4b1381c3: 收到消息#270, type=chunk, format=pcm
2025-09-19 22:01:56.357 | DEBUG    | ws | ws_recognize:108 | 会话4b1381c3: 收到消息#271, type=chunk, format=pcm
2025-09-19 22:01:57.026 | DEBUG    | ws | ws_recognize:108 | 会话4b1381c3: 收到消息#272, type=chunk, format=pcm
2025-09-19 22:01:58.251 | DEBUG    | ws | ws_recognize:108 | 会话4b1381c3: 收到消息#273, type=chunk, format=pcm
2025-09-19 22:01:58.864 | DEBUG    | ws | ws_recognize:108 | 会话4b1381c3: 收到消息#274, type=chunk, format=pcm
2025-09-19 22:01:59.519 | DEBUG    | ws | ws_recognize:108 | 会话4b1381c3: 收到消息#275, type=chunk, format=pcm
2025-09-19 22:02:00.103 | DEBUG    | ws | ws_recognize:108 | 会话4b1381c3: 收到消息#276, type=chunk, format=pcm
2025-09-19 22:02:00.743 | DEBUG    | ws | ws_recognize:108 | 会话4b1381c3: 收到消息#277, type=chunk, format=pcm
2025-09-19 22:02:01.372 | DEBUG    | ws | ws_recognize:108 | 会话4b1381c3: 收到消息#278, type=chunk, format=pcm
2025-09-19 22:02:02.050 | DEBUG    | ws | ws_recognize:108 | 会话4b1381c3: 收到消息#279, type=chunk, format=pcm
2025-09-19 22:02:02.730 | DEBUG    | ws | ws_recognize:108 | 会话4b1381c3: 收到消息#280, type=chunk, format=pcm
2025-09-19 22:02:03.349 | DEBUG    | ws | ws_recognize:108 | 会话4b1381c3: 收到消息#281, type=chunk, format=pcm
2025-09-19 22:02:03.983 | DEBUG    | ws | ws_recognize:108 | 会话4b1381c3: 收到消息#282, type=chunk, format=pcm
2025-09-19 22:02:04.757 | DEBUG    | ws | ws_recognize:108 | 会话4b1381c3: 收到消息#283, type=chunk, format=pcm
2025-09-19 22:02:05.524 | DEBUG    | ws | ws_recognize:108 | 会话4b1381c3: 收到消息#284, type=chunk, format=pcm
2025-09-19 22:02:06.173 | DEBUG    | ws | ws_recognize:108 | 会话4b1381c3: 收到消息#285, type=chunk, format=pcm
2025-09-19 22:02:06.845 | DEBUG    | ws | ws_recognize:108 | 会话4b1381c3: 收到消息#286, type=chunk, format=pcm
2025-09-19 22:02:07.559 | DEBUG    | ws | ws_recognize:108 | 会话4b1381c3: 收到消息#287, type=chunk, format=pcm
2025-09-19 22:02:08.165 | DEBUG    | ws | ws_recognize:108 | 会话4b1381c3: 收到消息#288, type=chunk, format=pcm
2025-09-19 22:02:08.755 | DEBUG    | ws | ws_recognize:108 | 会话4b1381c3: 收到消息#289, type=chunk, format=pcm
2025-09-19 22:02:09.370 | DEBUG    | ws | ws_recognize:108 | 会话4b1381c3: 收到消息#290, type=chunk, format=pcm
2025-09-19 22:02:10.201 | DEBUG    | ws | ws_recognize:108 | 会话4b1381c3: 收到消息#291, type=chunk, format=pcm
2025-09-19 22:02:11.456 | DEBUG    | ws | ws_recognize:108 | 会话4b1381c3: 收到消息#292, type=chunk, format=pcm
2025-09-19 22:02:12.208 | DEBUG    | ws | ws_recognize:108 | 会话4b1381c3: 收到消息#293, type=chunk, format=pcm
2025-09-19 22:02:12.737 | DEBUG    | ws | ws_recognize:108 | 会话4b1381c3: 收到消息#294, type=chunk, format=pcm
2025-09-19 22:02:13.241 | DEBUG    | ws | ws_recognize:108 | 会话4b1381c3: 收到消息#295, type=chunk, format=pcm
2025-09-19 22:02:13.816 | DEBUG    | ws | ws_recognize:108 | 会话4b1381c3: 收到消息#296, type=chunk, format=pcm
2025-09-19 22:02:14.992 | DEBUG    | ws | ws_recognize:108 | 会话4b1381c3: 收到消息#297, type=chunk, format=pcm
2025-09-19 22:02:15.742 | DEBUG    | ws | ws_recognize:108 | 会话4b1381c3: 收到消息#298, type=chunk, format=pcm
2025-09-19 22:02:16.249 | DEBUG    | ws | ws_recognize:108 | 会话4b1381c3: 收到消息#299, type=ping, format=pcm
2025-09-19 22:02:16.249 | DEBUG    | ws | ws_recognize:108 | 会话4b1381c3: 收到消息#300, type=chunk, format=pcm
2025-09-19 22:02:16.816 | DEBUG    | ws | ws_recognize:108 | 会话4b1381c3: 收到消息#301, type=chunk, format=pcm
2025-09-19 22:02:17.319 | DEBUG    | ws | ws_recognize:108 | 会话4b1381c3: 收到消息#302, type=chunk, format=pcm
2025-09-19 22:02:17.818 | DEBUG    | ws | ws_recognize:108 | 会话4b1381c3: 收到消息#303, type=chunk, format=pcm
2025-09-19 22:02:18.327 | DEBUG    | ws | ws_recognize:108 | 会话4b1381c3: 收到消息#304, type=chunk, format=pcm
2025-09-19 22:02:18.859 | DEBUG    | ws | ws_recognize:108 | 会话4b1381c3: 收到消息#305, type=chunk, format=pcm
2025-09-19 22:02:19.359 | DEBUG    | ws | ws_recognize:108 | 会话4b1381c3: 收到消息#306, type=chunk, format=pcm
2025-09-19 22:02:19.875 | DEBUG    | ws | ws_recognize:108 | 会话4b1381c3: 收到消息#307, type=chunk, format=pcm
2025-09-19 22:02:20.680 | DEBUG    | ws | ws_recognize:108 | 会话4b1381c3: 收到消息#308, type=chunk, format=pcm
2025-09-19 22:02:21.271 | DEBUG    | ws | ws_recognize:108 | 会话4b1381c3: 收到消息#309, type=chunk, format=pcm
2025-09-19 22:02:21.835 | DEBUG    | ws | ws_recognize:108 | 会话4b1381c3: 收到消息#310, type=chunk, format=pcm
2025-09-19 22:02:22.381 | DEBUG    | ws | ws_recognize:108 | 会话4b1381c3: 收到消息#311, type=chunk, format=pcm
2025-09-19 22:02:22.908 | DEBUG    | ws | ws_recognize:108 | 会话4b1381c3: 收到消息#312, type=chunk, format=pcm
2025-09-19 22:02:24.503 | DEBUG    | ws | ws_recognize:108 | 会话4b1381c3: 收到消息#313, type=chunk, format=pcm
2025-09-19 22:02:25.011 | DEBUG    | ws | ws_recognize:108 | 会话4b1381c3: 收到消息#314, type=chunk, format=pcm
2025-09-19 22:02:25.518 | DEBUG    | ws | ws_recognize:108 | 会话4b1381c3: 收到消息#315, type=chunk, format=pcm
2025-09-19 22:02:26.079 | DEBUG    | ws | ws_recognize:108 | 会话4b1381c3: 收到消息#316, type=chunk, format=pcm
2025-09-19 22:02:26.608 | DEBUG    | ws | ws_recognize:108 | 会话4b1381c3: 收到消息#317, type=chunk, format=pcm
2025-09-19 22:02:27.241 | DEBUG    | ws | ws_recognize:108 | 会话4b1381c3: 收到消息#318, type=chunk, format=pcm
2025-09-19 22:02:28.126 | DEBUG    | ws | ws_recognize:108 | 会话4b1381c3: 收到消息#319, type=chunk, format=pcm
2025-09-19 22:02:28.773 | DEBUG    | ws | ws_recognize:108 | 会话4b1381c3: 收到消息#320, type=chunk, format=pcm
2025-09-19 22:02:29.485 | DEBUG    | ws | ws_recognize:108 | 会话4b1381c3: 收到消息#321, type=chunk, format=pcm
2025-09-19 22:02:30.076 | DEBUG    | ws | ws_recognize:108 | 会话4b1381c3: 收到消息#322, type=chunk, format=pcm
2025-09-19 22:02:30.591 | DEBUG    | ws | ws_recognize:108 | 会话4b1381c3: 收到消息#323, type=chunk, format=pcm
2025-09-19 22:02:31.143 | DEBUG    | ws | ws_recognize:108 | 会话4b1381c3: 收到消息#324, type=chunk, format=pcm
2025-09-19 22:02:31.793 | DEBUG    | ws | ws_recognize:108 | 会话4b1381c3: 收到消息#325, type=chunk, format=pcm
2025-09-19 22:02:32.737 | DEBUG    | ws | ws_recognize:108 | 会话4b1381c3: 收到消息#326, type=chunk, format=pcm
2025-09-19 22:02:33.309 | DEBUG    | ws | ws_recognize:108 | 会话4b1381c3: 收到消息#327, type=chunk, format=pcm
2025-09-19 22:02:33.859 | DEBUG    | ws | ws_recognize:108 | 会话4b1381c3: 收到消息#328, type=chunk, format=pcm
2025-09-19 22:02:35.109 | DEBUG    | ws | ws_recognize:108 | 会话4b1381c3: 收到消息#329, type=chunk, format=pcm
2025-09-19 22:02:35.627 | DEBUG    | ws | ws_recognize:108 | 会话4b1381c3: 收到消息#330, type=chunk, format=pcm
2025-09-19 22:02:36.325 | DEBUG    | ws | ws_recognize:108 | 会话4b1381c3: 收到消息#331, type=chunk, format=pcm
2025-09-19 22:02:36.832 | DEBUG    | ws | ws_recognize:108 | 会话4b1381c3: 收到消息#332, type=chunk, format=pcm
2025-09-19 22:02:37.440 | DEBUG    | ws | ws_recognize:108 | 会话4b1381c3: 收到消息#333, type=chunk, format=pcm
2025-09-19 22:02:37.975 | DEBUG    | ws | ws_recognize:108 | 会话4b1381c3: 收到消息#334, type=chunk, format=pcm
2025-09-19 22:02:38.602 | DEBUG    | ws | ws_recognize:108 | 会话4b1381c3: 收到消息#335, type=chunk, format=pcm
2025-09-19 22:02:39.181 | DEBUG    | ws | ws_recognize:108 | 会话4b1381c3: 收到消息#336, type=chunk, format=pcm
2025-09-19 22:02:39.697 | DEBUG    | ws | ws_recognize:108 | 会话4b1381c3: 收到消息#337, type=chunk, format=pcm
2025-09-19 22:02:40.266 | DEBUG    | ws | ws_recognize:108 | 会话4b1381c3: 收到消息#338, type=chunk, format=pcm
2025-09-19 22:02:40.788 | DEBUG    | ws | ws_recognize:108 | 会话4b1381c3: 收到消息#339, type=chunk, format=pcm
2025-09-19 22:02:41.302 | DEBUG    | ws | ws_recognize:108 | 会话4b1381c3: 收到消息#340, type=ping, format=pcm
2025-09-19 22:02:41.302 | DEBUG    | ws | ws_recognize:108 | 会话4b1381c3: 收到消息#341, type=chunk, format=pcm
2025-09-19 22:02:41.817 | DEBUG    | ws | ws_recognize:108 | 会话4b1381c3: 收到消息#342, type=chunk, format=pcm
2025-09-19 22:02:42.368 | DEBUG    | ws | ws_recognize:108 | 会话4b1381c3: 收到消息#343, type=chunk, format=pcm
2025-09-19 22:02:43.192 | DEBUG    | ws | ws_recognize:108 | 会话4b1381c3: 收到消息#344, type=chunk, format=pcm
2025-09-19 22:02:43.885 | DEBUG    | ws | ws_recognize:108 | 会话4b1381c3: 收到消息#345, type=chunk, format=pcm
2025-09-19 22:02:44.427 | DEBUG    | ws | ws_recognize:108 | 会话4b1381c3: 收到消息#346, type=chunk, format=pcm
2025-09-19 22:02:44.977 | DEBUG    | ws | ws_recognize:108 | 会话4b1381c3: 收到消息#347, type=chunk, format=pcm
2025-09-19 22:02:45.500 | DEBUG    | ws | ws_recognize:108 | 会话4b1381c3: 收到消息#348, type=chunk, format=pcm
2025-09-19 22:02:46.025 | DEBUG    | ws | ws_recognize:108 | 会话4b1381c3: 收到消息#349, type=chunk, format=pcm
2025-09-19 22:02:46.803 | DEBUG    | ws | ws_recognize:108 | 会话4b1381c3: 收到消息#350, type=chunk, format=pcm
2025-09-19 22:02:47.390 | DEBUG    | ws | ws_recognize:108 | 会话4b1381c3: 收到消息#351, type=chunk, format=pcm
2025-09-19 22:02:47.921 | DEBUG    | ws | ws_recognize:108 | 会话4b1381c3: 收到消息#352, type=chunk, format=pcm
2025-09-19 22:02:48.439 | DEBUG    | ws | ws_recognize:108 | 会话4b1381c3: 收到消息#353, type=chunk, format=pcm
2025-09-19 22:02:49.096 | DEBUG    | ws | ws_recognize:108 | 会话4b1381c3: 收到消息#354, type=chunk, format=pcm
2025-09-19 22:02:49.643 | DEBUG    | ws | ws_recognize:108 | 会话4b1381c3: 收到消息#355, type=chunk, format=pcm
2025-09-19 22:02:50.207 | DEBUG    | ws | ws_recognize:108 | 会话4b1381c3: 收到消息#356, type=chunk, format=pcm
2025-09-19 22:02:50.832 | DEBUG    | ws | ws_recognize:108 | 会话4b1381c3: 收到消息#357, type=chunk, format=pcm
2025-09-19 22:02:51.362 | DEBUG    | ws | ws_recognize:108 | 会话4b1381c3: 收到消息#358, type=chunk, format=pcm
2025-09-19 22:02:51.876 | DEBUG    | ws | ws_recognize:108 | 会话4b1381c3: 收到消息#359, type=chunk, format=pcm
2025-09-19 22:02:52.437 | DEBUG    | ws | ws_recognize:108 | 会话4b1381c3: 收到消息#360, type=chunk, format=pcm
2025-09-19 22:02:53.095 | DEBUG    | ws | ws_recognize:108 | 会话4b1381c3: 收到消息#361, type=chunk, format=pcm
2025-09-19 22:02:53.655 | DEBUG    | ws | ws_recognize:108 | 会话4b1381c3: 收到消息#362, type=chunk, format=pcm
2025-09-19 22:02:54.267 | DEBUG    | ws | ws_recognize:108 | 会话4b1381c3: 收到消息#363, type=chunk, format=pcm
2025-09-19 22:02:54.921 | DEBUG    | ws | ws_recognize:108 | 会话4b1381c3: 收到消息#364, type=chunk, format=pcm
2025-09-19 22:02:55.492 | DEBUG    | ws | ws_recognize:108 | 会话4b1381c3: 收到消息#365, type=chunk, format=pcm
2025-09-19 22:02:56.206 | DEBUG    | ws | ws_recognize:108 | 会话4b1381c3: 收到消息#366, type=chunk, format=pcm
2025-09-19 22:02:56.991 | DEBUG    | ws | ws_recognize:108 | 会话4b1381c3: 收到消息#367, type=chunk, format=pcm
2025-09-19 22:02:57.646 | DEBUG    | ws | ws_recognize:108 | 会话4b1381c3: 收到消息#368, type=chunk, format=pcm
2025-09-19 22:02:58.452 | DEBUG    | ws | ws_recognize:108 | 会话4b1381c3: 收到消息#369, type=chunk, format=pcm
2025-09-19 22:02:59.145 | DEBUG    | ws | ws_recognize:108 | 会话4b1381c3: 收到消息#370, type=chunk, format=pcm
2025-09-19 22:02:59.837 | DEBUG    | ws | ws_recognize:108 | 会话4b1381c3: 收到消息#371, type=ping, format=pcm
2025-09-19 22:02:59.837 | DEBUG    | ws | ws_recognize:108 | 会话4b1381c3: 收到消息#372, type=chunk, format=pcm
2025-09-19 22:03:00.361 | DEBUG    | ws | ws_recognize:108 | 会话4b1381c3: 收到消息#373, type=chunk, format=pcm
2025-09-19 22:03:01.421 | DEBUG    | ws | ws_recognize:108 | 会话4b1381c3: 收到消息#374, type=chunk, format=pcm
2025-09-19 22:03:02.277 | DEBUG    | ws | ws_recognize:108 | 会话4b1381c3: 收到消息#375, type=chunk, format=pcm
2025-09-19 22:03:03.592 | DEBUG    | ws | ws_recognize:108 | 会话4b1381c3: 收到消息#376, type=chunk, format=pcm
2025-09-19 22:03:04.166 | DEBUG    | ws | ws_recognize:108 | 会话4b1381c3: 收到消息#377, type=chunk, format=pcm
2025-09-19 22:03:04.712 | DEBUG    | ws | ws_recognize:108 | 会话4b1381c3: 收到消息#378, type=chunk, format=pcm
2025-09-19 22:03:05.353 | DEBUG    | ws | ws_recognize:108 | 会话4b1381c3: 收到消息#379, type=chunk, format=pcm
2025-09-19 22:03:05.914 | DEBUG    | ws | ws_recognize:108 | 会话4b1381c3: 收到消息#380, type=chunk, format=pcm
2025-09-19 22:03:06.484 | DEBUG    | ws | ws_recognize:108 | 会话4b1381c3: 收到消息#381, type=chunk, format=pcm
2025-09-19 22:03:07.020 | DEBUG    | ws | ws_recognize:108 | 会话4b1381c3: 收到消息#382, type=chunk, format=pcm
2025-09-19 22:03:07.607 | DEBUG    | ws | ws_recognize:108 | 会话4b1381c3: 收到消息#383, type=chunk, format=pcm
2025-09-19 22:03:08.144 | DEBUG    | ws | ws_recognize:108 | 会话4b1381c3: 收到消息#384, type=chunk, format=pcm
2025-09-19 22:03:08.713 | DEBUG    | ws | ws_recognize:108 | 会话4b1381c3: 收到消息#385, type=chunk, format=pcm
2025-09-19 22:03:09.238 | DEBUG    | ws | ws_recognize:108 | 会话4b1381c3: 收到消息#386, type=chunk, format=pcm
2025-09-19 22:03:10.098 | DEBUG    | ws | ws_recognize:108 | 会话4b1381c3: 收到消息#387, type=chunk, format=pcm
2025-09-19 22:03:10.646 | DEBUG    | ws | ws_recognize:108 | 会话4b1381c3: 收到消息#388, type=chunk, format=pcm
2025-09-19 22:03:11.177 | DEBUG    | ws | ws_recognize:108 | 会话4b1381c3: 收到消息#389, type=chunk, format=pcm
2025-09-19 22:03:11.744 | DEBUG    | ws | ws_recognize:108 | 会话4b1381c3: 收到消息#390, type=chunk, format=pcm
2025-09-19 22:03:12.314 | DEBUG    | ws | ws_recognize:108 | 会话4b1381c3: 收到消息#391, type=chunk, format=pcm
2025-09-19 22:03:12.853 | DEBUG    | ws | ws_recognize:108 | 会话4b1381c3: 收到消息#392, type=chunk, format=pcm
2025-09-19 22:03:13.457 | DEBUG    | ws | ws_recognize:108 | 会话4b1381c3: 收到消息#393, type=chunk, format=pcm
2025-09-19 22:03:14.374 | DEBUG    | ws | ws_recognize:108 | 会话4b1381c3: 收到消息#394, type=chunk, format=pcm
2025-09-19 22:03:14.974 | DEBUG    | ws | ws_recognize:108 | 会话4b1381c3: 收到消息#395, type=chunk, format=pcm
2025-09-19 22:03:15.548 | DEBUG    | ws | ws_recognize:108 | 会话4b1381c3: 收到消息#396, type=chunk, format=pcm
2025-09-19 22:03:16.374 | DEBUG    | ws | ws_recognize:108 | 会话4b1381c3: 收到消息#397, type=ping, format=pcm
2025-09-19 22:03:16.374 | DEBUG    | ws | ws_recognize:108 | 会话4b1381c3: 收到消息#398, type=chunk, format=pcm
2025-09-19 22:03:16.950 | DEBUG    | ws | ws_recognize:108 | 会话4b1381c3: 收到消息#399, type=chunk, format=pcm
2025-09-19 22:03:17.510 | DEBUG    | ws | ws_recognize:108 | 会话4b1381c3: 收到消息#400, type=chunk, format=pcm
2025-09-19 22:03:18.259 | DEBUG    | ws | ws_recognize:108 | 会话4b1381c3: 收到消息#401, type=chunk, format=pcm
2025-09-19 22:03:18.826 | DEBUG    | ws | ws_recognize:108 | 会话4b1381c3: 收到消息#402, type=chunk, format=pcm
2025-09-19 22:03:19.990 | DEBUG    | ws | ws_recognize:108 | 会话4b1381c3: 收到消息#403, type=chunk, format=pcm
2025-09-19 22:03:20.863 | DEBUG    | ws | ws_recognize:108 | 会话4b1381c3: 收到消息#404, type=chunk, format=pcm
2025-09-19 22:03:22.534 | DEBUG    | ws | ws_recognize:108 | 会话4b1381c3: 收到消息#405, type=chunk, format=pcm
2025-09-19 22:03:23.268 | DEBUG    | ws | ws_recognize:108 | 会话4b1381c3: 收到消息#406, type=chunk, format=pcm
2025-09-19 22:03:24.009 | DEBUG    | ws | ws_recognize:108 | 会话4b1381c3: 收到消息#407, type=chunk, format=pcm
2025-09-19 22:03:24.690 | DEBUG    | ws | ws_recognize:108 | 会话4b1381c3: 收到消息#408, type=chunk, format=pcm
2025-09-19 22:03:25.562 | DEBUG    | ws | ws_recognize:108 | 会话4b1381c3: 收到消息#409, type=chunk, format=pcm
2025-09-19 22:03:26.101 | DEBUG    | ws | ws_recognize:108 | 会话4b1381c3: 收到消息#410, type=chunk, format=pcm
2025-09-19 22:03:26.683 | DEBUG    | ws | ws_recognize:108 | 会话4b1381c3: 收到消息#411, type=chunk, format=pcm
2025-09-19 22:03:27.410 | DEBUG    | ws | ws_recognize:108 | 会话4b1381c3: 收到消息#412, type=chunk, format=pcm
2025-09-19 22:03:28.406 | DEBUG    | ws | ws_recognize:108 | 会话4b1381c3: 收到消息#413, type=chunk, format=pcm
2025-09-19 22:03:29.010 | DEBUG    | ws | ws_recognize:108 | 会话4b1381c3: 收到消息#414, type=chunk, format=pcm
2025-09-19 22:03:29.845 | DEBUG    | ws | ws_recognize:108 | 会话4b1381c3: 收到消息#415, type=chunk, format=pcm
2025-09-19 22:03:30.575 | DEBUG    | ws | ws_recognize:108 | 会话4b1381c3: 收到消息#416, type=chunk, format=pcm
2025-09-19 22:03:31.186 | DEBUG    | ws | ws_recognize:108 | 会话4b1381c3: 收到消息#417, type=chunk, format=pcm
2025-09-19 22:03:32.559 | DEBUG    | ws | ws_recognize:108 | 会话4b1381c3: 收到消息#418, type=chunk, format=pcm
2025-09-19 22:03:33.117 | DEBUG    | ws | ws_recognize:108 | 会话4b1381c3: 收到消息#419, type=chunk, format=pcm
2025-09-19 22:03:34.075 | DEBUG    | ws | ws_recognize:108 | 会话4b1381c3: 收到消息#420, type=chunk, format=pcm
2025-09-19 22:03:35.067 | DEBUG    | ws | ws_recognize:108 | 会话4b1381c3: 收到消息#421, type=chunk, format=pcm
2025-09-19 22:03:35.787 | DEBUG    | ws | ws_recognize:108 | 会话4b1381c3: 收到消息#422, type=ping, format=pcm
2025-09-19 22:03:35.788 | DEBUG    | ws | ws_recognize:108 | 会话4b1381c3: 收到消息#423, type=chunk, format=pcm
2025-09-19 22:03:36.336 | DEBUG    | ws | ws_recognize:108 | 会话4b1381c3: 收到消息#424, type=chunk, format=pcm
2025-09-19 22:03:37.044 | DEBUG    | ws | ws_recognize:108 | 会话4b1381c3: 收到消息#425, type=chunk, format=pcm
2025-09-19 22:03:38.339 | DEBUG    | ws | ws_recognize:108 | 会话4b1381c3: 收到消息#426, type=chunk, format=pcm
2025-09-19 22:03:39.680 | DEBUG    | ws | ws_recognize:108 | 会话4b1381c3: 收到消息#427, type=chunk, format=pcm
2025-09-19 22:03:40.918 | DEBUG    | ws | ws_recognize:108 | 会话4b1381c3: 收到消息#428, type=chunk, format=pcm
2025-09-19 22:03:41.922 | DEBUG    | ws | ws_recognize:108 | 会话4b1381c3: 收到消息#429, type=chunk, format=pcm
2025-09-19 22:03:42.510 | DEBUG    | ws | ws_recognize:108 | 会话4b1381c3: 收到消息#430, type=chunk, format=pcm
2025-09-19 22:03:43.625 | DEBUG    | ws | ws_recognize:108 | 会话4b1381c3: 收到消息#431, type=chunk, format=pcm
2025-09-19 22:03:44.295 | DEBUG    | ws | ws_recognize:108 | 会话4b1381c3: 收到消息#432, type=chunk, format=pcm
2025-09-19 22:03:45.097 | DEBUG    | ws | ws_recognize:108 | 会话4b1381c3: 收到消息#433, type=chunk, format=pcm
2025-09-19 22:03:46.077 | DEBUG    | ws | ws_recognize:108 | 会话4b1381c3: 收到消息#434, type=chunk, format=pcm
2025-09-19 22:03:46.653 | DEBUG    | ws | ws_recognize:108 | 会话4b1381c3: 收到消息#435, type=chunk, format=pcm
2025-09-19 22:03:47.216 | DEBUG    | ws | ws_recognize:108 | 会话4b1381c3: 收到消息#436, type=chunk, format=pcm
2025-09-19 22:03:47.794 | DEBUG    | ws | ws_recognize:108 | 会话4b1381c3: 收到消息#437, type=chunk, format=pcm
2025-09-19 22:03:48.472 | DEBUG    | ws | ws_recognize:108 | 会话4b1381c3: 收到消息#438, type=chunk, format=pcm
2025-09-19 22:03:49.080 | DEBUG    | ws | ws_recognize:108 | 会话4b1381c3: 收到消息#439, type=chunk, format=pcm
2025-09-19 22:03:49.822 | DEBUG    | ws | ws_recognize:108 | 会话4b1381c3: 收到消息#440, type=chunk, format=pcm
2025-09-19 22:03:50.562 | DEBUG    | ws | ws_recognize:108 | 会话4b1381c3: 收到消息#441, type=chunk, format=pcm
2025-09-19 22:03:51.367 | DEBUG    | ws | ws_recognize:108 | 会话4b1381c3: 收到消息#442, type=chunk, format=pcm
2025-09-19 22:03:52.167 | DEBUG    | ws | ws_recognize:108 | 会话4b1381c3: 收到消息#443, type=chunk, format=pcm
2025-09-19 22:03:52.760 | DEBUG    | ws | ws_recognize:108 | 会话4b1381c3: 收到消息#444, type=chunk, format=pcm
2025-09-19 22:03:53.344 | DEBUG    | ws | ws_recognize:108 | 会话4b1381c3: 收到消息#445, type=chunk, format=pcm
2025-09-19 22:03:54.043 | DEBUG    | ws | ws_recognize:108 | 会话4b1381c3: 收到消息#446, type=chunk, format=pcm
2025-09-19 22:03:54.854 | DEBUG    | ws | ws_recognize:108 | 会话4b1381c3: 收到消息#447, type=chunk, format=pcm
2025-09-19 22:03:55.414 | DEBUG    | ws | ws_recognize:108 | 会话4b1381c3: 收到消息#448, type=chunk, format=pcm
2025-09-19 22:03:55.963 | DEBUG    | ws | ws_recognize:108 | 会话4b1381c3: 收到消息#449, type=chunk, format=pcm
2025-09-19 22:03:56.864 | DEBUG    | ws | ws_recognize:108 | 会话4b1381c3: 收到消息#450, type=chunk, format=pcm
2025-09-19 22:03:57.441 | DEBUG    | ws | ws_recognize:108 | 会话4b1381c3: 收到消息#451, type=chunk, format=pcm
2025-09-19 22:03:58.045 | DEBUG    | ws | ws_recognize:108 | 会话4b1381c3: 收到消息#452, type=chunk, format=pcm
2025-09-19 22:03:58.635 | DEBUG    | ws | ws_recognize:108 | 会话4b1381c3: 收到消息#453, type=chunk, format=pcm
2025-09-19 22:03:59.229 | DEBUG    | ws | ws_recognize:108 | 会话4b1381c3: 收到消息#454, type=chunk, format=pcm
2025-09-19 22:03:59.888 | DEBUG    | ws | ws_recognize:108 | 会话4b1381c3: 收到消息#455, type=chunk, format=pcm
2025-09-19 22:04:00.642 | DEBUG    | ws | ws_recognize:108 | 会话4b1381c3: 收到消息#456, type=end, format=pcm
2025-09-19 22:04:00.642 | INFO     | ws | ws_recognize:131 | 会话4b1381c3: 结束实时识别，处理最终结果
2025-09-19 22:04:00.643 | INFO     | ws | ws_recognize:177 | 会话4b1381c3: 发送最终句子#1: '连接测试特朗普正在国事访问英国，他与英国首相出席记者会。', segment_id=4b1381c3-1
2025-09-19 22:04:00.703 | INFO     | ws | ws_recognize:200 | 会话4b1381c3: 结束统计 - 消息:456, 音频块:442, 实时:22, 最终:1
2025-09-19 22:04:00.755 | INFO     | ws | ws_recognize:336 | 会话4b1381c3: WebSocket连接关闭
2025-09-19 22:04:02.440 | INFO     | ws | ws_recognize:22 | 会话开始: 4eee4867
2025-09-19 22:04:13.300 | DEBUG    | ws | ws_recognize:108 | 会话4eee4867: 收到消息#1, type=ping, format=pcm
2025-09-19 22:04:23.316 | DEBUG    | ws | ws_recognize:108 | 会话4eee4867: 收到消息#2, type=ping, format=pcm
2025-09-19 22:04:33.301 | DEBUG    | ws | ws_recognize:108 | 会话4eee4867: 收到消息#3, type=ping, format=pcm
2025-09-19 22:04:43.300 | DEBUG    | ws | ws_recognize:108 | 会话4eee4867: 收到消息#4, type=ping, format=pcm
2025-09-19 22:04:53.292 | DEBUG    | ws | ws_recognize:108 | 会话4eee4867: 收到消息#5, type=ping, format=pcm
2025-09-19 22:05:03.301 | DEBUG    | ws | ws_recognize:108 | 会话4eee4867: 收到消息#6, type=ping, format=pcm
2025-09-19 22:05:13.293 | DEBUG    | ws | ws_recognize:108 | 会话4eee4867: 收到消息#7, type=ping, format=pcm
2025-09-19 22:05:23.288 | DEBUG    | ws | ws_recognize:108 | 会话4eee4867: 收到消息#8, type=ping, format=pcm
2025-09-19 22:05:33.300 | DEBUG    | ws | ws_recognize:108 | 会话4eee4867: 收到消息#9, type=ping, format=pcm
2025-09-19 22:05:43.293 | DEBUG    | ws | ws_recognize:108 | 会话4eee4867: 收到消息#10, type=ping, format=pcm
2025-09-19 22:05:53.294 | DEBUG    | ws | ws_recognize:108 | 会话4eee4867: 收到消息#11, type=ping, format=pcm
2025-09-19 22:06:03.291 | DEBUG    | ws | ws_recognize:108 | 会话4eee4867: 收到消息#12, type=ping, format=pcm
2025-09-19 22:06:13.293 | DEBUG    | ws | ws_recognize:108 | 会话4eee4867: 收到消息#13, type=ping, format=pcm
2025-09-19 22:06:23.301 | DEBUG    | ws | ws_recognize:108 | 会话4eee4867: 收到消息#14, type=ping, format=pcm
2025-09-19 22:06:33.296 | DEBUG    | ws | ws_recognize:108 | 会话4eee4867: 收到消息#15, type=ping, format=pcm
2025-09-19 22:06:43.302 | DEBUG    | ws | ws_recognize:108 | 会话4eee4867: 收到消息#16, type=ping, format=pcm
2025-09-19 22:06:53.300 | DEBUG    | ws | ws_recognize:108 | 会话4eee4867: 收到消息#17, type=ping, format=pcm
2025-09-19 22:07:03.295 | DEBUG    | ws | ws_recognize:108 | 会话4eee4867: 收到消息#18, type=ping, format=pcm
2025-09-19 22:07:13.301 | DEBUG    | ws | ws_recognize:108 | 会话4eee4867: 收到消息#19, type=ping, format=pcm
2025-09-19 22:07:23.297 | DEBUG    | ws | ws_recognize:108 | 会话4eee4867: 收到消息#20, type=ping, format=pcm
2025-09-19 22:07:33.313 | DEBUG    | ws | ws_recognize:108 | 会话4eee4867: 收到消息#21, type=ping, format=pcm
2025-09-19 22:07:43.301 | DEBUG    | ws | ws_recognize:108 | 会话4eee4867: 收到消息#22, type=ping, format=pcm
2025-09-19 22:09:17.889 | INFO     | ws | ws_recognize:43 | 会话开始: 8245d1ab
2025-09-19 22:09:18.880 | DEBUG    | ws | ws_recognize:134 | 会话8245d1ab: 收到消息#1, type=start, format=pcm
2025-09-19 22:09:18.880 | INFO     | ws | ws_recognize:137 | 会话8245d1ab: 开始实时识别
2025-09-19 22:09:18.881 | DEBUG    | ws | ws_recognize:151 | 会话8245d1ab: 发送started消息
2025-09-19 22:09:19.116 | DEBUG    | ws | ws_recognize:134 | 会话8245d1ab: 收到消息#2, type=chunk, format=pcm
2025-09-19 22:09:19.375 | DEBUG    | ws | ws_recognize:134 | 会话8245d1ab: 收到消息#3, type=chunk, format=pcm
2025-09-19 22:09:19.636 | DEBUG    | ws | ws_recognize:134 | 会话8245d1ab: 收到消息#4, type=chunk, format=pcm
2025-09-19 22:09:19.897 | DEBUG    | ws | ws_recognize:134 | 会话8245d1ab: 收到消息#5, type=chunk, format=pcm
2025-09-19 22:09:20.156 | DEBUG    | ws | ws_recognize:134 | 会话8245d1ab: 收到消息#6, type=chunk, format=pcm
2025-09-19 22:09:20.406 | DEBUG    | ws | ws_recognize:134 | 会话8245d1ab: 收到消息#7, type=chunk, format=pcm
2025-09-19 22:09:20.665 | DEBUG    | ws | ws_recognize:134 | 会话8245d1ab: 收到消息#8, type=chunk, format=pcm
2025-09-19 22:09:20.916 | DEBUG    | ws | ws_recognize:134 | 会话8245d1ab: 收到消息#9, type=chunk, format=pcm
2025-09-19 22:09:21.176 | DEBUG    | ws | ws_recognize:134 | 会话8245d1ab: 收到消息#10, type=chunk, format=pcm
2025-09-19 22:09:21.437 | DEBUG    | ws | ws_recognize:134 | 会话8245d1ab: 收到消息#11, type=chunk, format=pcm
2025-09-19 22:09:21.685 | DEBUG    | ws | ws_recognize:134 | 会话8245d1ab: 收到消息#12, type=chunk, format=pcm
2025-09-19 22:09:21.946 | DEBUG    | ws | ws_recognize:134 | 会话8245d1ab: 收到消息#13, type=chunk, format=pcm
2025-09-19 22:09:22.195 | DEBUG    | ws | ws_recognize:134 | 会话8245d1ab: 收到消息#14, type=chunk, format=pcm
2025-09-19 22:09:22.456 | DEBUG    | ws | ws_recognize:134 | 会话8245d1ab: 收到消息#15, type=chunk, format=pcm
2025-09-19 22:09:22.715 | DEBUG    | ws | ws_recognize:134 | 会话8245d1ab: 收到消息#16, type=chunk, format=pcm
2025-09-19 22:09:22.965 | DEBUG    | ws | ws_recognize:134 | 会话8245d1ab: 收到消息#17, type=chunk, format=pcm
2025-09-19 22:09:23.225 | DEBUG    | ws | ws_recognize:134 | 会话8245d1ab: 收到消息#18, type=chunk, format=pcm
2025-09-19 22:09:23.475 | DEBUG    | ws | ws_recognize:134 | 会话8245d1ab: 收到消息#19, type=chunk, format=pcm
2025-09-19 22:09:23.742 | DEBUG    | ws | ws_recognize:134 | 会话8245d1ab: 收到消息#20, type=chunk, format=pcm
2025-09-19 22:09:23.996 | DEBUG    | ws | ws_recognize:134 | 会话8245d1ab: 收到消息#21, type=chunk, format=pcm
2025-09-19 22:09:24.246 | DEBUG    | ws | ws_recognize:134 | 会话8245d1ab: 收到消息#22, type=chunk, format=pcm
2025-09-19 22:09:24.506 | DEBUG    | ws | ws_recognize:134 | 会话8245d1ab: 收到消息#23, type=chunk, format=pcm
2025-09-19 22:09:24.756 | DEBUG    | ws | ws_recognize:134 | 会话8245d1ab: 收到消息#24, type=chunk, format=pcm
2025-09-19 22:09:25.018 | DEBUG    | ws | ws_recognize:134 | 会话8245d1ab: 收到消息#25, type=chunk, format=pcm
2025-09-19 22:09:25.276 | DEBUG    | ws | ws_recognize:134 | 会话8245d1ab: 收到消息#26, type=chunk, format=pcm
2025-09-19 22:09:25.526 | DEBUG    | ws | ws_recognize:134 | 会话8245d1ab: 收到消息#27, type=chunk, format=pcm
2025-09-19 22:09:25.786 | DEBUG    | ws | ws_recognize:134 | 会话8245d1ab: 收到消息#28, type=chunk, format=pcm
2025-09-19 22:09:26.038 | DEBUG    | ws | ws_recognize:134 | 会话8245d1ab: 收到消息#29, type=chunk, format=pcm
2025-09-19 22:09:26.302 | DEBUG    | ws | ws_recognize:134 | 会话8245d1ab: 收到消息#30, type=chunk, format=pcm
2025-09-19 22:09:26.562 | DEBUG    | ws | ws_recognize:134 | 会话8245d1ab: 收到消息#31, type=chunk, format=pcm
2025-09-19 22:09:26.811 | DEBUG    | ws | ws_recognize:134 | 会话8245d1ab: 收到消息#32, type=chunk, format=pcm
2025-09-19 22:09:27.069 | DEBUG    | ws | ws_recognize:134 | 会话8245d1ab: 收到消息#33, type=chunk, format=pcm
2025-09-19 22:09:27.321 | DEBUG    | ws | ws_recognize:134 | 会话8245d1ab: 收到消息#34, type=chunk, format=pcm
2025-09-19 22:09:27.581 | DEBUG    | ws | ws_recognize:134 | 会话8245d1ab: 收到消息#35, type=chunk, format=pcm
2025-09-19 22:09:27.841 | DEBUG    | ws | ws_recognize:134 | 会话8245d1ab: 收到消息#36, type=chunk, format=pcm
2025-09-19 22:09:28.007 | DEBUG    | ws | ws_recognize:134 | 会话8245d1ab: 收到消息#37, type=ping, format=pcm
2025-09-19 22:09:28.091 | DEBUG    | ws | ws_recognize:134 | 会话8245d1ab: 收到消息#38, type=chunk, format=pcm
2025-09-19 22:09:28.351 | DEBUG    | ws | ws_recognize:134 | 会话8245d1ab: 收到消息#39, type=chunk, format=pcm
2025-09-19 22:09:28.601 | DEBUG    | ws | ws_recognize:134 | 会话8245d1ab: 收到消息#40, type=chunk, format=pcm
2025-09-19 22:09:28.860 | DEBUG    | ws | ws_recognize:134 | 会话8245d1ab: 收到消息#41, type=chunk, format=pcm
2025-09-19 22:09:29.115 | DEBUG    | ws | ws_recognize:134 | 会话8245d1ab: 收到消息#42, type=chunk, format=pcm
2025-09-19 22:09:29.371 | DEBUG    | ws | ws_recognize:134 | 会话8245d1ab: 收到消息#43, type=chunk, format=pcm
2025-09-19 22:09:29.625 | DEBUG    | ws | ws_recognize:134 | 会话8245d1ab: 收到消息#44, type=chunk, format=pcm
2025-09-19 22:09:29.876 | DEBUG    | ws | ws_recognize:134 | 会话8245d1ab: 收到消息#45, type=chunk, format=pcm
2025-09-19 22:09:30.141 | DEBUG    | ws | ws_recognize:134 | 会话8245d1ab: 收到消息#46, type=chunk, format=pcm
2025-09-19 22:09:30.395 | DEBUG    | ws | ws_recognize:134 | 会话8245d1ab: 收到消息#47, type=chunk, format=pcm
2025-09-19 22:09:30.651 | DEBUG    | ws | ws_recognize:134 | 会话8245d1ab: 收到消息#48, type=chunk, format=pcm
2025-09-19 22:09:30.906 | DEBUG    | ws | ws_recognize:134 | 会话8245d1ab: 收到消息#49, type=chunk, format=pcm
2025-09-19 22:09:31.155 | DEBUG    | ws | ws_recognize:134 | 会话8245d1ab: 收到消息#50, type=chunk, format=pcm
2025-09-19 22:09:31.416 | DEBUG    | ws | ws_recognize:134 | 会话8245d1ab: 收到消息#51, type=chunk, format=pcm
2025-09-19 22:09:31.889 | DEBUG    | ws | ws_recognize:328 | 会话8245d1ab: 发送实时结果#1: '特朗普。' (置信度: 0.850)
2025-09-19 22:09:31.889 | DEBUG    | ws | ws_recognize:134 | 会话8245d1ab: 收到消息#52, type=chunk, format=pcm
2025-09-19 22:09:32.242 | DEBUG    | ws | ws_recognize:134 | 会话8245d1ab: 收到消息#53, type=chunk, format=pcm
2025-09-19 22:09:32.627 | DEBUG    | ws | ws_recognize:134 | 会话8245d1ab: 收到消息#54, type=chunk, format=pcm
2025-09-19 22:09:33.005 | DEBUG    | ws | ws_recognize:328 | 会话8245d1ab: 发送实时结果#2: '特朗普真。' (置信度: 0.850)
2025-09-19 22:09:33.006 | DEBUG    | ws | ws_recognize:134 | 会话8245d1ab: 收到消息#55, type=chunk, format=pcm
2025-09-19 22:09:33.353 | DEBUG    | ws | ws_recognize:328 | 会话8245d1ab: 发送实时结果#3: '特朗普。' (置信度: 0.850)
2025-09-19 22:09:33.353 | DEBUG    | ws | ws_recognize:134 | 会话8245d1ab: 收到消息#56, type=chunk, format=pcm
2025-09-19 22:09:33.675 | DEBUG    | ws | ws_recognize:134 | 会话8245d1ab: 收到消息#57, type=chunk, format=pcm
2025-09-19 22:09:33.997 | DEBUG    | ws | ws_recognize:134 | 会话8245d1ab: 收到消息#58, type=chunk, format=pcm
2025-09-19 22:09:34.535 | DEBUG    | ws | ws_recognize:134 | 会话8245d1ab: 收到消息#59, type=chunk, format=pcm
2025-09-19 22:09:34.963 | DEBUG    | ws | ws_recognize:328 | 会话8245d1ab: 发送实时结果#4: '特朗普陈文，你。' (置信度: 0.850)
2025-09-19 22:09:34.964 | DEBUG    | ws | ws_recognize:134 | 会话8245d1ab: 收到消息#60, type=chunk, format=pcm
2025-09-19 22:09:35.311 | DEBUG    | ws | ws_recognize:328 | 会话8245d1ab: 发送实时结果#5: '特朗普看我英国。' (置信度: 0.850)
2025-09-19 22:09:35.311 | DEBUG    | ws | ws_recognize:134 | 会话8245d1ab: 收到消息#61, type=chunk, format=pcm
2025-09-19 22:09:35.622 | DEBUG    | ws | ws_recognize:328 | 会话8245d1ab: 发送实时结果#6: '特朗普刚问英国。' (置信度: 0.850)
2025-09-19 22:09:35.622 | DEBUG    | ws | ws_recognize:134 | 会话8245d1ab: 收到消息#62, type=chunk, format=pcm
2025-09-19 22:09:36.007 | DEBUG    | ws | ws_recognize:328 | 会话8245d1ab: 发送实时结果#7: '特朗普常问英国。' (置信度: 0.850)
2025-09-19 22:09:36.007 | DEBUG    | ws | ws_recognize:134 | 会话8245d1ab: 收到消息#63, type=chunk, format=pcm
2025-09-19 22:09:36.397 | DEBUG    | ws | ws_recognize:328 | 会话8245d1ab: 发送实时结果#8: '特朗普曾问英国。' (置信度: 0.850)
2025-09-19 22:09:36.397 | DEBUG    | ws | ws_recognize:134 | 会话8245d1ab: 收到消息#64, type=chunk, format=pcm
2025-09-19 22:09:36.804 | DEBUG    | ws | ws_recognize:328 | 会话8245d1ab: 发送实时结果#9: '特朗普刚问英国。' (置信度: 0.850)
2025-09-19 22:09:36.805 | DEBUG    | ws | ws_recognize:134 | 会话8245d1ab: 收到消息#65, type=chunk, format=pcm
2025-09-19 22:09:37.204 | DEBUG    | ws | ws_recognize:328 | 会话8245d1ab: 发送实时结果#10: '特朗普曾问英国。' (置信度: 0.850)
2025-09-19 22:09:37.205 | DEBUG    | ws | ws_recognize:134 | 会话8245d1ab: 收到消息#66, type=chunk, format=pcm
2025-09-19 22:09:37.583 | DEBUG    | ws | ws_recognize:328 | 会话8245d1ab: 发送实时结果#11: '特朗普刚问英国。' (置信度: 0.850)
2025-09-19 22:09:37.583 | DEBUG    | ws | ws_recognize:134 | 会话8245d1ab: 收到消息#67, type=chunk, format=pcm
2025-09-19 22:09:37.965 | DEBUG    | ws | ws_recognize:134 | 会话8245d1ab: 收到消息#68, type=chunk, format=pcm
2025-09-19 22:09:38.314 | DEBUG    | ws | ws_recognize:134 | 会话8245d1ab: 收到消息#69, type=chunk, format=pcm
2025-09-19 22:09:38.949 | DEBUG    | ws | ws_recognize:328 | 会话8245d1ab: 发送实时结果#12: '特朗普刚问英国碳语音。' (置信度: 0.850)
2025-09-19 22:09:38.952 | DEBUG    | ws | ws_recognize:134 | 会话8245d1ab: 收到消息#70, type=chunk, format=pcm
2025-09-19 22:09:39.404 | DEBUG    | ws | ws_recognize:328 | 会话8245d1ab: 发送实时结果#13: '特朗普刚问英国，他与英国是。' (置信度: 0.850)
2025-09-19 22:09:39.404 | DEBUG    | ws | ws_recognize:134 | 会话8245d1ab: 收到消息#71, type=chunk, format=pcm
2025-09-19 22:09:39.810 | DEBUG    | ws | ws_recognize:328 | 会话8245d1ab: 发送实时结果#14: '特朗普刚问英国，他与英国首相。' (置信度: 0.850)
2025-09-19 22:09:39.811 | DEBUG    | ws | ws_recognize:134 | 会话8245d1ab: 收到消息#72, type=chunk, format=pcm
2025-09-19 22:09:40.268 | DEBUG    | ws | ws_recognize:134 | 会话8245d1ab: 收到消息#73, type=chunk, format=pcm
2025-09-19 22:09:40.673 | DEBUG    | ws | ws_recognize:328 | 会话8245d1ab: 发送实时结果#15: '特朗普曾问英国，他与英国首相是。' (置信度: 0.850)
2025-09-19 22:09:40.673 | DEBUG    | ws | ws_recognize:134 | 会话8245d1ab: 收到消息#74, type=chunk, format=pcm
2025-09-19 22:09:41.223 | DEBUG    | ws | ws_recognize:328 | 会话8245d1ab: 发送实时结果#16: '特朗普刚问英国，他与英国首相斯莱姆。' (置信度: 0.850)
2025-09-19 22:09:41.223 | DEBUG    | ws | ws_recognize:134 | 会话8245d1ab: 收到消息#75, type=chunk, format=pcm
2025-09-19 22:09:41.791 | DEBUG    | ws | ws_recognize:328 | 会话8245d1ab: 发送实时结果#17: '特朗普刚问英国，他与英国首相斯兰曼尼。' (置信度: 0.850)
2025-09-19 22:09:41.791 | DEBUG    | ws | ws_recognize:134 | 会话8245d1ab: 收到消息#76, type=chunk, format=pcm
2025-09-19 22:09:42.280 | DEBUG    | ws | ws_recognize:134 | 会话8245d1ab: 收到消息#77, type=ping, format=pcm
2025-09-19 22:09:42.280 | DEBUG    | ws | ws_recognize:134 | 会话8245d1ab: 收到消息#78, type=chunk, format=pcm
2025-09-19 22:09:42.987 | DEBUG    | ws | ws_recognize:134 | 会话8245d1ab: 收到消息#79, type=chunk, format=pcm
2025-09-19 22:09:43.693 | DEBUG    | ws | ws_recognize:328 | 会话8245d1ab: 发送实时结果#18: '特朗普曾问英国，他与英国首相斯兰曼尼。' (置信度: 0.850)
2025-09-19 22:09:43.693 | DEBUG    | ws | ws_recognize:134 | 会话8245d1ab: 收到消息#80, type=chunk, format=pcm
2025-09-19 22:09:44.241 | DEBUG    | ws | ws_recognize:134 | 会话8245d1ab: 收到消息#81, type=chunk, format=pcm
2025-09-19 22:09:44.760 | DEBUG    | ws | ws_recognize:328 | 会话8245d1ab: 发送实时结果#19: '特朗普刚问英国，他与英国首相斯兰曼尼。' (置信度: 0.850)
2025-09-19 22:09:44.760 | DEBUG    | ws | ws_recognize:134 | 会话8245d1ab: 收到消息#82, type=chunk, format=pcm
2025-09-19 22:09:45.267 | DEBUG    | ws | ws_recognize:134 | 会话8245d1ab: 收到消息#83, type=chunk, format=pcm
2025-09-19 22:09:45.854 | DEBUG    | ws | ws_recognize:134 | 会话8245d1ab: 收到消息#84, type=chunk, format=pcm
2025-09-19 22:09:46.375 | DEBUG    | ws | ws_recognize:134 | 会话8245d1ab: 收到消息#85, type=chunk, format=pcm
2025-09-19 22:09:47.003 | DEBUG    | ws | ws_recognize:134 | 会话8245d1ab: 收到消息#86, type=chunk, format=pcm
2025-09-19 22:09:47.521 | DEBUG    | ws | ws_recognize:328 | 会话8245d1ab: 发送实时结果#20: '特朗普刚问英国，他与英国首相斯兰曼尼出去。' (置信度: 0.850)
2025-09-19 22:09:47.522 | DEBUG    | ws | ws_recognize:134 | 会话8245d1ab: 收到消息#87, type=chunk, format=pcm
2025-09-19 22:09:48.131 | DEBUG    | ws | ws_recognize:328 | 会话8245d1ab: 发送实时结果#21: '特朗普刚问英国，他与英国首相斯兰曼尼出去了。' (置信度: 0.850)
2025-09-19 22:09:48.131 | DEBUG    | ws | ws_recognize:134 | 会话8245d1ab: 收到消息#88, type=chunk, format=pcm
2025-09-19 22:09:48.607 | DEBUG    | ws | ws_recognize:328 | 会话8245d1ab: 发送实时结果#22: '特朗普刚问英国，他与英国首相斯兰曼尼出现拉铃。' (置信度: 0.850)
2025-09-19 22:09:48.607 | DEBUG    | ws | ws_recognize:134 | 会话8245d1ab: 收到消息#89, type=chunk, format=pcm
2025-09-19 22:09:49.167 | DEBUG    | ws | ws_recognize:328 | 会话8245d1ab: 发送实时结果#23: '特朗普刚问英国，他与英国首相斯兰曼尼出现了离合器。' (置信度: 0.850)
2025-09-19 22:09:49.167 | DEBUG    | ws | ws_recognize:134 | 会话8245d1ab: 收到消息#90, type=chunk, format=pcm
2025-09-19 22:09:49.689 | DEBUG    | ws | ws_recognize:328 | 会话8245d1ab: 发送实时结果#24: '特朗普刚问英国，他与英国首相斯兰曼尼出席老联合记者。' (置信度: 0.850)
2025-09-19 22:09:49.690 | DEBUG    | ws | ws_recognize:134 | 会话8245d1ab: 收到消息#91, type=chunk, format=pcm
2025-09-19 22:09:50.300 | DEBUG    | ws | ws_recognize:328 | 会话8245d1ab: 发送实时结果#25: '特朗普刚问英国，他与英国首相斯兰曼尼出席老年和记者会。' (置信度: 0.850)
2025-09-19 22:09:50.300 | DEBUG    | ws | ws_recognize:134 | 会话8245d1ab: 收到消息#92, type=chunk, format=pcm
2025-09-19 22:09:50.815 | DEBUG    | ws | ws_recognize:134 | 会话8245d1ab: 收到消息#93, type=chunk, format=pcm
2025-09-19 22:09:51.615 | DEBUG    | ws | ws_recognize:328 | 会话8245d1ab: 发送实时结果#26: '特朗普曾问英国，他与英国首相斯兰曼尼出席老年和记者会。' (置信度: 0.850)
2025-09-19 22:09:51.615 | DEBUG    | ws | ws_recognize:134 | 会话8245d1ab: 收到消息#94, type=chunk, format=pcm
2025-09-19 22:09:52.145 | DEBUG    | ws | ws_recognize:328 | 会话8245d1ab: 发送实时结果#27: '特朗普刚问英国，他与英国首相斯兰曼尼出席老年和记者会。' (置信度: 0.850)
2025-09-19 22:09:52.145 | DEBUG    | ws | ws_recognize:134 | 会话8245d1ab: 收到消息#95, type=chunk, format=pcm
2025-09-19 22:09:52.708 | DEBUG    | ws | ws_recognize:328 | 会话8245d1ab: 发送实时结果#28: '特朗普曾问英国，他与英国首相斯兰曼尼出席老年和记者会。' (置信度: 0.850)
2025-09-19 22:09:52.709 | DEBUG    | ws | ws_recognize:134 | 会话8245d1ab: 收到消息#96, type=chunk, format=pcm
2025-09-19 22:09:53.221 | DEBUG    | ws | ws_recognize:328 | 会话8245d1ab: 发送实时结果#29: '特朗普刚问英国，他与英国首相斯兰曼尼出席老年和记者会。' (置信度: 0.850)
2025-09-19 22:09:53.221 | DEBUG    | ws | ws_recognize:134 | 会话8245d1ab: 收到消息#97, type=chunk, format=pcm
2025-09-19 22:09:53.777 | DEBUG    | ws | ws_recognize:134 | 会话8245d1ab: 收到消息#98, type=chunk, format=pcm
2025-09-19 22:09:54.363 | DEBUG    | ws | ws_recognize:134 | 会话8245d1ab: 收到消息#99, type=chunk, format=pcm
2025-09-19 22:09:54.854 | DEBUG    | ws | ws_recognize:328 | 会话8245d1ab: 发送实时结果#30: '特朗普曾问英国，他与英国首相斯兰曼尼出席老年和记者会。' (置信度: 0.850)
2025-09-19 22:09:54.854 | DEBUG    | ws | ws_recognize:134 | 会话8245d1ab: 收到消息#100, type=chunk, format=pcm
2025-09-19 22:09:55.419 | DEBUG    | ws | ws_recognize:328 | 会话8245d1ab: 发送实时结果#31: '特朗普刚问英国，他与英国首相斯兰曼尼出席老年和记者会。' (置信度: 0.850)
2025-09-19 22:09:55.420 | DEBUG    | ws | ws_recognize:134 | 会话8245d1ab: 收到消息#101, type=chunk, format=pcm
2025-09-19 22:09:55.966 | DEBUG    | ws | ws_recognize:134 | 会话8245d1ab: 收到消息#102, type=chunk, format=pcm
2025-09-19 22:09:56.660 | DEBUG    | ws | ws_recognize:134 | 会话8245d1ab: 收到消息#103, type=chunk, format=pcm
2025-09-19 22:09:57.147 | DEBUG    | ws | ws_recognize:134 | 会话8245d1ab: 收到消息#104, type=chunk, format=pcm
2025-09-19 22:09:57.647 | DEBUG    | ws | ws_recognize:134 | 会话8245d1ab: 收到消息#105, type=chunk, format=pcm
2025-09-19 22:09:58.141 | DEBUG    | ws | ws_recognize:134 | 会话8245d1ab: 收到消息#106, type=chunk, format=pcm
2025-09-19 22:09:58.677 | DEBUG    | ws | ws_recognize:134 | 会话8245d1ab: 收到消息#107, type=chunk, format=pcm
2025-09-19 22:09:59.330 | DEBUG    | ws | ws_recognize:134 | 会话8245d1ab: 收到消息#108, type=chunk, format=pcm
2025-09-19 22:10:00.171 | DEBUG    | ws | ws_recognize:328 | 会话8245d1ab: 发送实时结果#32: '特朗普曾问英国，他与英国首相斯兰曼尼出席老年和记者会。' (置信度: 0.850)
2025-09-19 22:10:00.171 | DEBUG    | ws | ws_recognize:134 | 会话8245d1ab: 收到消息#109, type=chunk, format=pcm
2025-09-19 22:10:00.790 | DEBUG    | ws | ws_recognize:328 | 会话8245d1ab: 发送实时结果#33: '特朗普刚问英国，他与英国首相斯兰曼尼出席老年和记者会。' (置信度: 0.850)
2025-09-19 22:10:00.791 | DEBUG    | ws | ws_recognize:134 | 会话8245d1ab: 收到消息#110, type=chunk, format=pcm
2025-09-19 22:10:01.371 | DEBUG    | ws | ws_recognize:134 | 会话8245d1ab: 收到消息#111, type=chunk, format=pcm
2025-09-19 22:10:02.094 | DEBUG    | ws | ws_recognize:134 | 会话8245d1ab: 收到消息#112, type=chunk, format=pcm
2025-09-19 22:10:03.421 | DEBUG    | ws | ws_recognize:134 | 会话8245d1ab: 收到消息#113, type=chunk, format=pcm
2025-09-19 22:10:04.317 | DEBUG    | ws | ws_recognize:134 | 会话8245d1ab: 收到消息#114, type=chunk, format=pcm
2025-09-19 22:10:04.967 | DEBUG    | ws | ws_recognize:134 | 会话8245d1ab: 收到消息#115, type=chunk, format=pcm
2025-09-19 22:10:05.537 | DEBUG    | ws | ws_recognize:134 | 会话8245d1ab: 收到消息#116, type=chunk, format=pcm
2025-09-19 22:10:06.579 | DEBUG    | ws | ws_recognize:134 | 会话8245d1ab: 收到消息#117, type=ping, format=pcm
2025-09-19 22:10:06.579 | DEBUG    | ws | ws_recognize:134 | 会话8245d1ab: 收到消息#118, type=chunk, format=pcm
2025-09-19 22:28:54.581 | INFO     | ws | ws_recognize:22 | 会话开始: 869281cb
2025-09-19 22:28:55.914 | DEBUG    | ws | ws_recognize:108 | 会话869281cb: 收到消息#1, type=start, format=pcm
2025-09-19 22:28:55.914 | INFO     | ws | ws_recognize:113 | 会话869281cb: 开始实时识别
2025-09-19 22:28:55.915 | DEBUG    | ws | ws_recognize:127 | 会话869281cb: 发送started消息
2025-09-19 22:28:56.204 | DEBUG    | ws | ws_recognize:108 | 会话869281cb: 收到消息#2, type=chunk, format=pcm
2025-09-19 22:28:56.488 | DEBUG    | ws | ws_recognize:108 | 会话869281cb: 收到消息#3, type=chunk, format=pcm
2025-09-19 22:28:56.681 | DEBUG    | ws | ws_recognize:108 | 会话869281cb: 收到消息#4, type=chunk, format=pcm
2025-09-19 22:28:56.941 | DEBUG    | ws | ws_recognize:108 | 会话869281cb: 收到消息#5, type=chunk, format=pcm
2025-09-19 22:28:57.203 | DEBUG    | ws | ws_recognize:108 | 会话869281cb: 收到消息#6, type=chunk, format=pcm
2025-09-19 22:28:57.451 | DEBUG    | ws | ws_recognize:108 | 会话869281cb: 收到消息#7, type=chunk, format=pcm
2025-09-19 22:28:57.751 | DEBUG    | ws | ws_recognize:108 | 会话869281cb: 收到消息#8, type=chunk, format=pcm
2025-09-19 22:28:57.992 | DEBUG    | ws | ws_recognize:108 | 会话869281cb: 收到消息#9, type=chunk, format=pcm
2025-09-19 22:28:58.221 | DEBUG    | ws | ws_recognize:108 | 会话869281cb: 收到消息#10, type=chunk, format=pcm
2025-09-19 22:28:58.481 | DEBUG    | ws | ws_recognize:108 | 会话869281cb: 收到消息#11, type=chunk, format=pcm
2025-09-19 22:28:58.731 | DEBUG    | ws | ws_recognize:108 | 会话869281cb: 收到消息#12, type=chunk, format=pcm
2025-09-19 22:28:58.991 | DEBUG    | ws | ws_recognize:108 | 会话869281cb: 收到消息#13, type=chunk, format=pcm
2025-09-19 22:28:59.242 | DEBUG    | ws | ws_recognize:108 | 会话869281cb: 收到消息#14, type=chunk, format=pcm
2025-09-19 22:28:59.501 | DEBUG    | ws | ws_recognize:108 | 会话869281cb: 收到消息#15, type=chunk, format=pcm
2025-09-19 22:28:59.761 | DEBUG    | ws | ws_recognize:108 | 会话869281cb: 收到消息#16, type=chunk, format=pcm
2025-09-19 22:29:00.023 | DEBUG    | ws | ws_recognize:108 | 会话869281cb: 收到消息#17, type=chunk, format=pcm
2025-09-19 22:29:00.281 | DEBUG    | ws | ws_recognize:108 | 会话869281cb: 收到消息#18, type=chunk, format=pcm
2025-09-19 22:29:00.531 | DEBUG    | ws | ws_recognize:108 | 会话869281cb: 收到消息#19, type=chunk, format=pcm
2025-09-19 22:29:00.797 | DEBUG    | ws | ws_recognize:108 | 会话869281cb: 收到消息#20, type=chunk, format=pcm
2025-09-19 22:29:01.041 | DEBUG    | ws | ws_recognize:108 | 会话869281cb: 收到消息#21, type=chunk, format=pcm
2025-09-19 22:29:01.303 | DEBUG    | ws | ws_recognize:108 | 会话869281cb: 收到消息#22, type=chunk, format=pcm
2025-09-19 22:29:01.561 | DEBUG    | ws | ws_recognize:108 | 会话869281cb: 收到消息#23, type=chunk, format=pcm
2025-09-19 22:29:01.817 | DEBUG    | ws | ws_recognize:108 | 会话869281cb: 收到消息#24, type=chunk, format=pcm
2025-09-19 22:29:02.071 | DEBUG    | ws | ws_recognize:108 | 会话869281cb: 收到消息#25, type=chunk, format=pcm
2025-09-19 22:29:02.321 | DEBUG    | ws | ws_recognize:108 | 会话869281cb: 收到消息#26, type=chunk, format=pcm
2025-09-19 22:29:02.587 | DEBUG    | ws | ws_recognize:108 | 会话869281cb: 收到消息#27, type=chunk, format=pcm
2025-09-19 22:29:02.846 | DEBUG    | ws | ws_recognize:108 | 会话869281cb: 收到消息#28, type=chunk, format=pcm
2025-09-19 22:29:03.093 | DEBUG    | ws | ws_recognize:108 | 会话869281cb: 收到消息#29, type=chunk, format=pcm
2025-09-19 22:29:03.357 | DEBUG    | ws | ws_recognize:108 | 会话869281cb: 收到消息#30, type=chunk, format=pcm
2025-09-19 22:29:03.607 | DEBUG    | ws | ws_recognize:108 | 会话869281cb: 收到消息#31, type=chunk, format=pcm
2025-09-19 22:29:03.866 | DEBUG    | ws | ws_recognize:108 | 会话869281cb: 收到消息#32, type=chunk, format=pcm
2025-09-19 22:29:04.121 | DEBUG    | ws | ws_recognize:108 | 会话869281cb: 收到消息#33, type=chunk, format=pcm
2025-09-19 22:29:04.375 | DEBUG    | ws | ws_recognize:108 | 会话869281cb: 收到消息#34, type=chunk, format=pcm
2025-09-19 22:29:04.609 | DEBUG    | ws | ws_recognize:108 | 会话869281cb: 收到消息#35, type=ping, format=pcm
2025-09-19 22:29:04.635 | DEBUG    | ws | ws_recognize:108 | 会话869281cb: 收到消息#36, type=chunk, format=pcm
2025-09-19 22:29:04.887 | DEBUG    | ws | ws_recognize:108 | 会话869281cb: 收到消息#37, type=chunk, format=pcm
2025-09-19 22:29:05.140 | DEBUG    | ws | ws_recognize:108 | 会话869281cb: 收到消息#38, type=chunk, format=pcm
2025-09-19 22:29:05.406 | DEBUG    | ws | ws_recognize:108 | 会话869281cb: 收到消息#39, type=chunk, format=pcm
2025-09-19 22:29:05.656 | DEBUG    | ws | ws_recognize:108 | 会话869281cb: 收到消息#40, type=chunk, format=pcm
2025-09-19 22:29:05.916 | DEBUG    | ws | ws_recognize:108 | 会话869281cb: 收到消息#41, type=chunk, format=pcm
2025-09-19 22:29:06.166 | DEBUG    | ws | ws_recognize:108 | 会话869281cb: 收到消息#42, type=chunk, format=pcm
2025-09-19 22:29:06.420 | DEBUG    | ws | ws_recognize:108 | 会话869281cb: 收到消息#43, type=chunk, format=pcm
2025-09-19 22:29:06.713 | DEBUG    | ws | ws_recognize:108 | 会话869281cb: 收到消息#44, type=chunk, format=pcm
2025-09-19 22:29:06.954 | DEBUG    | ws | ws_recognize:108 | 会话869281cb: 收到消息#45, type=chunk, format=pcm
2025-09-19 22:29:07.196 | DEBUG    | ws | ws_recognize:108 | 会话869281cb: 收到消息#46, type=chunk, format=pcm
2025-09-19 22:29:07.446 | DEBUG    | ws | ws_recognize:108 | 会话869281cb: 收到消息#47, type=chunk, format=pcm
2025-09-19 22:29:07.706 | DEBUG    | ws | ws_recognize:108 | 会话869281cb: 收到消息#48, type=chunk, format=pcm
2025-09-19 22:29:07.966 | DEBUG    | ws | ws_recognize:108 | 会话869281cb: 收到消息#49, type=chunk, format=pcm
2025-09-19 22:29:08.215 | DEBUG    | ws | ws_recognize:108 | 会话869281cb: 收到消息#50, type=chunk, format=pcm
2025-09-19 22:29:08.476 | DEBUG    | ws | ws_recognize:108 | 会话869281cb: 收到消息#51, type=chunk, format=pcm
2025-09-19 22:29:08.726 | DEBUG    | ws | ws_recognize:108 | 会话869281cb: 收到消息#52, type=chunk, format=pcm
2025-09-19 22:29:08.986 | DEBUG    | ws | ws_recognize:108 | 会话869281cb: 收到消息#53, type=chunk, format=pcm
2025-09-19 22:29:09.674 | DEBUG    | ws | ws_recognize:296 | 会话869281cb: 发送实时结果#1: '中国。' (置信度: 0.850)
2025-09-19 22:29:09.674 | DEBUG    | ws | ws_recognize:108 | 会话869281cb: 收到消息#54, type=chunk, format=pcm
2025-09-19 22:29:10.021 | DEBUG    | ws | ws_recognize:296 | 会话869281cb: 发送实时结果#2: '中国三。' (置信度: 0.850)
2025-09-19 22:29:10.025 | DEBUG    | ws | ws_recognize:108 | 会话869281cb: 收到消息#55, type=chunk, format=pcm
2025-09-19 22:29:10.452 | DEBUG    | ws | ws_recognize:296 | 会话869281cb: 发送实时结果#3: '中国商务。' (置信度: 0.850)
2025-09-19 22:29:10.452 | DEBUG    | ws | ws_recognize:108 | 会话869281cb: 收到消息#56, type=chunk, format=pcm
2025-09-19 22:29:10.850 | DEBUG    | ws | ws_recognize:296 | 会话869281cb: 发送实时结果#4: '中国商务部。' (置信度: 0.850)
2025-09-19 22:29:10.851 | DEBUG    | ws | ws_recognize:108 | 会话869281cb: 收到消息#57, type=chunk, format=pcm
2025-09-19 22:29:11.196 | DEBUG    | ws | ws_recognize:296 | 会话869281cb: 发送实时结果#5: '中国商务部发。' (置信度: 0.850)
2025-09-19 22:29:11.197 | DEBUG    | ws | ws_recognize:108 | 会话869281cb: 收到消息#58, type=chunk, format=pcm
2025-09-19 22:29:11.692 | DEBUG    | ws | ws_recognize:296 | 会话869281cb: 发送实时结果#6: '中国商务部发言。' (置信度: 0.850)
2025-09-19 22:29:11.692 | DEBUG    | ws | ws_recognize:108 | 会话869281cb: 收到消息#59, type=chunk, format=pcm
2025-09-19 22:29:12.112 | DEBUG    | ws | ws_recognize:296 | 会话869281cb: 发送实时结果#7: '中国商务部发言人。' (置信度: 0.850)
2025-09-19 22:29:12.112 | DEBUG    | ws | ws_recognize:108 | 会话869281cb: 收到消息#60, type=chunk, format=pcm
2025-09-19 22:29:12.595 | DEBUG    | ws | ws_recognize:296 | 会话869281cb: 发送实时结果#8: '中国商务部发言人何。' (置信度: 0.850)
2025-09-19 22:29:12.595 | DEBUG    | ws | ws_recognize:108 | 会话869281cb: 收到消息#61, type=chunk, format=pcm
2025-09-19 22:29:13.043 | DEBUG    | ws | ws_recognize:296 | 会话869281cb: 发送实时结果#9: '中国商务部发言人何亚德？' (置信度: 0.850)
2025-09-19 22:29:13.043 | DEBUG    | ws | ws_recognize:108 | 会话869281cb: 收到消息#62, type=chunk, format=pcm
2025-09-19 22:29:13.498 | DEBUG    | ws | ws_recognize:296 | 会话869281cb: 发送实时结果#10: '中国商务部发言人何亚东表。' (置信度: 0.850)
2025-09-19 22:29:13.499 | DEBUG    | ws | ws_recognize:108 | 会话869281cb: 收到消息#63, type=chunk, format=pcm
2025-09-19 22:29:13.973 | DEBUG    | ws | ws_recognize:296 | 会话869281cb: 发送实时结果#11: '中国商务部发言人何亚东表示。' (置信度: 0.850)
2025-09-19 22:29:13.974 | DEBUG    | ws | ws_recognize:108 | 会话869281cb: 收到消息#64, type=chunk, format=pcm
2025-09-19 22:29:14.359 | DEBUG    | ws | ws_recognize:108 | 会话869281cb: 收到消息#65, type=chunk, format=pcm
2025-09-19 22:29:14.753 | DEBUG    | ws | ws_recognize:108 | 会话869281cb: 收到消息#66, type=chunk, format=pcm
2025-09-19 22:29:15.267 | DEBUG    | ws | ws_recognize:108 | 会话869281cb: 收到消息#67, type=chunk, format=pcm
2025-09-19 22:29:15.836 | DEBUG    | ws | ws_recognize:296 | 会话869281cb: 发送实时结果#12: '中国商务部发言人何亚东表示。系。' (置信度: 0.850)
2025-09-19 22:29:15.836 | DEBUG    | ws | ws_recognize:108 | 会话869281cb: 收到消息#68, type=chunk, format=pcm
2025-09-19 22:29:16.355 | DEBUG    | ws | ws_recognize:108 | 会话869281cb: 收到消息#69, type=chunk, format=pcm
2025-09-19 22:29:16.919 | DEBUG    | ws | ws_recognize:108 | 会话869281cb: 收到消息#70, type=chunk, format=pcm
2025-09-19 22:29:17.438 | DEBUG    | ws | ws_recognize:108 | 会话869281cb: 收到消息#71, type=chunk, format=pcm
2025-09-19 22:29:17.945 | DEBUG    | ws | ws_recognize:108 | 会话869281cb: 收到消息#72, type=chunk, format=pcm
2025-09-19 22:29:18.472 | DEBUG    | ws | ws_recognize:108 | 会话869281cb: 收到消息#73, type=chunk, format=pcm
2025-09-19 22:29:18.959 | DEBUG    | ws | ws_recognize:108 | 会话869281cb: 收到消息#74, type=chunk, format=pcm
2025-09-19 22:29:19.538 | DEBUG    | ws | ws_recognize:296 | 会话869281cb: 发送实时结果#13: '中国商务部发言人何亚东表示。系好的，你好的，你好的。' (置信度: 0.850)
2025-09-19 22:29:19.539 | DEBUG    | ws | ws_recognize:108 | 会话869281cb: 收到消息#75, type=chunk, format=pcm
2025-09-19 22:29:20.198 | DEBUG    | ws | ws_recognize:296 | 会话869281cb: 发送实时结果#14: '中国商务部发言人何亚东表示，系他的你。' (置信度: 0.850)
2025-09-19 22:29:20.198 | DEBUG    | ws | ws_recognize:108 | 会话869281cb: 收到消息#76, type=ping, format=pcm
2025-09-19 22:29:20.198 | DEBUG    | ws | ws_recognize:108 | 会话869281cb: 收到消息#77, type=chunk, format=pcm
2025-09-19 22:29:20.767 | DEBUG    | ws | ws_recognize:296 | 会话869281cb: 发送实时结果#15: '中国商务部发言人何亚东表示，系他的已经。' (置信度: 0.850)
2025-09-19 22:29:20.768 | DEBUG    | ws | ws_recognize:108 | 会话869281cb: 收到消息#78, type=chunk, format=pcm
2025-09-19 22:29:21.425 | DEBUG    | ws | ws_recognize:296 | 会话869281cb: 发送实时结果#16: '中国商务部发言人何亚东表示，系他的眼睛吗？' (置信度: 0.850)
2025-09-19 22:29:21.426 | DEBUG    | ws | ws_recognize:108 | 会话869281cb: 收到消息#79, type=chunk, format=pcm
2025-09-19 22:29:22.031 | DEBUG    | ws | ws_recognize:296 | 会话869281cb: 发送实时结果#17: '中国商务部发言人何亚东表示，系他这里。' (置信度: 0.850)
2025-09-19 22:29:22.031 | DEBUG    | ws | ws_recognize:108 | 会话869281cb: 收到消息#80, type=chunk, format=pcm
2025-09-19 22:29:22.733 | DEBUG    | ws | ws_recognize:296 | 会话869281cb: 发送实时结果#18: '中国商务部发言人何亚东表示，系他这里探气。' (置信度: 0.850)
2025-09-19 22:29:22.733 | DEBUG    | ws | ws_recognize:108 | 会话869281cb: 收到消息#81, type=chunk, format=pcm
2025-09-19 22:29:23.398 | DEBUG    | ws | ws_recognize:296 | 会话869281cb: 发送实时结果#19: '中国商务部发言人何亚东表示，系他这里安叹气息。' (置信度: 0.850)
2025-09-19 22:29:23.398 | DEBUG    | ws | ws_recognize:108 | 会话869281cb: 收到消息#82, type=chunk, format=pcm
2025-09-19 22:29:24.161 | DEBUG    | ws | ws_recognize:296 | 会话869281cb: 发送实时结果#20: '中国商务部发言人何亚东表示，系他这里安碳期限。' (置信度: 0.850)
2025-09-19 22:29:24.161 | DEBUG    | ws | ws_recognize:108 | 会话869281cb: 收到消息#83, type=chunk, format=pcm
2025-09-19 22:29:24.842 | DEBUG    | ws | ws_recognize:296 | 会话869281cb: 发送实时结果#21: '中国商务部发言人何亚东表示，系他这里安摊期限。' (置信度: 0.850)
2025-09-19 22:29:24.843 | DEBUG    | ws | ws_recognize:108 | 会话869281cb: 收到消息#84, type=chunk, format=pcm
2025-09-19 22:29:25.461 | DEBUG    | ws | ws_recognize:296 | 会话869281cb: 发送实时结果#22: '中国商务部发言人何亚东表示，系他这里安弹期限。' (置信度: 0.850)
2025-09-19 22:29:25.461 | DEBUG    | ws | ws_recognize:108 | 会话869281cb: 收到消息#85, type=chunk, format=pcm
2025-09-19 22:29:26.043 | DEBUG    | ws | ws_recognize:296 | 会话869281cb: 发送实时结果#23: '中国商务部发言人何亚东表示，系他这里安摊期限。' (置信度: 0.850)
2025-09-19 22:29:26.043 | DEBUG    | ws | ws_recognize:108 | 会话869281cb: 收到消息#86, type=chunk, format=pcm
2025-09-19 22:29:26.662 | DEBUG    | ws | ws_recognize:108 | 会话869281cb: 收到消息#87, type=chunk, format=pcm
2025-09-19 22:29:27.332 | DEBUG    | ws | ws_recognize:108 | 会话869281cb: 收到消息#88, type=chunk, format=pcm
2025-09-19 22:29:28.035 | DEBUG    | ws | ws_recognize:108 | 会话869281cb: 收到消息#89, type=chunk, format=pcm
2025-09-19 22:29:28.766 | DEBUG    | ws | ws_recognize:108 | 会话869281cb: 收到消息#90, type=chunk, format=pcm
2025-09-19 22:29:29.428 | DEBUG    | ws | ws_recognize:108 | 会话869281cb: 收到消息#91, type=chunk, format=pcm
2025-09-19 22:29:30.176 | DEBUG    | ws | ws_recognize:108 | 会话869281cb: 收到消息#92, type=chunk, format=pcm
2025-09-19 22:29:30.865 | DEBUG    | ws | ws_recognize:108 | 会话869281cb: 收到消息#93, type=chunk, format=pcm
2025-09-19 22:29:31.578 | DEBUG    | ws | ws_recognize:108 | 会话869281cb: 收到消息#94, type=chunk, format=pcm
2025-09-19 22:29:32.381 | DEBUG    | ws | ws_recognize:108 | 会话869281cb: 收到消息#95, type=chunk, format=pcm
2025-09-19 22:29:32.923 | DEBUG    | ws | ws_recognize:108 | 会话869281cb: 收到消息#96, type=chunk, format=pcm
2025-09-19 22:29:33.630 | DEBUG    | ws | ws_recognize:108 | 会话869281cb: 收到消息#97, type=chunk, format=pcm
2025-09-19 22:29:35.042 | DEBUG    | ws | ws_recognize:108 | 会话869281cb: 收到消息#98, type=chunk, format=pcm
2025-09-19 22:29:35.595 | DEBUG    | ws | ws_recognize:108 | 会话869281cb: 收到消息#99, type=chunk, format=pcm
2025-09-19 22:29:36.092 | DEBUG    | ws | ws_recognize:108 | 会话869281cb: 收到消息#100, type=chunk, format=pcm
2025-09-19 22:29:36.584 | DEBUG    | ws | ws_recognize:108 | 会话869281cb: 收到消息#101, type=chunk, format=pcm
2025-09-19 22:29:37.119 | DEBUG    | ws | ws_recognize:108 | 会话869281cb: 收到消息#102, type=chunk, format=pcm
2025-09-19 22:29:37.607 | DEBUG    | ws | ws_recognize:108 | 会话869281cb: 收到消息#103, type=chunk, format=pcm
2025-09-19 22:29:38.058 | DEBUG    | ws | ws_recognize:108 | 会话869281cb: 收到消息#104, type=chunk, format=pcm
2025-09-19 22:29:38.544 | DEBUG    | ws | ws_recognize:108 | 会话869281cb: 收到消息#105, type=chunk, format=pcm
2025-09-19 22:29:39.006 | DEBUG    | ws | ws_recognize:108 | 会话869281cb: 收到消息#106, type=chunk, format=pcm
2025-09-19 22:29:39.481 | DEBUG    | ws | ws_recognize:108 | 会话869281cb: 收到消息#107, type=chunk, format=pcm
2025-09-19 22:29:39.933 | DEBUG    | ws | ws_recognize:108 | 会话869281cb: 收到消息#108, type=chunk, format=pcm
2025-09-19 22:29:40.415 | DEBUG    | ws | ws_recognize:108 | 会话869281cb: 收到消息#109, type=chunk, format=pcm
2025-09-19 22:29:41.362 | DEBUG    | ws | ws_recognize:108 | 会话869281cb: 收到消息#110, type=chunk, format=pcm
2025-09-19 22:29:41.917 | DEBUG    | ws | ws_recognize:108 | 会话869281cb: 收到消息#111, type=chunk, format=pcm
2025-09-19 22:29:42.596 | DEBUG    | ws | ws_recognize:108 | 会话869281cb: 收到消息#112, type=chunk, format=pcm
2025-09-19 22:29:43.376 | DEBUG    | ws | ws_recognize:108 | 会话869281cb: 收到消息#113, type=chunk, format=pcm
2025-09-19 22:29:43.942 | DEBUG    | ws | ws_recognize:108 | 会话869281cb: 收到消息#114, type=chunk, format=pcm
2025-09-19 22:29:44.393 | DEBUG    | ws | ws_recognize:108 | 会话869281cb: 收到消息#115, type=chunk, format=pcm
2025-09-19 22:29:44.952 | DEBUG    | ws | ws_recognize:108 | 会话869281cb: 收到消息#116, type=ping, format=pcm
2025-09-19 22:29:44.955 | DEBUG    | ws | ws_recognize:108 | 会话869281cb: 收到消息#117, type=chunk, format=pcm
2025-09-19 22:29:45.725 | DEBUG    | ws | ws_recognize:108 | 会话869281cb: 收到消息#118, type=chunk, format=pcm
2025-09-19 22:29:46.201 | DEBUG    | ws | ws_recognize:108 | 会话869281cb: 收到消息#119, type=chunk, format=pcm
2025-09-19 22:29:46.659 | DEBUG    | ws | ws_recognize:108 | 会话869281cb: 收到消息#120, type=chunk, format=pcm
2025-09-19 22:29:47.373 | DEBUG    | ws | ws_recognize:108 | 会话869281cb: 收到消息#121, type=chunk, format=pcm
2025-09-19 22:29:47.982 | DEBUG    | ws | ws_recognize:108 | 会话869281cb: 收到消息#122, type=chunk, format=pcm
2025-09-19 22:29:48.762 | DEBUG    | ws | ws_recognize:108 | 会话869281cb: 收到消息#123, type=chunk, format=pcm
2025-09-19 22:29:49.312 | DEBUG    | ws | ws_recognize:108 | 会话869281cb: 收到消息#124, type=chunk, format=pcm
2025-09-19 22:29:49.836 | DEBUG    | ws | ws_recognize:108 | 会话869281cb: 收到消息#125, type=chunk, format=pcm
2025-09-19 22:29:50.305 | DEBUG    | ws | ws_recognize:108 | 会话869281cb: 收到消息#126, type=chunk, format=pcm
2025-09-19 22:29:50.814 | DEBUG    | ws | ws_recognize:108 | 会话869281cb: 收到消息#127, type=chunk, format=pcm
2025-09-19 22:29:51.358 | DEBUG    | ws | ws_recognize:108 | 会话869281cb: 收到消息#128, type=chunk, format=pcm
2025-09-19 22:29:52.593 | DEBUG    | ws | ws_recognize:108 | 会话869281cb: 收到消息#129, type=chunk, format=pcm
2025-09-19 22:29:53.109 | DEBUG    | ws | ws_recognize:108 | 会话869281cb: 收到消息#130, type=chunk, format=pcm
2025-09-19 22:29:54.067 | DEBUG    | ws | ws_recognize:108 | 会话869281cb: 收到消息#131, type=chunk, format=pcm
2025-09-19 22:29:55.212 | DEBUG    | ws | ws_recognize:108 | 会话869281cb: 收到消息#132, type=chunk, format=pcm
2025-09-19 22:29:56.455 | DEBUG    | ws | ws_recognize:108 | 会话869281cb: 收到消息#133, type=chunk, format=pcm
2025-09-19 22:29:57.528 | DEBUG    | ws | ws_recognize:108 | 会话869281cb: 收到消息#134, type=chunk, format=pcm
2025-09-19 22:29:58.274 | DEBUG    | ws | ws_recognize:108 | 会话869281cb: 收到消息#135, type=chunk, format=pcm
2025-09-19 22:29:59.062 | DEBUG    | ws | ws_recognize:108 | 会话869281cb: 收到消息#136, type=chunk, format=pcm
2025-09-19 22:30:00.284 | DEBUG    | ws | ws_recognize:108 | 会话869281cb: 收到消息#137, type=chunk, format=pcm
2025-09-19 22:30:00.980 | DEBUG    | ws | ws_recognize:108 | 会话869281cb: 收到消息#138, type=chunk, format=pcm
2025-09-19 22:30:01.508 | DEBUG    | ws | ws_recognize:108 | 会话869281cb: 收到消息#139, type=chunk, format=pcm
2025-09-19 22:30:02.080 | DEBUG    | ws | ws_recognize:108 | 会话869281cb: 收到消息#140, type=chunk, format=pcm
2025-09-19 22:30:02.860 | DEBUG    | ws | ws_recognize:108 | 会话869281cb: 收到消息#141, type=chunk, format=pcm
2025-09-19 22:30:03.896 | DEBUG    | ws | ws_recognize:108 | 会话869281cb: 收到消息#142, type=chunk, format=pcm
2025-09-19 22:30:04.584 | DEBUG    | ws | ws_recognize:108 | 会话869281cb: 收到消息#143, type=chunk, format=pcm
2025-09-19 22:30:06.189 | DEBUG    | ws | ws_recognize:108 | 会话869281cb: 收到消息#144, type=chunk, format=pcm
2025-09-19 22:30:07.042 | DEBUG    | ws | ws_recognize:108 | 会话869281cb: 收到消息#145, type=chunk, format=pcm
2025-09-19 22:30:07.689 | DEBUG    | ws | ws_recognize:108 | 会话869281cb: 收到消息#146, type=chunk, format=pcm
2025-09-19 22:30:08.869 | DEBUG    | ws | ws_recognize:108 | 会话869281cb: 收到消息#147, type=chunk, format=pcm
2025-09-19 22:30:09.408 | DEBUG    | ws | ws_recognize:108 | 会话869281cb: 收到消息#148, type=chunk, format=pcm
2025-09-19 22:30:10.031 | DEBUG    | ws | ws_recognize:108 | 会话869281cb: 收到消息#149, type=chunk, format=pcm
2025-09-19 22:30:10.830 | DEBUG    | ws | ws_recognize:108 | 会话869281cb: 收到消息#150, type=chunk, format=pcm
2025-09-19 22:30:12.311 | DEBUG    | ws | ws_recognize:108 | 会话869281cb: 收到消息#151, type=chunk, format=pcm
2025-09-19 22:30:12.994 | DEBUG    | ws | ws_recognize:108 | 会话869281cb: 收到消息#152, type=chunk, format=pcm
2025-09-19 22:30:13.506 | DEBUG    | ws | ws_recognize:108 | 会话869281cb: 收到消息#153, type=chunk, format=pcm
2025-09-19 22:30:14.091 | DEBUG    | ws | ws_recognize:108 | 会话869281cb: 收到消息#154, type=chunk, format=pcm
2025-09-19 22:30:14.656 | DEBUG    | ws | ws_recognize:108 | 会话869281cb: 收到消息#155, type=chunk, format=pcm
2025-09-19 22:30:15.168 | DEBUG    | ws | ws_recognize:108 | 会话869281cb: 收到消息#156, type=chunk, format=pcm
2025-09-19 22:30:15.734 | DEBUG    | ws | ws_recognize:108 | 会话869281cb: 收到消息#157, type=chunk, format=pcm
2025-09-19 22:30:16.943 | DEBUG    | ws | ws_recognize:108 | 会话869281cb: 收到消息#158, type=ping, format=pcm
2025-09-19 22:30:16.943 | DEBUG    | ws | ws_recognize:108 | 会话869281cb: 收到消息#159, type=chunk, format=pcm
2025-09-19 22:30:17.456 | DEBUG    | ws | ws_recognize:108 | 会话869281cb: 收到消息#160, type=chunk, format=pcm
2025-09-19 22:30:17.952 | DEBUG    | ws | ws_recognize:108 | 会话869281cb: 收到消息#161, type=chunk, format=pcm
2025-09-19 22:30:18.489 | DEBUG    | ws | ws_recognize:108 | 会话869281cb: 收到消息#162, type=chunk, format=pcm
2025-09-19 22:30:19.048 | DEBUG    | ws | ws_recognize:108 | 会话869281cb: 收到消息#163, type=chunk, format=pcm
2025-09-19 22:30:19.798 | DEBUG    | ws | ws_recognize:108 | 会话869281cb: 收到消息#164, type=chunk, format=pcm
2025-09-19 22:30:20.282 | DEBUG    | ws | ws_recognize:108 | 会话869281cb: 收到消息#165, type=chunk, format=pcm
2025-09-19 22:30:20.827 | DEBUG    | ws | ws_recognize:108 | 会话869281cb: 收到消息#166, type=chunk, format=pcm
2025-09-19 22:30:21.385 | DEBUG    | ws | ws_recognize:108 | 会话869281cb: 收到消息#167, type=chunk, format=pcm
2025-09-19 22:30:21.901 | DEBUG    | ws | ws_recognize:108 | 会话869281cb: 收到消息#168, type=chunk, format=pcm
2025-09-19 22:30:22.401 | DEBUG    | ws | ws_recognize:108 | 会话869281cb: 收到消息#169, type=chunk, format=pcm
2025-09-19 22:30:22.936 | DEBUG    | ws | ws_recognize:108 | 会话869281cb: 收到消息#170, type=chunk, format=pcm
2025-09-19 22:30:23.429 | DEBUG    | ws | ws_recognize:108 | 会话869281cb: 收到消息#171, type=chunk, format=pcm
2025-09-19 22:30:24.162 | DEBUG    | ws | ws_recognize:108 | 会话869281cb: 收到消息#172, type=chunk, format=pcm
2025-09-19 22:30:24.698 | DEBUG    | ws | ws_recognize:108 | 会话869281cb: 收到消息#173, type=chunk, format=pcm
2025-09-19 22:30:25.157 | DEBUG    | ws | ws_recognize:108 | 会话869281cb: 收到消息#174, type=chunk, format=pcm
2025-09-19 22:30:25.715 | DEBUG    | ws | ws_recognize:108 | 会话869281cb: 收到消息#175, type=chunk, format=pcm
2025-09-19 22:30:26.182 | DEBUG    | ws | ws_recognize:108 | 会话869281cb: 收到消息#176, type=chunk, format=pcm
2025-09-19 22:30:26.677 | DEBUG    | ws | ws_recognize:108 | 会话869281cb: 收到消息#177, type=chunk, format=pcm
2025-09-19 22:30:27.185 | DEBUG    | ws | ws_recognize:108 | 会话869281cb: 收到消息#178, type=chunk, format=pcm
2025-09-19 22:30:27.692 | DEBUG    | ws | ws_recognize:108 | 会话869281cb: 收到消息#179, type=chunk, format=pcm
2025-09-19 22:30:28.410 | DEBUG    | ws | ws_recognize:108 | 会话869281cb: 收到消息#180, type=chunk, format=pcm
2025-09-19 22:30:28.933 | DEBUG    | ws | ws_recognize:108 | 会话869281cb: 收到消息#181, type=chunk, format=pcm
2025-09-19 22:30:29.412 | DEBUG    | ws | ws_recognize:108 | 会话869281cb: 收到消息#182, type=chunk, format=pcm
2025-09-19 22:30:29.989 | DEBUG    | ws | ws_recognize:108 | 会话869281cb: 收到消息#183, type=chunk, format=pcm
2025-09-19 22:30:30.646 | DEBUG    | ws | ws_recognize:108 | 会话869281cb: 收到消息#184, type=chunk, format=pcm
2025-09-19 22:30:31.126 | DEBUG    | ws | ws_recognize:108 | 会话869281cb: 收到消息#185, type=chunk, format=pcm
2025-09-19 22:30:31.689 | DEBUG    | ws | ws_recognize:108 | 会话869281cb: 收到消息#186, type=chunk, format=pcm
2025-09-19 22:30:32.232 | DEBUG    | ws | ws_recognize:108 | 会话869281cb: 收到消息#187, type=chunk, format=pcm
2025-09-19 22:30:32.751 | DEBUG    | ws | ws_recognize:108 | 会话869281cb: 收到消息#188, type=chunk, format=pcm
2025-09-19 22:30:33.347 | DEBUG    | ws | ws_recognize:108 | 会话869281cb: 收到消息#189, type=chunk, format=pcm
2025-09-19 22:30:33.844 | DEBUG    | ws | ws_recognize:108 | 会话869281cb: 收到消息#190, type=ping, format=pcm
2025-09-19 22:30:33.844 | DEBUG    | ws | ws_recognize:108 | 会话869281cb: 收到消息#191, type=chunk, format=pcm
2025-09-19 22:30:34.317 | DEBUG    | ws | ws_recognize:108 | 会话869281cb: 收到消息#192, type=chunk, format=pcm
2025-09-19 22:30:34.810 | DEBUG    | ws | ws_recognize:108 | 会话869281cb: 收到消息#193, type=chunk, format=pcm
2025-09-19 22:30:35.455 | DEBUG    | ws | ws_recognize:108 | 会话869281cb: 收到消息#194, type=chunk, format=pcm
2025-09-19 22:30:35.909 | DEBUG    | ws | ws_recognize:108 | 会话869281cb: 收到消息#195, type=chunk, format=pcm
2025-09-19 22:30:36.723 | DEBUG    | ws | ws_recognize:108 | 会话869281cb: 收到消息#196, type=chunk, format=pcm
2025-09-19 22:30:37.246 | DEBUG    | ws | ws_recognize:108 | 会话869281cb: 收到消息#197, type=chunk, format=pcm
2025-09-19 22:30:37.808 | DEBUG    | ws | ws_recognize:108 | 会话869281cb: 收到消息#198, type=chunk, format=pcm
2025-09-19 22:30:38.389 | DEBUG    | ws | ws_recognize:108 | 会话869281cb: 收到消息#199, type=chunk, format=pcm
2025-09-19 22:30:38.862 | DEBUG    | ws | ws_recognize:108 | 会话869281cb: 收到消息#200, type=chunk, format=pcm
2025-09-19 22:30:39.467 | DEBUG    | ws | ws_recognize:108 | 会话869281cb: 收到消息#201, type=chunk, format=pcm
2025-09-19 22:30:39.958 | DEBUG    | ws | ws_recognize:108 | 会话869281cb: 收到消息#202, type=chunk, format=pcm
2025-09-19 22:30:40.466 | DEBUG    | ws | ws_recognize:108 | 会话869281cb: 收到消息#203, type=chunk, format=pcm
2025-09-19 22:30:41.010 | DEBUG    | ws | ws_recognize:108 | 会话869281cb: 收到消息#204, type=chunk, format=pcm
2025-09-19 22:30:41.517 | DEBUG    | ws | ws_recognize:108 | 会话869281cb: 收到消息#205, type=chunk, format=pcm
2025-09-19 22:30:42.044 | DEBUG    | ws | ws_recognize:108 | 会话869281cb: 收到消息#206, type=chunk, format=pcm
2025-09-19 22:30:42.547 | DEBUG    | ws | ws_recognize:108 | 会话869281cb: 收到消息#207, type=chunk, format=pcm
2025-09-19 22:30:43.202 | DEBUG    | ws | ws_recognize:108 | 会话869281cb: 收到消息#208, type=chunk, format=pcm
2025-09-19 22:30:43.702 | DEBUG    | ws | ws_recognize:108 | 会话869281cb: 收到消息#209, type=chunk, format=pcm
2025-09-19 22:30:44.204 | DEBUG    | ws | ws_recognize:108 | 会话869281cb: 收到消息#210, type=chunk, format=pcm
2025-09-19 22:30:44.697 | DEBUG    | ws | ws_recognize:108 | 会话869281cb: 收到消息#211, type=chunk, format=pcm
2025-09-19 22:30:45.356 | DEBUG    | ws | ws_recognize:108 | 会话869281cb: 收到消息#212, type=chunk, format=pcm
2025-09-19 22:30:45.892 | DEBUG    | ws | ws_recognize:108 | 会话869281cb: 收到消息#213, type=chunk, format=pcm
2025-09-19 22:30:46.443 | DEBUG    | ws | ws_recognize:108 | 会话869281cb: 收到消息#214, type=chunk, format=pcm
2025-09-19 22:30:46.993 | DEBUG    | ws | ws_recognize:108 | 会话869281cb: 收到消息#215, type=chunk, format=pcm
2025-09-19 22:30:47.507 | DEBUG    | ws | ws_recognize:108 | 会话869281cb: 收到消息#216, type=ping, format=pcm
2025-09-19 22:30:47.507 | DEBUG    | ws | ws_recognize:108 | 会话869281cb: 收到消息#217, type=chunk, format=pcm
2025-09-19 22:30:48.018 | DEBUG    | ws | ws_recognize:108 | 会话869281cb: 收到消息#218, type=chunk, format=pcm
2025-09-19 22:30:48.576 | DEBUG    | ws | ws_recognize:108 | 会话869281cb: 收到消息#219, type=chunk, format=pcm
2025-09-19 22:30:49.095 | DEBUG    | ws | ws_recognize:108 | 会话869281cb: 收到消息#220, type=chunk, format=pcm
2025-09-19 22:30:49.657 | DEBUG    | ws | ws_recognize:108 | 会话869281cb: 收到消息#221, type=chunk, format=pcm
2025-09-19 22:30:50.147 | DEBUG    | ws | ws_recognize:108 | 会话869281cb: 收到消息#222, type=chunk, format=pcm
2025-09-19 22:30:50.631 | DEBUG    | ws | ws_recognize:108 | 会话869281cb: 收到消息#223, type=chunk, format=pcm
2025-09-19 22:30:51.686 | DEBUG    | ws | ws_recognize:108 | 会话869281cb: 收到消息#224, type=chunk, format=pcm
2025-09-19 22:30:53.110 | DEBUG    | ws | ws_recognize:108 | 会话869281cb: 收到消息#225, type=chunk, format=pcm
2025-09-19 22:30:53.900 | DEBUG    | ws | ws_recognize:108 | 会话869281cb: 收到消息#226, type=chunk, format=pcm
2025-09-19 22:30:54.425 | DEBUG    | ws | ws_recognize:108 | 会话869281cb: 收到消息#227, type=chunk, format=pcm
2025-09-19 22:30:54.948 | DEBUG    | ws | ws_recognize:108 | 会话869281cb: 收到消息#228, type=chunk, format=pcm
2025-09-19 22:30:55.532 | DEBUG    | ws | ws_recognize:108 | 会话869281cb: 收到消息#229, type=chunk, format=pcm
2025-09-19 22:30:56.024 | DEBUG    | ws | ws_recognize:108 | 会话869281cb: 收到消息#230, type=chunk, format=pcm
2025-09-19 22:30:56.567 | DEBUG    | ws | ws_recognize:108 | 会话869281cb: 收到消息#231, type=end, format=pcm
2025-09-19 22:30:56.568 | INFO     | ws | ws_recognize:131 | 会话869281cb: 结束实时识别，处理最终结果
2025-09-19 22:30:56.572 | ERROR    | ws | ws_recognize:319 | 会话869281cb: WebSocket错误详情:
Traceback (most recent call last):
  File "/mnt/d/WorkSpace/code/evoice-versions/base/e-voice/server/routes/ws.py", line 176, in ws_recognize
    ws.send(json.dumps(response))
  File "/home/nlwu/miniconda3/envs/py312/lib/python3.12/site-packages/simple_websocket/ws.py", line 78, in send
    raise ConnectionClosed(self.close_reason, self.close_message)
simple_websocket.errors.ConnectionClosed: Connection closed: 1001 

2025-09-19 22:30:56.573 | ERROR    | ws | ws_recognize:328 | 会话869281cb: 无法发送错误消息，连接可能已断开
2025-09-19 22:30:56.696 | INFO     | ws | ws_recognize:336 | 会话869281cb: WebSocket连接关闭
2025-09-20 00:02:49.240 | INFO     | ws | ws_recognize:22 | 会话开始: 0a614f75
2025-09-20 00:02:50.591 | DEBUG    | ws | ws_recognize:108 | 会话0a614f75: 收到消息#1, type=start, format=pcm
2025-09-20 00:02:50.591 | INFO     | ws | ws_recognize:113 | 会话0a614f75: 开始实时识别
2025-09-20 00:02:50.592 | DEBUG    | ws | ws_recognize:127 | 会话0a614f75: 发送started消息
2025-09-20 00:02:50.839 | DEBUG    | ws | ws_recognize:108 | 会话0a614f75: 收到消息#2, type=chunk, format=pcm
2025-09-20 00:02:51.144 | DEBUG    | ws | ws_recognize:108 | 会话0a614f75: 收到消息#3, type=chunk, format=pcm
2025-09-20 00:02:51.358 | DEBUG    | ws | ws_recognize:108 | 会话0a614f75: 收到消息#4, type=chunk, format=pcm
2025-09-20 00:02:51.608 | DEBUG    | ws | ws_recognize:108 | 会话0a614f75: 收到消息#5, type=chunk, format=pcm
2025-09-20 00:02:51.870 | DEBUG    | ws | ws_recognize:108 | 会话0a614f75: 收到消息#6, type=chunk, format=pcm
2025-09-20 00:02:52.118 | DEBUG    | ws | ws_recognize:108 | 会话0a614f75: 收到消息#7, type=chunk, format=pcm
2025-09-20 00:02:52.381 | DEBUG    | ws | ws_recognize:108 | 会话0a614f75: 收到消息#8, type=chunk, format=pcm
2025-09-20 00:02:52.641 | DEBUG    | ws | ws_recognize:108 | 会话0a614f75: 收到消息#9, type=chunk, format=pcm
2025-09-20 00:02:52.888 | DEBUG    | ws | ws_recognize:108 | 会话0a614f75: 收到消息#10, type=chunk, format=pcm
2025-09-20 00:02:53.473 | DEBUG    | ws | ws_recognize:296 | 会话0a614f75: 发送实时结果#1: '在吗？' (置信度: 0.850)
2025-09-20 00:02:53.473 | DEBUG    | ws | ws_recognize:108 | 会话0a614f75: 收到消息#11, type=chunk, format=pcm
2025-09-20 00:02:53.691 | DEBUG    | ws | ws_recognize:296 | 会话0a614f75: 发送实时结果#2: '詹姆斯。' (置信度: 0.850)
2025-09-20 00:02:53.691 | DEBUG    | ws | ws_recognize:108 | 会话0a614f75: 收到消息#12, type=chunk, format=pcm
2025-09-20 00:02:53.704 | DEBUG    | ws | ws_recognize:108 | 会话0a614f75: 收到消息#13, type=chunk, format=pcm
2025-09-20 00:02:53.918 | DEBUG    | ws | ws_recognize:108 | 会话0a614f75: 收到消息#14, type=chunk, format=pcm
2025-09-20 00:02:54.121 | DEBUG    | ws | ws_recognize:296 | 会话0a614f75: 发送实时结果#3: '暂无识别结果。' (置信度: 0.850)
2025-09-20 00:02:54.175 | DEBUG    | ws | ws_recognize:108 | 会话0a614f75: 收到消息#15, type=chunk, format=pcm
2025-09-20 00:02:54.482 | DEBUG    | ws | ws_recognize:108 | 会话0a614f75: 收到消息#16, type=chunk, format=pcm
2025-09-20 00:02:54.719 | DEBUG    | ws | ws_recognize:108 | 会话0a614f75: 收到消息#17, type=chunk, format=pcm
2025-09-20 00:02:54.945 | DEBUG    | ws | ws_recognize:108 | 会话0a614f75: 收到消息#18, type=chunk, format=pcm
2025-09-20 00:02:55.204 | DEBUG    | ws | ws_recognize:108 | 会话0a614f75: 收到消息#19, type=chunk, format=pcm
2025-09-20 00:02:55.517 | DEBUG    | ws | ws_recognize:108 | 会话0a614f75: 收到消息#20, type=chunk, format=pcm
2025-09-20 00:02:55.734 | DEBUG    | ws | ws_recognize:108 | 会话0a614f75: 收到消息#21, type=chunk, format=pcm
2025-09-20 00:02:55.968 | DEBUG    | ws | ws_recognize:108 | 会话0a614f75: 收到消息#22, type=chunk, format=pcm
2025-09-20 00:02:56.257 | DEBUG    | ws | ws_recognize:108 | 会话0a614f75: 收到消息#23, type=chunk, format=pcm
2025-09-20 00:02:56.648 | DEBUG    | ws | ws_recognize:108 | 会话0a614f75: 收到消息#24, type=chunk, format=pcm
2025-09-20 00:02:56.881 | DEBUG    | ws | ws_recognize:108 | 会话0a614f75: 收到消息#25, type=chunk, format=pcm
2025-09-20 00:02:57.364 | DEBUG    | ws | ws_recognize:108 | 会话0a614f75: 收到消息#26, type=chunk, format=pcm
2025-09-20 00:02:57.623 | DEBUG    | ws | ws_recognize:108 | 会话0a614f75: 收到消息#27, type=chunk, format=pcm
2025-09-20 00:02:57.842 | DEBUG    | ws | ws_recognize:108 | 会话0a614f75: 收到消息#28, type=end, format=pcm
2025-09-20 00:02:57.842 | INFO     | ws | ws_recognize:131 | 会话0a614f75: 结束实时识别，处理最终结果
2025-09-20 00:02:57.844 | INFO     | ws | ws_recognize:177 | 会话0a614f75: 发送最终句子#1: '暂无识别结果。', segment_id=0a614f75-1
2025-09-20 00:02:57.864 | INFO     | ws | ws_recognize:200 | 会话0a614f75: 结束统计 - 消息:28, 音频块:26, 实时:3, 最终:1
2025-09-20 00:02:57.884 | INFO     | ws | ws_recognize:336 | 会话0a614f75: WebSocket连接关闭
2025-09-20 00:02:59.020 | INFO     | ws | ws_recognize:22 | 会话开始: f72ae215
2025-09-20 00:03:09.291 | DEBUG    | ws | ws_recognize:108 | 会话f72ae215: 收到消息#1, type=ping, format=pcm
2025-09-20 00:03:19.297 | DEBUG    | ws | ws_recognize:108 | 会话f72ae215: 收到消息#2, type=ping, format=pcm
2025-09-20 00:03:29.302 | DEBUG    | ws | ws_recognize:108 | 会话f72ae215: 收到消息#3, type=ping, format=pcm
2025-09-20 00:03:39.292 | DEBUG    | ws | ws_recognize:108 | 会话f72ae215: 收到消息#4, type=ping, format=pcm
2025-09-20 00:03:49.299 | DEBUG    | ws | ws_recognize:108 | 会话f72ae215: 收到消息#5, type=ping, format=pcm
2025-09-20 00:03:59.293 | DEBUG    | ws | ws_recognize:108 | 会话f72ae215: 收到消息#6, type=ping, format=pcm
2025-09-20 00:04:09.291 | DEBUG    | ws | ws_recognize:108 | 会话f72ae215: 收到消息#7, type=ping, format=pcm
2025-09-20 00:04:19.297 | DEBUG    | ws | ws_recognize:108 | 会话f72ae215: 收到消息#8, type=ping, format=pcm
2025-09-20 00:04:29.292 | DEBUG    | ws | ws_recognize:108 | 会话f72ae215: 收到消息#9, type=ping, format=pcm
2025-09-20 00:04:39.300 | DEBUG    | ws | ws_recognize:108 | 会话f72ae215: 收到消息#10, type=ping, format=pcm
2025-09-20 00:04:49.318 | DEBUG    | ws | ws_recognize:108 | 会话f72ae215: 收到消息#11, type=ping, format=pcm
2025-09-20 00:04:59.298 | DEBUG    | ws | ws_recognize:108 | 会话f72ae215: 收到消息#12, type=ping, format=pcm
2025-09-20 00:05:09.301 | DEBUG    | ws | ws_recognize:108 | 会话f72ae215: 收到消息#13, type=ping, format=pcm
2025-09-20 00:05:19.294 | DEBUG    | ws | ws_recognize:108 | 会话f72ae215: 收到消息#14, type=ping, format=pcm
2025-09-20 00:05:29.290 | DEBUG    | ws | ws_recognize:108 | 会话f72ae215: 收到消息#15, type=ping, format=pcm
2025-09-20 00:05:39.294 | DEBUG    | ws | ws_recognize:108 | 会话f72ae215: 收到消息#16, type=ping, format=pcm
2025-09-20 00:05:49.289 | DEBUG    | ws | ws_recognize:108 | 会话f72ae215: 收到消息#17, type=ping, format=pcm
2025-09-20 00:05:59.287 | DEBUG    | ws | ws_recognize:108 | 会话f72ae215: 收到消息#18, type=ping, format=pcm
2025-09-20 00:06:09.293 | DEBUG    | ws | ws_recognize:108 | 会话f72ae215: 收到消息#19, type=ping, format=pcm
2025-09-20 00:06:19.298 | DEBUG    | ws | ws_recognize:108 | 会话f72ae215: 收到消息#20, type=ping, format=pcm
2025-09-20 00:06:29.300 | DEBUG    | ws | ws_recognize:108 | 会话f72ae215: 收到消息#21, type=ping, format=pcm
2025-09-20 00:06:39.296 | DEBUG    | ws | ws_recognize:108 | 会话f72ae215: 收到消息#22, type=ping, format=pcm
2025-09-20 00:06:49.298 | DEBUG    | ws | ws_recognize:108 | 会话f72ae215: 收到消息#23, type=ping, format=pcm
2025-09-20 00:06:59.302 | DEBUG    | ws | ws_recognize:108 | 会话f72ae215: 收到消息#24, type=ping, format=pcm
2025-09-20 00:07:09.289 | DEBUG    | ws | ws_recognize:108 | 会话f72ae215: 收到消息#25, type=ping, format=pcm
2025-09-20 00:07:19.288 | DEBUG    | ws | ws_recognize:108 | 会话f72ae215: 收到消息#26, type=ping, format=pcm
2025-09-20 00:07:29.302 | DEBUG    | ws | ws_recognize:108 | 会话f72ae215: 收到消息#27, type=ping, format=pcm
2025-09-20 00:07:39.287 | DEBUG    | ws | ws_recognize:108 | 会话f72ae215: 收到消息#28, type=ping, format=pcm
2025-09-20 00:07:49.296 | DEBUG    | ws | ws_recognize:108 | 会话f72ae215: 收到消息#29, type=ping, format=pcm
2025-09-20 00:07:59.299 | DEBUG    | ws | ws_recognize:108 | 会话f72ae215: 收到消息#30, type=ping, format=pcm
2025-09-20 00:08:09.288 | DEBUG    | ws | ws_recognize:108 | 会话f72ae215: 收到消息#31, type=ping, format=pcm
2025-09-20 00:08:19.298 | DEBUG    | ws | ws_recognize:108 | 会话f72ae215: 收到消息#32, type=ping, format=pcm
2025-09-20 00:08:29.301 | DEBUG    | ws | ws_recognize:108 | 会话f72ae215: 收到消息#33, type=ping, format=pcm
2025-09-20 00:08:39.296 | DEBUG    | ws | ws_recognize:108 | 会话f72ae215: 收到消息#34, type=ping, format=pcm
2025-09-20 00:08:49.293 | DEBUG    | ws | ws_recognize:108 | 会话f72ae215: 收到消息#35, type=ping, format=pcm
2025-09-20 00:08:59.292 | DEBUG    | ws | ws_recognize:108 | 会话f72ae215: 收到消息#36, type=ping, format=pcm
2025-09-20 00:09:09.295 | DEBUG    | ws | ws_recognize:108 | 会话f72ae215: 收到消息#37, type=ping, format=pcm
2025-09-20 00:09:19.294 | DEBUG    | ws | ws_recognize:108 | 会话f72ae215: 收到消息#38, type=ping, format=pcm
2025-09-20 00:09:29.301 | DEBUG    | ws | ws_recognize:108 | 会话f72ae215: 收到消息#39, type=ping, format=pcm
2025-09-20 00:09:39.296 | DEBUG    | ws | ws_recognize:108 | 会话f72ae215: 收到消息#40, type=ping, format=pcm
2025-09-20 00:09:49.293 | DEBUG    | ws | ws_recognize:108 | 会话f72ae215: 收到消息#41, type=ping, format=pcm
2025-09-20 00:09:59.298 | DEBUG    | ws | ws_recognize:108 | 会话f72ae215: 收到消息#42, type=ping, format=pcm
2025-09-20 00:10:09.304 | DEBUG    | ws | ws_recognize:108 | 会话f72ae215: 收到消息#43, type=ping, format=pcm
2025-09-20 00:10:19.297 | DEBUG    | ws | ws_recognize:108 | 会话f72ae215: 收到消息#44, type=ping, format=pcm
2025-09-20 00:10:29.295 | DEBUG    | ws | ws_recognize:108 | 会话f72ae215: 收到消息#45, type=ping, format=pcm
2025-09-20 00:10:39.297 | DEBUG    | ws | ws_recognize:108 | 会话f72ae215: 收到消息#46, type=ping, format=pcm
2025-09-20 00:10:49.300 | DEBUG    | ws | ws_recognize:108 | 会话f72ae215: 收到消息#47, type=ping, format=pcm
2025-09-20 00:10:59.294 | DEBUG    | ws | ws_recognize:108 | 会话f72ae215: 收到消息#48, type=ping, format=pcm
2025-09-20 00:11:09.293 | DEBUG    | ws | ws_recognize:108 | 会话f72ae215: 收到消息#49, type=ping, format=pcm
2025-09-20 00:11:19.291 | DEBUG    | ws | ws_recognize:108 | 会话f72ae215: 收到消息#50, type=ping, format=pcm
2025-09-20 00:11:29.291 | DEBUG    | ws | ws_recognize:108 | 会话f72ae215: 收到消息#51, type=ping, format=pcm
2025-09-20 00:11:39.294 | DEBUG    | ws | ws_recognize:108 | 会话f72ae215: 收到消息#52, type=ping, format=pcm
2025-09-20 00:11:49.300 | DEBUG    | ws | ws_recognize:108 | 会话f72ae215: 收到消息#53, type=ping, format=pcm
2025-09-20 00:11:59.292 | DEBUG    | ws | ws_recognize:108 | 会话f72ae215: 收到消息#54, type=ping, format=pcm
2025-09-20 00:12:09.301 | DEBUG    | ws | ws_recognize:108 | 会话f72ae215: 收到消息#55, type=ping, format=pcm
2025-09-20 00:12:19.293 | DEBUG    | ws | ws_recognize:108 | 会话f72ae215: 收到消息#56, type=ping, format=pcm
2025-09-20 00:12:29.298 | DEBUG    | ws | ws_recognize:108 | 会话f72ae215: 收到消息#57, type=ping, format=pcm
2025-09-20 00:12:39.289 | DEBUG    | ws | ws_recognize:108 | 会话f72ae215: 收到消息#58, type=ping, format=pcm
2025-09-20 00:12:49.294 | DEBUG    | ws | ws_recognize:108 | 会话f72ae215: 收到消息#59, type=ping, format=pcm
2025-09-20 00:12:59.297 | DEBUG    | ws | ws_recognize:108 | 会话f72ae215: 收到消息#60, type=ping, format=pcm
2025-09-20 00:13:09.299 | DEBUG    | ws | ws_recognize:108 | 会话f72ae215: 收到消息#61, type=ping, format=pcm
2025-09-20 00:13:19.300 | DEBUG    | ws | ws_recognize:108 | 会话f72ae215: 收到消息#62, type=ping, format=pcm
2025-09-20 00:13:29.293 | DEBUG    | ws | ws_recognize:108 | 会话f72ae215: 收到消息#63, type=ping, format=pcm
2025-09-20 00:13:39.288 | DEBUG    | ws | ws_recognize:108 | 会话f72ae215: 收到消息#64, type=ping, format=pcm
2025-09-20 00:13:49.299 | DEBUG    | ws | ws_recognize:108 | 会话f72ae215: 收到消息#65, type=ping, format=pcm
2025-09-20 00:13:59.294 | DEBUG    | ws | ws_recognize:108 | 会话f72ae215: 收到消息#66, type=ping, format=pcm
2025-09-20 00:14:09.299 | DEBUG    | ws | ws_recognize:108 | 会话f72ae215: 收到消息#67, type=ping, format=pcm
2025-09-20 00:14:19.306 | DEBUG    | ws | ws_recognize:108 | 会话f72ae215: 收到消息#68, type=ping, format=pcm
2025-09-20 00:14:29.295 | DEBUG    | ws | ws_recognize:108 | 会话f72ae215: 收到消息#69, type=ping, format=pcm
2025-09-20 00:14:39.289 | DEBUG    | ws | ws_recognize:108 | 会话f72ae215: 收到消息#70, type=ping, format=pcm
2025-09-20 00:14:49.295 | DEBUG    | ws | ws_recognize:108 | 会话f72ae215: 收到消息#71, type=ping, format=pcm
2025-09-20 00:14:59.298 | DEBUG    | ws | ws_recognize:108 | 会话f72ae215: 收到消息#72, type=ping, format=pcm
2025-09-20 00:15:09.297 | DEBUG    | ws | ws_recognize:108 | 会话f72ae215: 收到消息#73, type=ping, format=pcm
2025-09-20 00:15:19.301 | DEBUG    | ws | ws_recognize:108 | 会话f72ae215: 收到消息#74, type=ping, format=pcm
2025-09-20 00:15:29.297 | DEBUG    | ws | ws_recognize:108 | 会话f72ae215: 收到消息#75, type=ping, format=pcm
2025-09-20 00:15:39.287 | DEBUG    | ws | ws_recognize:108 | 会话f72ae215: 收到消息#76, type=ping, format=pcm
2025-09-20 00:15:49.292 | DEBUG    | ws | ws_recognize:108 | 会话f72ae215: 收到消息#77, type=ping, format=pcm
2025-09-20 00:15:59.295 | DEBUG    | ws | ws_recognize:108 | 会话f72ae215: 收到消息#78, type=ping, format=pcm
2025-09-20 00:16:09.299 | DEBUG    | ws | ws_recognize:108 | 会话f72ae215: 收到消息#79, type=ping, format=pcm
2025-09-20 00:16:19.300 | DEBUG    | ws | ws_recognize:108 | 会话f72ae215: 收到消息#80, type=ping, format=pcm
2025-09-20 00:16:29.297 | DEBUG    | ws | ws_recognize:108 | 会话f72ae215: 收到消息#81, type=ping, format=pcm
2025-09-20 00:16:39.298 | DEBUG    | ws | ws_recognize:108 | 会话f72ae215: 收到消息#82, type=ping, format=pcm
2025-09-20 00:16:49.292 | DEBUG    | ws | ws_recognize:108 | 会话f72ae215: 收到消息#83, type=ping, format=pcm
2025-09-20 00:16:59.301 | DEBUG    | ws | ws_recognize:108 | 会话f72ae215: 收到消息#84, type=ping, format=pcm
2025-09-20 00:17:09.320 | DEBUG    | ws | ws_recognize:108 | 会话f72ae215: 收到消息#85, type=ping, format=pcm
2025-09-20 00:17:19.303 | DEBUG    | ws | ws_recognize:108 | 会话f72ae215: 收到消息#86, type=ping, format=pcm
2025-09-20 00:17:29.299 | DEBUG    | ws | ws_recognize:108 | 会话f72ae215: 收到消息#87, type=ping, format=pcm
2025-09-20 00:17:39.301 | DEBUG    | ws | ws_recognize:108 | 会话f72ae215: 收到消息#88, type=ping, format=pcm
2025-09-20 00:17:49.304 | DEBUG    | ws | ws_recognize:108 | 会话f72ae215: 收到消息#89, type=ping, format=pcm
2025-09-20 00:17:59.301 | DEBUG    | ws | ws_recognize:108 | 会话f72ae215: 收到消息#90, type=ping, format=pcm
2025-09-20 00:18:09.288 | DEBUG    | ws | ws_recognize:108 | 会话f72ae215: 收到消息#91, type=ping, format=pcm
2025-09-20 00:18:19.286 | DEBUG    | ws | ws_recognize:108 | 会话f72ae215: 收到消息#92, type=ping, format=pcm
2025-09-20 00:18:29.287 | DEBUG    | ws | ws_recognize:108 | 会话f72ae215: 收到消息#93, type=ping, format=pcm
2025-09-20 00:18:39.295 | DEBUG    | ws | ws_recognize:108 | 会话f72ae215: 收到消息#94, type=ping, format=pcm
2025-09-20 00:18:49.302 | DEBUG    | ws | ws_recognize:108 | 会话f72ae215: 收到消息#95, type=ping, format=pcm
2025-09-20 00:18:59.298 | DEBUG    | ws | ws_recognize:108 | 会话f72ae215: 收到消息#96, type=ping, format=pcm
2025-09-20 00:19:09.294 | DEBUG    | ws | ws_recognize:108 | 会话f72ae215: 收到消息#97, type=ping, format=pcm
2025-09-20 00:19:19.291 | DEBUG    | ws | ws_recognize:108 | 会话f72ae215: 收到消息#98, type=ping, format=pcm
2025-09-20 00:19:29.294 | DEBUG    | ws | ws_recognize:108 | 会话f72ae215: 收到消息#99, type=ping, format=pcm
2025-09-20 00:19:39.294 | DEBUG    | ws | ws_recognize:108 | 会话f72ae215: 收到消息#100, type=ping, format=pcm
2025-09-20 00:19:49.289 | DEBUG    | ws | ws_recognize:108 | 会话f72ae215: 收到消息#101, type=ping, format=pcm
2025-09-20 00:19:59.301 | DEBUG    | ws | ws_recognize:108 | 会话f72ae215: 收到消息#102, type=ping, format=pcm
2025-09-20 00:20:09.302 | DEBUG    | ws | ws_recognize:108 | 会话f72ae215: 收到消息#103, type=ping, format=pcm
2025-09-20 00:20:19.302 | DEBUG    | ws | ws_recognize:108 | 会话f72ae215: 收到消息#104, type=ping, format=pcm
2025-09-20 00:20:29.303 | DEBUG    | ws | ws_recognize:108 | 会话f72ae215: 收到消息#105, type=ping, format=pcm
2025-09-20 00:20:39.311 | DEBUG    | ws | ws_recognize:108 | 会话f72ae215: 收到消息#106, type=ping, format=pcm
2025-09-20 00:20:49.295 | DEBUG    | ws | ws_recognize:108 | 会话f72ae215: 收到消息#107, type=ping, format=pcm
2025-09-20 00:20:59.297 | DEBUG    | ws | ws_recognize:108 | 会话f72ae215: 收到消息#108, type=ping, format=pcm
2025-09-20 00:21:09.289 | DEBUG    | ws | ws_recognize:108 | 会话f72ae215: 收到消息#109, type=ping, format=pcm
2025-09-20 00:21:19.299 | DEBUG    | ws | ws_recognize:108 | 会话f72ae215: 收到消息#110, type=ping, format=pcm
2025-09-20 00:21:29.289 | DEBUG    | ws | ws_recognize:108 | 会话f72ae215: 收到消息#111, type=ping, format=pcm
2025-09-20 00:21:39.294 | DEBUG    | ws | ws_recognize:108 | 会话f72ae215: 收到消息#112, type=ping, format=pcm
2025-09-20 00:21:49.299 | DEBUG    | ws | ws_recognize:108 | 会话f72ae215: 收到消息#113, type=ping, format=pcm
2025-09-20 00:21:59.300 | DEBUG    | ws | ws_recognize:108 | 会话f72ae215: 收到消息#114, type=ping, format=pcm
2025-09-20 00:22:09.299 | DEBUG    | ws | ws_recognize:108 | 会话f72ae215: 收到消息#115, type=ping, format=pcm
2025-09-20 00:22:19.299 | DEBUG    | ws | ws_recognize:108 | 会话f72ae215: 收到消息#116, type=ping, format=pcm
2025-09-20 00:22:29.297 | DEBUG    | ws | ws_recognize:108 | 会话f72ae215: 收到消息#117, type=ping, format=pcm
2025-09-20 00:22:39.290 | DEBUG    | ws | ws_recognize:108 | 会话f72ae215: 收到消息#118, type=ping, format=pcm
2025-09-20 00:22:49.291 | DEBUG    | ws | ws_recognize:108 | 会话f72ae215: 收到消息#119, type=ping, format=pcm
2025-09-20 00:22:59.299 | DEBUG    | ws | ws_recognize:108 | 会话f72ae215: 收到消息#120, type=ping, format=pcm
2025-09-20 00:23:09.291 | DEBUG    | ws | ws_recognize:108 | 会话f72ae215: 收到消息#121, type=ping, format=pcm
2025-09-20 00:23:19.315 | DEBUG    | ws | ws_recognize:108 | 会话f72ae215: 收到消息#122, type=ping, format=pcm
2025-09-20 00:23:29.298 | DEBUG    | ws | ws_recognize:108 | 会话f72ae215: 收到消息#123, type=ping, format=pcm
2025-09-20 00:23:39.302 | DEBUG    | ws | ws_recognize:108 | 会话f72ae215: 收到消息#124, type=ping, format=pcm
2025-09-20 00:23:49.296 | DEBUG    | ws | ws_recognize:108 | 会话f72ae215: 收到消息#125, type=ping, format=pcm
2025-09-20 00:23:59.298 | DEBUG    | ws | ws_recognize:108 | 会话f72ae215: 收到消息#126, type=ping, format=pcm
2025-09-20 00:24:09.289 | DEBUG    | ws | ws_recognize:108 | 会话f72ae215: 收到消息#127, type=ping, format=pcm
2025-09-20 00:24:19.297 | DEBUG    | ws | ws_recognize:108 | 会话f72ae215: 收到消息#128, type=ping, format=pcm
2025-09-20 00:24:29.303 | DEBUG    | ws | ws_recognize:108 | 会话f72ae215: 收到消息#129, type=ping, format=pcm
2025-09-20 00:24:39.296 | DEBUG    | ws | ws_recognize:108 | 会话f72ae215: 收到消息#130, type=ping, format=pcm
2025-09-20 00:24:49.289 | DEBUG    | ws | ws_recognize:108 | 会话f72ae215: 收到消息#131, type=ping, format=pcm
2025-09-20 00:24:59.302 | DEBUG    | ws | ws_recognize:108 | 会话f72ae215: 收到消息#132, type=ping, format=pcm
2025-09-20 00:25:09.294 | DEBUG    | ws | ws_recognize:108 | 会话f72ae215: 收到消息#133, type=ping, format=pcm
2025-09-20 00:25:19.302 | DEBUG    | ws | ws_recognize:108 | 会话f72ae215: 收到消息#134, type=ping, format=pcm
2025-09-20 00:25:29.297 | DEBUG    | ws | ws_recognize:108 | 会话f72ae215: 收到消息#135, type=ping, format=pcm
2025-09-20 00:25:39.296 | DEBUG    | ws | ws_recognize:108 | 会话f72ae215: 收到消息#136, type=ping, format=pcm
2025-09-20 00:25:49.291 | DEBUG    | ws | ws_recognize:108 | 会话f72ae215: 收到消息#137, type=ping, format=pcm
2025-09-20 00:25:59.300 | DEBUG    | ws | ws_recognize:108 | 会话f72ae215: 收到消息#138, type=ping, format=pcm
2025-09-20 00:26:09.300 | DEBUG    | ws | ws_recognize:108 | 会话f72ae215: 收到消息#139, type=ping, format=pcm
2025-09-20 00:26:19.302 | DEBUG    | ws | ws_recognize:108 | 会话f72ae215: 收到消息#140, type=ping, format=pcm
2025-09-20 00:26:29.291 | DEBUG    | ws | ws_recognize:108 | 会话f72ae215: 收到消息#141, type=ping, format=pcm
2025-09-20 00:26:39.302 | DEBUG    | ws | ws_recognize:108 | 会话f72ae215: 收到消息#142, type=ping, format=pcm
2025-09-20 00:26:49.294 | DEBUG    | ws | ws_recognize:108 | 会话f72ae215: 收到消息#143, type=ping, format=pcm
2025-09-20 00:26:59.289 | DEBUG    | ws | ws_recognize:108 | 会话f72ae215: 收到消息#144, type=ping, format=pcm
2025-09-20 00:27:09.292 | DEBUG    | ws | ws_recognize:108 | 会话f72ae215: 收到消息#145, type=ping, format=pcm
2025-09-20 00:27:19.300 | DEBUG    | ws | ws_recognize:108 | 会话f72ae215: 收到消息#146, type=ping, format=pcm
2025-09-20 00:27:29.288 | DEBUG    | ws | ws_recognize:108 | 会话f72ae215: 收到消息#147, type=ping, format=pcm
2025-09-20 00:27:39.290 | DEBUG    | ws | ws_recognize:108 | 会话f72ae215: 收到消息#148, type=ping, format=pcm
2025-09-20 00:27:49.301 | DEBUG    | ws | ws_recognize:108 | 会话f72ae215: 收到消息#149, type=ping, format=pcm
2025-09-20 00:27:59.300 | DEBUG    | ws | ws_recognize:108 | 会话f72ae215: 收到消息#150, type=ping, format=pcm
2025-09-20 00:28:09.287 | DEBUG    | ws | ws_recognize:108 | 会话f72ae215: 收到消息#151, type=ping, format=pcm
2025-09-20 00:28:19.293 | DEBUG    | ws | ws_recognize:108 | 会话f72ae215: 收到消息#152, type=ping, format=pcm
2025-09-20 00:28:29.291 | DEBUG    | ws | ws_recognize:108 | 会话f72ae215: 收到消息#153, type=ping, format=pcm
2025-09-20 00:28:39.293 | DEBUG    | ws | ws_recognize:108 | 会话f72ae215: 收到消息#154, type=ping, format=pcm
2025-09-20 00:28:49.291 | DEBUG    | ws | ws_recognize:108 | 会话f72ae215: 收到消息#155, type=ping, format=pcm
2025-09-20 00:28:59.294 | DEBUG    | ws | ws_recognize:108 | 会话f72ae215: 收到消息#156, type=ping, format=pcm
2025-09-20 00:29:09.295 | DEBUG    | ws | ws_recognize:108 | 会话f72ae215: 收到消息#157, type=ping, format=pcm
2025-09-20 00:29:19.296 | DEBUG    | ws | ws_recognize:108 | 会话f72ae215: 收到消息#158, type=ping, format=pcm
2025-09-20 00:29:29.299 | DEBUG    | ws | ws_recognize:108 | 会话f72ae215: 收到消息#159, type=ping, format=pcm
2025-09-20 00:29:39.295 | DEBUG    | ws | ws_recognize:108 | 会话f72ae215: 收到消息#160, type=ping, format=pcm
2025-09-20 00:29:49.301 | DEBUG    | ws | ws_recognize:108 | 会话f72ae215: 收到消息#161, type=ping, format=pcm
2025-09-20 00:29:59.301 | DEBUG    | ws | ws_recognize:108 | 会话f72ae215: 收到消息#162, type=ping, format=pcm
2025-09-20 00:30:09.288 | DEBUG    | ws | ws_recognize:108 | 会话f72ae215: 收到消息#163, type=ping, format=pcm
2025-09-20 00:30:19.303 | DEBUG    | ws | ws_recognize:108 | 会话f72ae215: 收到消息#164, type=ping, format=pcm
2025-09-20 00:30:29.288 | DEBUG    | ws | ws_recognize:108 | 会话f72ae215: 收到消息#165, type=ping, format=pcm
2025-09-20 00:30:39.294 | DEBUG    | ws | ws_recognize:108 | 会话f72ae215: 收到消息#166, type=ping, format=pcm
2025-09-20 00:30:49.291 | DEBUG    | ws | ws_recognize:108 | 会话f72ae215: 收到消息#167, type=ping, format=pcm
2025-09-20 00:30:59.294 | DEBUG    | ws | ws_recognize:108 | 会话f72ae215: 收到消息#168, type=ping, format=pcm
2025-09-20 00:31:09.304 | DEBUG    | ws | ws_recognize:108 | 会话f72ae215: 收到消息#169, type=ping, format=pcm
2025-09-20 00:31:19.287 | DEBUG    | ws | ws_recognize:108 | 会话f72ae215: 收到消息#170, type=ping, format=pcm
2025-09-20 00:31:29.302 | DEBUG    | ws | ws_recognize:108 | 会话f72ae215: 收到消息#171, type=ping, format=pcm
2025-09-20 00:31:39.305 | DEBUG    | ws | ws_recognize:108 | 会话f72ae215: 收到消息#172, type=ping, format=pcm
2025-09-20 00:31:49.297 | DEBUG    | ws | ws_recognize:108 | 会话f72ae215: 收到消息#173, type=ping, format=pcm
2025-09-20 00:31:59.291 | DEBUG    | ws | ws_recognize:108 | 会话f72ae215: 收到消息#174, type=ping, format=pcm
2025-09-20 00:32:09.294 | DEBUG    | ws | ws_recognize:108 | 会话f72ae215: 收到消息#175, type=ping, format=pcm
2025-09-20 00:32:19.295 | DEBUG    | ws | ws_recognize:108 | 会话f72ae215: 收到消息#176, type=ping, format=pcm
2025-09-20 00:32:29.293 | DEBUG    | ws | ws_recognize:108 | 会话f72ae215: 收到消息#177, type=ping, format=pcm
2025-09-20 00:32:39.288 | DEBUG    | ws | ws_recognize:108 | 会话f72ae215: 收到消息#178, type=ping, format=pcm
2025-09-20 00:32:49.295 | DEBUG    | ws | ws_recognize:108 | 会话f72ae215: 收到消息#179, type=ping, format=pcm
2025-09-20 00:32:59.293 | DEBUG    | ws | ws_recognize:108 | 会话f72ae215: 收到消息#180, type=ping, format=pcm
2025-09-20 00:33:09.291 | DEBUG    | ws | ws_recognize:108 | 会话f72ae215: 收到消息#181, type=ping, format=pcm
2025-09-20 00:33:19.306 | DEBUG    | ws | ws_recognize:108 | 会话f72ae215: 收到消息#182, type=ping, format=pcm
2025-09-20 00:33:29.299 | DEBUG    | ws | ws_recognize:108 | 会话f72ae215: 收到消息#183, type=ping, format=pcm
2025-09-20 00:33:39.301 | DEBUG    | ws | ws_recognize:108 | 会话f72ae215: 收到消息#184, type=ping, format=pcm
2025-09-20 00:33:49.291 | DEBUG    | ws | ws_recognize:108 | 会话f72ae215: 收到消息#185, type=ping, format=pcm
2025-09-20 00:33:59.298 | DEBUG    | ws | ws_recognize:108 | 会话f72ae215: 收到消息#186, type=ping, format=pcm
2025-09-20 00:34:09.300 | DEBUG    | ws | ws_recognize:108 | 会话f72ae215: 收到消息#187, type=ping, format=pcm
2025-09-20 00:34:19.297 | DEBUG    | ws | ws_recognize:108 | 会话f72ae215: 收到消息#188, type=ping, format=pcm
2025-09-20 00:34:29.300 | DEBUG    | ws | ws_recognize:108 | 会话f72ae215: 收到消息#189, type=ping, format=pcm
2025-09-20 00:34:39.293 | DEBUG    | ws | ws_recognize:108 | 会话f72ae215: 收到消息#190, type=ping, format=pcm
2025-09-20 00:34:49.288 | DEBUG    | ws | ws_recognize:108 | 会话f72ae215: 收到消息#191, type=ping, format=pcm
2025-09-20 00:34:59.299 | DEBUG    | ws | ws_recognize:108 | 会话f72ae215: 收到消息#192, type=ping, format=pcm
2025-09-20 00:35:09.300 | DEBUG    | ws | ws_recognize:108 | 会话f72ae215: 收到消息#193, type=ping, format=pcm
2025-09-20 00:35:19.297 | DEBUG    | ws | ws_recognize:108 | 会话f72ae215: 收到消息#194, type=ping, format=pcm
2025-09-20 00:35:29.324 | DEBUG    | ws | ws_recognize:108 | 会话f72ae215: 收到消息#195, type=ping, format=pcm
2025-09-20 00:35:39.301 | DEBUG    | ws | ws_recognize:108 | 会话f72ae215: 收到消息#196, type=ping, format=pcm
2025-09-20 00:35:49.300 | DEBUG    | ws | ws_recognize:108 | 会话f72ae215: 收到消息#197, type=ping, format=pcm
2025-09-20 00:35:59.296 | DEBUG    | ws | ws_recognize:108 | 会话f72ae215: 收到消息#198, type=ping, format=pcm
2025-09-20 00:36:09.299 | DEBUG    | ws | ws_recognize:108 | 会话f72ae215: 收到消息#199, type=ping, format=pcm
2025-09-20 00:36:19.293 | DEBUG    | ws | ws_recognize:108 | 会话f72ae215: 收到消息#200, type=ping, format=pcm
2025-09-20 00:36:29.290 | DEBUG    | ws | ws_recognize:108 | 会话f72ae215: 收到消息#201, type=ping, format=pcm
2025-09-20 00:36:39.294 | DEBUG    | ws | ws_recognize:108 | 会话f72ae215: 收到消息#202, type=ping, format=pcm
2025-09-20 00:36:49.290 | DEBUG    | ws | ws_recognize:108 | 会话f72ae215: 收到消息#203, type=ping, format=pcm
2025-09-20 00:36:59.296 | DEBUG    | ws | ws_recognize:108 | 会话f72ae215: 收到消息#204, type=ping, format=pcm
2025-09-20 00:37:09.297 | DEBUG    | ws | ws_recognize:108 | 会话f72ae215: 收到消息#205, type=ping, format=pcm
2025-09-20 00:37:19.294 | DEBUG    | ws | ws_recognize:108 | 会话f72ae215: 收到消息#206, type=ping, format=pcm
2025-09-20 00:37:29.293 | DEBUG    | ws | ws_recognize:108 | 会话f72ae215: 收到消息#207, type=ping, format=pcm
2025-09-20 00:37:39.293 | DEBUG    | ws | ws_recognize:108 | 会话f72ae215: 收到消息#208, type=ping, format=pcm
2025-09-20 00:37:49.294 | DEBUG    | ws | ws_recognize:108 | 会话f72ae215: 收到消息#209, type=ping, format=pcm
2025-09-20 00:37:59.297 | DEBUG    | ws | ws_recognize:108 | 会话f72ae215: 收到消息#210, type=ping, format=pcm
2025-09-20 00:38:09.300 | DEBUG    | ws | ws_recognize:108 | 会话f72ae215: 收到消息#211, type=ping, format=pcm
2025-09-20 00:38:19.295 | DEBUG    | ws | ws_recognize:108 | 会话f72ae215: 收到消息#212, type=ping, format=pcm
2025-09-20 00:38:29.302 | DEBUG    | ws | ws_recognize:108 | 会话f72ae215: 收到消息#213, type=ping, format=pcm
2025-09-20 00:38:39.295 | DEBUG    | ws | ws_recognize:108 | 会话f72ae215: 收到消息#214, type=ping, format=pcm
2025-09-20 00:38:49.303 | DEBUG    | ws | ws_recognize:108 | 会话f72ae215: 收到消息#215, type=ping, format=pcm
2025-09-20 00:38:59.296 | DEBUG    | ws | ws_recognize:108 | 会话f72ae215: 收到消息#216, type=ping, format=pcm
2025-09-20 00:39:09.292 | DEBUG    | ws | ws_recognize:108 | 会话f72ae215: 收到消息#217, type=ping, format=pcm
2025-09-20 00:39:19.292 | DEBUG    | ws | ws_recognize:108 | 会话f72ae215: 收到消息#218, type=ping, format=pcm
2025-09-20 00:39:29.289 | DEBUG    | ws | ws_recognize:108 | 会话f72ae215: 收到消息#219, type=ping, format=pcm
2025-09-20 00:39:39.290 | DEBUG    | ws | ws_recognize:108 | 会话f72ae215: 收到消息#220, type=ping, format=pcm
2025-09-20 00:39:49.288 | DEBUG    | ws | ws_recognize:108 | 会话f72ae215: 收到消息#221, type=ping, format=pcm
2025-09-20 00:39:59.302 | DEBUG    | ws | ws_recognize:108 | 会话f72ae215: 收到消息#222, type=ping, format=pcm
2025-09-20 00:40:09.288 | DEBUG    | ws | ws_recognize:108 | 会话f72ae215: 收到消息#223, type=ping, format=pcm
2025-09-20 00:40:19.289 | DEBUG    | ws | ws_recognize:108 | 会话f72ae215: 收到消息#224, type=ping, format=pcm
2025-09-20 00:40:29.297 | DEBUG    | ws | ws_recognize:108 | 会话f72ae215: 收到消息#225, type=ping, format=pcm
2025-09-20 00:40:39.290 | DEBUG    | ws | ws_recognize:108 | 会话f72ae215: 收到消息#226, type=ping, format=pcm
2025-09-20 00:40:49.289 | DEBUG    | ws | ws_recognize:108 | 会话f72ae215: 收到消息#227, type=ping, format=pcm
2025-09-20 00:40:59.301 | DEBUG    | ws | ws_recognize:108 | 会话f72ae215: 收到消息#228, type=ping, format=pcm
2025-09-20 00:41:09.289 | DEBUG    | ws | ws_recognize:108 | 会话f72ae215: 收到消息#229, type=ping, format=pcm
2025-09-20 00:41:19.302 | DEBUG    | ws | ws_recognize:108 | 会话f72ae215: 收到消息#230, type=ping, format=pcm
2025-09-20 00:41:29.297 | DEBUG    | ws | ws_recognize:108 | 会话f72ae215: 收到消息#231, type=ping, format=pcm
2025-09-20 00:41:39.295 | DEBUG    | ws | ws_recognize:108 | 会话f72ae215: 收到消息#232, type=ping, format=pcm
2025-09-20 00:41:49.291 | DEBUG    | ws | ws_recognize:108 | 会话f72ae215: 收到消息#233, type=ping, format=pcm
2025-09-20 00:41:59.290 | DEBUG    | ws | ws_recognize:108 | 会话f72ae215: 收到消息#234, type=ping, format=pcm
2025-09-20 00:42:09.294 | DEBUG    | ws | ws_recognize:108 | 会话f72ae215: 收到消息#235, type=ping, format=pcm
2025-09-20 00:42:19.296 | DEBUG    | ws | ws_recognize:108 | 会话f72ae215: 收到消息#236, type=ping, format=pcm
2025-09-20 00:42:29.296 | DEBUG    | ws | ws_recognize:108 | 会话f72ae215: 收到消息#237, type=ping, format=pcm
2025-09-20 00:42:39.299 | DEBUG    | ws | ws_recognize:108 | 会话f72ae215: 收到消息#238, type=ping, format=pcm
2025-09-20 00:42:49.299 | DEBUG    | ws | ws_recognize:108 | 会话f72ae215: 收到消息#239, type=ping, format=pcm
2025-09-20 00:42:59.293 | DEBUG    | ws | ws_recognize:108 | 会话f72ae215: 收到消息#240, type=ping, format=pcm
2025-09-20 00:43:09.301 | DEBUG    | ws | ws_recognize:108 | 会话f72ae215: 收到消息#241, type=ping, format=pcm
2025-09-20 00:43:19.293 | DEBUG    | ws | ws_recognize:108 | 会话f72ae215: 收到消息#242, type=ping, format=pcm
2025-09-20 00:43:29.286 | DEBUG    | ws | ws_recognize:108 | 会话f72ae215: 收到消息#243, type=ping, format=pcm
2025-09-20 00:43:39.295 | DEBUG    | ws | ws_recognize:108 | 会话f72ae215: 收到消息#244, type=ping, format=pcm
2025-09-20 00:43:49.293 | DEBUG    | ws | ws_recognize:108 | 会话f72ae215: 收到消息#245, type=ping, format=pcm
2025-09-20 00:43:59.290 | DEBUG    | ws | ws_recognize:108 | 会话f72ae215: 收到消息#246, type=ping, format=pcm
2025-09-20 00:44:09.300 | DEBUG    | ws | ws_recognize:108 | 会话f72ae215: 收到消息#247, type=ping, format=pcm
2025-09-20 00:44:19.293 | DEBUG    | ws | ws_recognize:108 | 会话f72ae215: 收到消息#248, type=ping, format=pcm
2025-09-20 00:44:29.295 | DEBUG    | ws | ws_recognize:108 | 会话f72ae215: 收到消息#249, type=ping, format=pcm
2025-09-20 00:44:39.309 | DEBUG    | ws | ws_recognize:108 | 会话f72ae215: 收到消息#250, type=ping, format=pcm
2025-09-20 00:44:49.291 | DEBUG    | ws | ws_recognize:108 | 会话f72ae215: 收到消息#251, type=ping, format=pcm
2025-09-20 00:44:59.297 | DEBUG    | ws | ws_recognize:108 | 会话f72ae215: 收到消息#252, type=ping, format=pcm
2025-09-20 00:45:09.296 | DEBUG    | ws | ws_recognize:108 | 会话f72ae215: 收到消息#253, type=ping, format=pcm
2025-09-20 00:45:19.300 | DEBUG    | ws | ws_recognize:108 | 会话f72ae215: 收到消息#254, type=ping, format=pcm
2025-09-20 00:45:29.302 | DEBUG    | ws | ws_recognize:108 | 会话f72ae215: 收到消息#255, type=ping, format=pcm
2025-09-20 00:45:39.295 | DEBUG    | ws | ws_recognize:108 | 会话f72ae215: 收到消息#256, type=ping, format=pcm
2025-09-20 00:45:49.298 | DEBUG    | ws | ws_recognize:108 | 会话f72ae215: 收到消息#257, type=ping, format=pcm
2025-09-20 00:45:59.288 | DEBUG    | ws | ws_recognize:108 | 会话f72ae215: 收到消息#258, type=ping, format=pcm
2025-09-20 00:46:09.296 | DEBUG    | ws | ws_recognize:108 | 会话f72ae215: 收到消息#259, type=ping, format=pcm
2025-09-20 00:46:19.297 | DEBUG    | ws | ws_recognize:108 | 会话f72ae215: 收到消息#260, type=ping, format=pcm
2025-09-20 00:46:29.296 | DEBUG    | ws | ws_recognize:108 | 会话f72ae215: 收到消息#261, type=ping, format=pcm
2025-09-20 00:46:39.295 | DEBUG    | ws | ws_recognize:108 | 会话f72ae215: 收到消息#262, type=ping, format=pcm
2025-09-20 00:46:49.301 | DEBUG    | ws | ws_recognize:108 | 会话f72ae215: 收到消息#263, type=ping, format=pcm
2025-09-20 00:46:59.295 | DEBUG    | ws | ws_recognize:108 | 会话f72ae215: 收到消息#264, type=ping, format=pcm
2025-09-20 00:47:09.303 | DEBUG    | ws | ws_recognize:108 | 会话f72ae215: 收到消息#265, type=ping, format=pcm
2025-09-20 00:47:19.301 | DEBUG    | ws | ws_recognize:108 | 会话f72ae215: 收到消息#266, type=ping, format=pcm
2025-09-20 00:47:29.297 | DEBUG    | ws | ws_recognize:108 | 会话f72ae215: 收到消息#267, type=ping, format=pcm
2025-09-20 00:47:34.608 | ERROR    | ws | ws_recognize:319 | 会话f72ae215: WebSocket错误详情:
Traceback (most recent call last):
  File "/mnt/d/WorkSpace/code/evoice-versions/base/e-voice/server/routes/ws.py", line 51, in ws_recognize
    message = ws.receive()
              ^^^^^^^^^^^^
  File "/home/nlwu/miniconda3/envs/py312/lib/python3.12/site-packages/simple_websocket/ws.py", line 104, in receive
    raise ConnectionClosed(self.close_reason, self.close_message)
simple_websocket.errors.ConnectionClosed: Connection closed: 1001 

2025-09-20 00:47:34.609 | ERROR    | ws | ws_recognize:328 | 会话f72ae215: 无法发送错误消息，连接可能已断开
2025-09-20 00:47:34.609 | INFO     | ws | ws_recognize:336 | 会话f72ae215: WebSocket连接关闭
2025-09-20 02:56:57.905 | INFO     | ws | ws_recognize:22 | 会话开始: d021721b
2025-09-20 02:57:00.943 | DEBUG    | ws | ws_recognize:108 | 会话d021721b: 收到消息#1, type=start, format=pcm
2025-09-20 02:57:00.943 | INFO     | ws | ws_recognize:113 | 会话d021721b: 开始实时识别
2025-09-20 02:57:01.329 | DEBUG    | ws | ws_recognize:127 | 会话d021721b: 发送started消息
2025-09-20 02:57:01.329 | DEBUG    | ws | ws_recognize:108 | 会话d021721b: 收到消息#2, type=chunk, format=pcm
2025-09-20 02:57:01.343 | DEBUG    | ws | ws_recognize:108 | 会话d021721b: 收到消息#3, type=chunk, format=pcm
2025-09-20 02:57:01.353 | DEBUG    | ws | ws_recognize:108 | 会话d021721b: 收到消息#4, type=chunk, format=pcm
2025-09-20 02:57:01.363 | DEBUG    | ws | ws_recognize:108 | 会话d021721b: 收到消息#5, type=chunk, format=pcm
2025-09-20 02:57:01.374 | DEBUG    | ws | ws_recognize:108 | 会话d021721b: 收到消息#6, type=chunk, format=pcm
2025-09-20 02:57:01.389 | DEBUG    | ws | ws_recognize:108 | 会话d021721b: 收到消息#7, type=chunk, format=pcm
2025-09-20 02:57:01.402 | DEBUG    | ws | ws_recognize:108 | 会话d021721b: 收到消息#8, type=chunk, format=pcm
2025-09-20 02:57:01.467 | DEBUG    | ws | ws_recognize:108 | 会话d021721b: 收到消息#9, type=chunk, format=pcm
2025-09-20 02:57:01.727 | DEBUG    | ws | ws_recognize:108 | 会话d021721b: 收到消息#10, type=chunk, format=pcm
2025-09-20 02:57:01.987 | DEBUG    | ws | ws_recognize:108 | 会话d021721b: 收到消息#11, type=chunk, format=pcm
2025-09-20 02:57:02.242 | DEBUG    | ws | ws_recognize:108 | 会话d021721b: 收到消息#12, type=chunk, format=pcm
2025-09-20 02:57:02.497 | DEBUG    | ws | ws_recognize:108 | 会话d021721b: 收到消息#13, type=chunk, format=pcm
2025-09-20 02:57:02.747 | DEBUG    | ws | ws_recognize:108 | 会话d021721b: 收到消息#14, type=chunk, format=pcm
2025-09-20 02:57:03.007 | DEBUG    | ws | ws_recognize:108 | 会话d021721b: 收到消息#15, type=chunk, format=pcm
2025-09-20 02:57:03.271 | DEBUG    | ws | ws_recognize:108 | 会话d021721b: 收到消息#16, type=chunk, format=pcm
2025-09-20 02:57:03.517 | DEBUG    | ws | ws_recognize:108 | 会话d021721b: 收到消息#17, type=chunk, format=pcm
2025-09-20 02:57:03.777 | DEBUG    | ws | ws_recognize:108 | 会话d021721b: 收到消息#18, type=chunk, format=pcm
2025-09-20 02:57:04.027 | DEBUG    | ws | ws_recognize:108 | 会话d021721b: 收到消息#19, type=chunk, format=pcm
2025-09-20 02:57:04.287 | DEBUG    | ws | ws_recognize:108 | 会话d021721b: 收到消息#20, type=chunk, format=pcm
2025-09-20 02:57:04.555 | DEBUG    | ws | ws_recognize:108 | 会话d021721b: 收到消息#21, type=chunk, format=pcm
2025-09-20 02:57:04.797 | DEBUG    | ws | ws_recognize:108 | 会话d021721b: 收到消息#22, type=chunk, format=pcm
2025-09-20 02:57:05.057 | DEBUG    | ws | ws_recognize:108 | 会话d021721b: 收到消息#23, type=chunk, format=pcm
2025-09-20 02:57:05.307 | DEBUG    | ws | ws_recognize:108 | 会话d021721b: 收到消息#24, type=chunk, format=pcm
2025-09-20 02:57:05.567 | DEBUG    | ws | ws_recognize:108 | 会话d021721b: 收到消息#25, type=chunk, format=pcm
2025-09-20 02:57:05.827 | DEBUG    | ws | ws_recognize:108 | 会话d021721b: 收到消息#26, type=chunk, format=pcm
2025-09-20 02:57:06.078 | DEBUG    | ws | ws_recognize:108 | 会话d021721b: 收到消息#27, type=chunk, format=pcm
2025-09-20 02:57:06.337 | DEBUG    | ws | ws_recognize:108 | 会话d021721b: 收到消息#28, type=chunk, format=pcm
2025-09-20 02:57:06.587 | DEBUG    | ws | ws_recognize:108 | 会话d021721b: 收到消息#29, type=chunk, format=pcm
2025-09-20 02:57:06.847 | DEBUG    | ws | ws_recognize:108 | 会话d021721b: 收到消息#30, type=chunk, format=pcm
2025-09-20 02:57:07.107 | DEBUG    | ws | ws_recognize:108 | 会话d021721b: 收到消息#31, type=chunk, format=pcm
2025-09-20 02:57:07.362 | DEBUG    | ws | ws_recognize:108 | 会话d021721b: 收到消息#32, type=chunk, format=pcm
2025-09-20 02:57:07.617 | DEBUG    | ws | ws_recognize:108 | 会话d021721b: 收到消息#33, type=chunk, format=pcm
2025-09-20 02:57:07.867 | DEBUG    | ws | ws_recognize:108 | 会话d021721b: 收到消息#34, type=chunk, format=pcm
2025-09-20 02:57:07.931 | DEBUG    | ws | ws_recognize:108 | 会话d021721b: 收到消息#35, type=ping, format=pcm
2025-09-20 02:57:08.127 | DEBUG    | ws | ws_recognize:108 | 会话d021721b: 收到消息#36, type=chunk, format=pcm
2025-09-20 02:57:08.387 | DEBUG    | ws | ws_recognize:108 | 会话d021721b: 收到消息#37, type=chunk, format=pcm
2025-09-20 02:57:08.637 | DEBUG    | ws | ws_recognize:108 | 会话d021721b: 收到消息#38, type=chunk, format=pcm
2025-09-20 02:57:08.897 | DEBUG    | ws | ws_recognize:108 | 会话d021721b: 收到消息#39, type=chunk, format=pcm
2025-09-20 02:57:09.147 | DEBUG    | ws | ws_recognize:108 | 会话d021721b: 收到消息#40, type=chunk, format=pcm
2025-09-20 02:57:09.407 | DEBUG    | ws | ws_recognize:108 | 会话d021721b: 收到消息#41, type=chunk, format=pcm
2025-09-20 02:57:09.667 | DEBUG    | ws | ws_recognize:108 | 会话d021721b: 收到消息#42, type=chunk, format=pcm
2025-09-20 02:57:09.917 | DEBUG    | ws | ws_recognize:108 | 会话d021721b: 收到消息#43, type=chunk, format=pcm
2025-09-20 02:57:10.177 | DEBUG    | ws | ws_recognize:108 | 会话d021721b: 收到消息#44, type=chunk, format=pcm
2025-09-20 02:57:10.427 | DEBUG    | ws | ws_recognize:108 | 会话d021721b: 收到消息#45, type=chunk, format=pcm
2025-09-20 02:57:10.688 | DEBUG    | ws | ws_recognize:108 | 会话d021721b: 收到消息#46, type=chunk, format=pcm
2025-09-20 02:57:10.947 | DEBUG    | ws | ws_recognize:108 | 会话d021721b: 收到消息#47, type=chunk, format=pcm
2025-09-20 02:57:11.197 | DEBUG    | ws | ws_recognize:108 | 会话d021721b: 收到消息#48, type=chunk, format=pcm
2025-09-20 02:57:11.457 | DEBUG    | ws | ws_recognize:108 | 会话d021721b: 收到消息#49, type=chunk, format=pcm
2025-09-20 02:57:11.707 | DEBUG    | ws | ws_recognize:108 | 会话d021721b: 收到消息#50, type=chunk, format=pcm
2025-09-20 02:57:11.967 | DEBUG    | ws | ws_recognize:108 | 会话d021721b: 收到消息#51, type=chunk, format=pcm
2025-09-20 02:57:12.227 | DEBUG    | ws | ws_recognize:108 | 会话d021721b: 收到消息#52, type=chunk, format=pcm
2025-09-20 02:57:12.487 | DEBUG    | ws | ws_recognize:108 | 会话d021721b: 收到消息#53, type=chunk, format=pcm
2025-09-20 02:57:12.747 | DEBUG    | ws | ws_recognize:108 | 会话d021721b: 收到消息#54, type=chunk, format=pcm
2025-09-20 02:57:12.997 | DEBUG    | ws | ws_recognize:108 | 会话d021721b: 收到消息#55, type=chunk, format=pcm
2025-09-20 02:57:13.258 | DEBUG    | ws | ws_recognize:108 | 会话d021721b: 收到消息#56, type=chunk, format=pcm
2025-09-20 02:57:13.507 | DEBUG    | ws | ws_recognize:108 | 会话d021721b: 收到消息#57, type=chunk, format=pcm
2025-09-20 02:57:13.767 | DEBUG    | ws | ws_recognize:108 | 会话d021721b: 收到消息#58, type=chunk, format=pcm
2025-09-20 02:57:14.027 | DEBUG    | ws | ws_recognize:108 | 会话d021721b: 收到消息#59, type=chunk, format=pcm
2025-09-20 02:57:14.277 | DEBUG    | ws | ws_recognize:108 | 会话d021721b: 收到消息#60, type=chunk, format=pcm
2025-09-20 02:57:14.537 | DEBUG    | ws | ws_recognize:108 | 会话d021721b: 收到消息#61, type=chunk, format=pcm
2025-09-20 02:57:14.788 | DEBUG    | ws | ws_recognize:108 | 会话d021721b: 收到消息#62, type=chunk, format=pcm
2025-09-20 02:57:15.047 | DEBUG    | ws | ws_recognize:108 | 会话d021721b: 收到消息#63, type=chunk, format=pcm
2025-09-20 02:57:15.307 | DEBUG    | ws | ws_recognize:108 | 会话d021721b: 收到消息#64, type=chunk, format=pcm
2025-09-20 02:57:15.557 | DEBUG    | ws | ws_recognize:108 | 会话d021721b: 收到消息#65, type=chunk, format=pcm
2025-09-20 02:57:15.817 | DEBUG    | ws | ws_recognize:108 | 会话d021721b: 收到消息#66, type=chunk, format=pcm
2025-09-20 02:57:16.067 | DEBUG    | ws | ws_recognize:108 | 会话d021721b: 收到消息#67, type=chunk, format=pcm
2025-09-20 02:57:16.327 | DEBUG    | ws | ws_recognize:108 | 会话d021721b: 收到消息#68, type=chunk, format=pcm
2025-09-20 02:57:16.587 | DEBUG    | ws | ws_recognize:108 | 会话d021721b: 收到消息#69, type=chunk, format=pcm
2025-09-20 02:57:16.837 | DEBUG    | ws | ws_recognize:108 | 会话d021721b: 收到消息#70, type=chunk, format=pcm
2025-09-20 02:57:17.097 | DEBUG    | ws | ws_recognize:108 | 会话d021721b: 收到消息#71, type=chunk, format=pcm
2025-09-20 02:57:17.347 | DEBUG    | ws | ws_recognize:108 | 会话d021721b: 收到消息#72, type=chunk, format=pcm
2025-09-20 02:57:17.607 | DEBUG    | ws | ws_recognize:108 | 会话d021721b: 收到消息#73, type=chunk, format=pcm
2025-09-20 02:57:17.867 | DEBUG    | ws | ws_recognize:108 | 会话d021721b: 收到消息#74, type=chunk, format=pcm
2025-09-20 02:57:18.117 | DEBUG    | ws | ws_recognize:108 | 会话d021721b: 收到消息#75, type=chunk, format=pcm
2025-09-20 02:57:18.301 | DEBUG    | ws | ws_recognize:108 | 会话d021721b: 收到消息#76, type=ping, format=pcm
2025-09-20 02:57:18.377 | DEBUG    | ws | ws_recognize:108 | 会话d021721b: 收到消息#77, type=chunk, format=pcm
2025-09-20 02:57:18.627 | DEBUG    | ws | ws_recognize:108 | 会话d021721b: 收到消息#78, type=chunk, format=pcm
2025-09-20 02:57:18.889 | DEBUG    | ws | ws_recognize:108 | 会话d021721b: 收到消息#79, type=chunk, format=pcm
2025-09-20 02:57:19.147 | DEBUG    | ws | ws_recognize:108 | 会话d021721b: 收到消息#80, type=chunk, format=pcm
2025-09-20 02:57:19.397 | DEBUG    | ws | ws_recognize:108 | 会话d021721b: 收到消息#81, type=chunk, format=pcm
2025-09-20 02:57:19.657 | DEBUG    | ws | ws_recognize:108 | 会话d021721b: 收到消息#82, type=chunk, format=pcm
2025-09-20 02:57:19.907 | DEBUG    | ws | ws_recognize:108 | 会话d021721b: 收到消息#83, type=chunk, format=pcm
2025-09-20 02:57:20.167 | DEBUG    | ws | ws_recognize:108 | 会话d021721b: 收到消息#84, type=chunk, format=pcm
2025-09-20 02:57:20.426 | DEBUG    | ws | ws_recognize:108 | 会话d021721b: 收到消息#85, type=chunk, format=pcm
2025-09-20 02:57:20.684 | DEBUG    | ws | ws_recognize:108 | 会话d021721b: 收到消息#86, type=chunk, format=pcm
2025-09-20 02:57:20.937 | DEBUG    | ws | ws_recognize:108 | 会话d021721b: 收到消息#87, type=chunk, format=pcm
2025-09-20 02:57:21.186 | DEBUG    | ws | ws_recognize:108 | 会话d021721b: 收到消息#88, type=chunk, format=pcm
2025-09-20 02:57:21.446 | DEBUG    | ws | ws_recognize:108 | 会话d021721b: 收到消息#89, type=chunk, format=pcm
2025-09-20 02:57:21.706 | DEBUG    | ws | ws_recognize:108 | 会话d021721b: 收到消息#90, type=chunk, format=pcm
2025-09-20 02:57:21.956 | DEBUG    | ws | ws_recognize:108 | 会话d021721b: 收到消息#91, type=chunk, format=pcm
2025-09-20 02:57:22.218 | DEBUG    | ws | ws_recognize:108 | 会话d021721b: 收到消息#92, type=chunk, format=pcm
2025-09-20 02:57:22.466 | DEBUG    | ws | ws_recognize:108 | 会话d021721b: 收到消息#93, type=chunk, format=pcm
2025-09-20 02:57:22.726 | DEBUG    | ws | ws_recognize:108 | 会话d021721b: 收到消息#94, type=chunk, format=pcm
2025-09-20 02:57:22.986 | DEBUG    | ws | ws_recognize:108 | 会话d021721b: 收到消息#95, type=chunk, format=pcm
2025-09-20 02:57:23.236 | DEBUG    | ws | ws_recognize:108 | 会话d021721b: 收到消息#96, type=chunk, format=pcm
2025-09-20 02:57:23.496 | DEBUG    | ws | ws_recognize:108 | 会话d021721b: 收到消息#97, type=chunk, format=pcm
2025-09-20 02:57:23.746 | DEBUG    | ws | ws_recognize:108 | 会话d021721b: 收到消息#98, type=chunk, format=pcm
2025-09-20 02:57:24.006 | DEBUG    | ws | ws_recognize:108 | 会话d021721b: 收到消息#99, type=chunk, format=pcm
2025-09-20 02:57:24.266 | DEBUG    | ws | ws_recognize:108 | 会话d021721b: 收到消息#100, type=chunk, format=pcm
2025-09-20 02:57:24.517 | DEBUG    | ws | ws_recognize:108 | 会话d021721b: 收到消息#101, type=chunk, format=pcm
2025-09-20 02:57:24.776 | DEBUG    | ws | ws_recognize:108 | 会话d021721b: 收到消息#102, type=chunk, format=pcm
2025-09-20 02:57:25.028 | DEBUG    | ws | ws_recognize:108 | 会话d021721b: 收到消息#103, type=chunk, format=pcm
2025-09-20 02:57:25.286 | DEBUG    | ws | ws_recognize:108 | 会话d021721b: 收到消息#104, type=chunk, format=pcm
2025-09-20 02:57:25.546 | DEBUG    | ws | ws_recognize:108 | 会话d021721b: 收到消息#105, type=chunk, format=pcm
2025-09-20 02:57:25.796 | DEBUG    | ws | ws_recognize:108 | 会话d021721b: 收到消息#106, type=chunk, format=pcm
2025-09-20 02:57:26.057 | DEBUG    | ws | ws_recognize:108 | 会话d021721b: 收到消息#107, type=chunk, format=pcm
2025-09-20 02:57:26.306 | DEBUG    | ws | ws_recognize:108 | 会话d021721b: 收到消息#108, type=chunk, format=pcm
2025-09-20 02:57:26.566 | DEBUG    | ws | ws_recognize:108 | 会话d021721b: 收到消息#109, type=chunk, format=pcm
2025-09-20 02:57:26.827 | DEBUG    | ws | ws_recognize:108 | 会话d021721b: 收到消息#110, type=chunk, format=pcm
2025-09-20 02:57:27.080 | DEBUG    | ws | ws_recognize:108 | 会话d021721b: 收到消息#111, type=chunk, format=pcm
2025-09-20 02:57:27.338 | DEBUG    | ws | ws_recognize:108 | 会话d021721b: 收到消息#112, type=chunk, format=pcm
2025-09-20 02:57:27.645 | DEBUG    | ws | ws_recognize:108 | 会话d021721b: 收到消息#113, type=chunk, format=pcm
2025-09-20 02:57:27.847 | DEBUG    | ws | ws_recognize:108 | 会话d021721b: 收到消息#114, type=chunk, format=pcm
2025-09-20 02:57:27.938 | DEBUG    | ws | ws_recognize:108 | 会话d021721b: 收到消息#115, type=ping, format=pcm
2025-09-20 02:57:28.106 | DEBUG    | ws | ws_recognize:108 | 会话d021721b: 收到消息#116, type=chunk, format=pcm
2025-09-20 02:57:28.356 | DEBUG    | ws | ws_recognize:108 | 会话d021721b: 收到消息#117, type=chunk, format=pcm
2025-09-20 02:57:28.616 | DEBUG    | ws | ws_recognize:108 | 会话d021721b: 收到消息#118, type=chunk, format=pcm
2025-09-20 02:57:29.259 | DEBUG    | ws | ws_recognize:108 | 会话d021721b: 收到消息#119, type=chunk, format=pcm
2025-09-20 02:57:29.274 | DEBUG    | ws | ws_recognize:108 | 会话d021721b: 收到消息#120, type=chunk, format=pcm
2025-09-20 02:57:29.391 | DEBUG    | ws | ws_recognize:108 | 会话d021721b: 收到消息#121, type=chunk, format=pcm
2025-09-20 02:57:29.728 | DEBUG    | ws | ws_recognize:108 | 会话d021721b: 收到消息#122, type=chunk, format=pcm
2025-09-20 02:57:30.130 | DEBUG    | ws | ws_recognize:108 | 会话d021721b: 收到消息#123, type=chunk, format=pcm
2025-09-20 02:57:30.521 | DEBUG    | ws | ws_recognize:108 | 会话d021721b: 收到消息#124, type=chunk, format=pcm
2025-09-20 02:57:30.924 | DEBUG    | ws | ws_recognize:108 | 会话d021721b: 收到消息#125, type=chunk, format=pcm
2025-09-20 02:57:31.332 | DEBUG    | ws | ws_recognize:108 | 会话d021721b: 收到消息#126, type=chunk, format=pcm
2025-09-20 02:57:31.736 | DEBUG    | ws | ws_recognize:108 | 会话d021721b: 收到消息#127, type=chunk, format=pcm
2025-09-20 02:57:32.122 | DEBUG    | ws | ws_recognize:108 | 会话d021721b: 收到消息#128, type=chunk, format=pcm
2025-09-20 02:57:32.492 | DEBUG    | ws | ws_recognize:108 | 会话d021721b: 收到消息#129, type=chunk, format=pcm
2025-09-20 02:57:32.777 | DEBUG    | ws | ws_recognize:108 | 会话d021721b: 收到消息#130, type=chunk, format=pcm
2025-09-20 02:57:33.027 | DEBUG    | ws | ws_recognize:108 | 会话d021721b: 收到消息#131, type=chunk, format=pcm
2025-09-20 02:57:33.290 | DEBUG    | ws | ws_recognize:108 | 会话d021721b: 收到消息#132, type=chunk, format=pcm
2025-09-20 02:57:33.548 | DEBUG    | ws | ws_recognize:108 | 会话d021721b: 收到消息#133, type=chunk, format=pcm
2025-09-20 02:57:33.802 | DEBUG    | ws | ws_recognize:108 | 会话d021721b: 收到消息#134, type=chunk, format=pcm
2025-09-20 02:57:34.068 | DEBUG    | ws | ws_recognize:108 | 会话d021721b: 收到消息#135, type=chunk, format=pcm
2025-09-20 02:57:34.317 | DEBUG    | ws | ws_recognize:108 | 会话d021721b: 收到消息#136, type=chunk, format=pcm
2025-09-20 02:57:34.577 | DEBUG    | ws | ws_recognize:108 | 会话d021721b: 收到消息#137, type=chunk, format=pcm
2025-09-20 02:57:34.839 | DEBUG    | ws | ws_recognize:108 | 会话d021721b: 收到消息#138, type=chunk, format=pcm
2025-09-20 02:57:35.087 | DEBUG    | ws | ws_recognize:108 | 会话d021721b: 收到消息#139, type=chunk, format=pcm
2025-09-20 02:57:35.347 | DEBUG    | ws | ws_recognize:108 | 会话d021721b: 收到消息#140, type=chunk, format=pcm
2025-09-20 02:57:35.597 | DEBUG    | ws | ws_recognize:108 | 会话d021721b: 收到消息#141, type=chunk, format=pcm
2025-09-20 02:57:35.858 | DEBUG    | ws | ws_recognize:108 | 会话d021721b: 收到消息#142, type=chunk, format=pcm
2025-09-20 02:57:36.118 | DEBUG    | ws | ws_recognize:108 | 会话d021721b: 收到消息#143, type=chunk, format=pcm
2025-09-20 02:57:36.367 | DEBUG    | ws | ws_recognize:108 | 会话d021721b: 收到消息#144, type=chunk, format=pcm
2025-09-20 02:57:36.642 | DEBUG    | ws | ws_recognize:108 | 会话d021721b: 收到消息#145, type=chunk, format=pcm
2025-09-20 02:57:36.877 | DEBUG    | ws | ws_recognize:108 | 会话d021721b: 收到消息#146, type=chunk, format=pcm
2025-09-20 02:57:37.139 | DEBUG    | ws | ws_recognize:108 | 会话d021721b: 收到消息#147, type=chunk, format=pcm
2025-09-20 02:57:37.400 | DEBUG    | ws | ws_recognize:108 | 会话d021721b: 收到消息#148, type=chunk, format=pcm
2025-09-20 02:57:37.648 | DEBUG    | ws | ws_recognize:108 | 会话d021721b: 收到消息#149, type=chunk, format=pcm
2025-09-20 02:57:37.908 | DEBUG    | ws | ws_recognize:108 | 会话d021721b: 收到消息#150, type=chunk, format=pcm
2025-09-20 02:57:37.930 | DEBUG    | ws | ws_recognize:108 | 会话d021721b: 收到消息#151, type=ping, format=pcm
2025-09-20 02:57:38.158 | DEBUG    | ws | ws_recognize:108 | 会话d021721b: 收到消息#152, type=chunk, format=pcm
2025-09-20 02:57:38.419 | DEBUG    | ws | ws_recognize:108 | 会话d021721b: 收到消息#153, type=chunk, format=pcm
2025-09-20 02:57:38.678 | DEBUG    | ws | ws_recognize:108 | 会话d021721b: 收到消息#154, type=chunk, format=pcm
2025-09-20 02:57:38.928 | DEBUG    | ws | ws_recognize:108 | 会话d021721b: 收到消息#155, type=chunk, format=pcm
2025-09-20 02:57:39.188 | DEBUG    | ws | ws_recognize:108 | 会话d021721b: 收到消息#156, type=chunk, format=pcm
2025-09-20 02:57:39.438 | DEBUG    | ws | ws_recognize:108 | 会话d021721b: 收到消息#157, type=chunk, format=pcm
2025-09-20 02:57:39.698 | DEBUG    | ws | ws_recognize:108 | 会话d021721b: 收到消息#158, type=chunk, format=pcm
2025-09-20 02:57:39.958 | DEBUG    | ws | ws_recognize:108 | 会话d021721b: 收到消息#159, type=chunk, format=pcm
2025-09-20 02:57:40.218 | DEBUG    | ws | ws_recognize:108 | 会话d021721b: 收到消息#160, type=chunk, format=pcm
2025-09-20 02:57:40.478 | DEBUG    | ws | ws_recognize:108 | 会话d021721b: 收到消息#161, type=chunk, format=pcm
2025-09-20 02:57:40.727 | DEBUG    | ws | ws_recognize:108 | 会话d021721b: 收到消息#162, type=chunk, format=pcm
2025-09-20 02:57:40.988 | DEBUG    | ws | ws_recognize:108 | 会话d021721b: 收到消息#163, type=chunk, format=pcm
2025-09-20 02:57:41.238 | DEBUG    | ws | ws_recognize:108 | 会话d021721b: 收到消息#164, type=chunk, format=pcm
2025-09-20 02:57:41.499 | DEBUG    | ws | ws_recognize:108 | 会话d021721b: 收到消息#165, type=chunk, format=pcm
2025-09-20 02:57:41.758 | DEBUG    | ws | ws_recognize:108 | 会话d021721b: 收到消息#166, type=chunk, format=pcm
2025-09-20 02:57:42.018 | DEBUG    | ws | ws_recognize:108 | 会话d021721b: 收到消息#167, type=chunk, format=pcm
2025-09-20 02:57:42.278 | DEBUG    | ws | ws_recognize:108 | 会话d021721b: 收到消息#168, type=chunk, format=pcm
2025-09-20 02:57:42.530 | DEBUG    | ws | ws_recognize:108 | 会话d021721b: 收到消息#169, type=chunk, format=pcm
2025-09-20 02:57:42.788 | DEBUG    | ws | ws_recognize:108 | 会话d021721b: 收到消息#170, type=chunk, format=pcm
2025-09-20 02:57:43.037 | DEBUG    | ws | ws_recognize:108 | 会话d021721b: 收到消息#171, type=chunk, format=pcm
2025-09-20 02:57:43.298 | DEBUG    | ws | ws_recognize:108 | 会话d021721b: 收到消息#172, type=chunk, format=pcm
2025-09-20 02:57:43.559 | DEBUG    | ws | ws_recognize:108 | 会话d021721b: 收到消息#173, type=chunk, format=pcm
2025-09-20 02:57:43.808 | DEBUG    | ws | ws_recognize:108 | 会话d021721b: 收到消息#174, type=chunk, format=pcm
2025-09-20 02:57:44.068 | DEBUG    | ws | ws_recognize:108 | 会话d021721b: 收到消息#175, type=chunk, format=pcm
2025-09-20 02:57:44.318 | DEBUG    | ws | ws_recognize:108 | 会话d021721b: 收到消息#176, type=chunk, format=pcm
2025-09-20 02:57:44.581 | DEBUG    | ws | ws_recognize:108 | 会话d021721b: 收到消息#177, type=chunk, format=pcm
2025-09-20 02:57:44.838 | DEBUG    | ws | ws_recognize:108 | 会话d021721b: 收到消息#178, type=chunk, format=pcm
2025-09-20 02:57:45.098 | DEBUG    | ws | ws_recognize:108 | 会话d021721b: 收到消息#179, type=chunk, format=pcm
2025-09-20 02:57:45.357 | DEBUG    | ws | ws_recognize:108 | 会话d021721b: 收到消息#180, type=chunk, format=pcm
2025-09-20 02:57:45.620 | DEBUG    | ws | ws_recognize:108 | 会话d021721b: 收到消息#181, type=chunk, format=pcm
2025-09-20 02:57:45.877 | DEBUG    | ws | ws_recognize:108 | 会话d021721b: 收到消息#182, type=chunk, format=pcm
2025-09-20 02:57:46.131 | DEBUG    | ws | ws_recognize:108 | 会话d021721b: 收到消息#183, type=chunk, format=pcm
2025-09-20 02:57:46.390 | DEBUG    | ws | ws_recognize:108 | 会话d021721b: 收到消息#184, type=chunk, format=pcm
2025-09-20 02:57:46.639 | DEBUG    | ws | ws_recognize:108 | 会话d021721b: 收到消息#185, type=chunk, format=pcm
2025-09-20 02:57:46.898 | DEBUG    | ws | ws_recognize:108 | 会话d021721b: 收到消息#186, type=chunk, format=pcm
2025-09-20 02:57:47.158 | DEBUG    | ws | ws_recognize:108 | 会话d021721b: 收到消息#187, type=chunk, format=pcm
2025-09-20 02:57:47.409 | DEBUG    | ws | ws_recognize:108 | 会话d021721b: 收到消息#188, type=chunk, format=pcm
2025-09-20 02:57:47.668 | DEBUG    | ws | ws_recognize:108 | 会话d021721b: 收到消息#189, type=chunk, format=pcm
2025-09-20 02:57:47.920 | DEBUG    | ws | ws_recognize:108 | 会话d021721b: 收到消息#190, type=chunk, format=pcm
2025-09-20 02:57:48.178 | DEBUG    | ws | ws_recognize:108 | 会话d021721b: 收到消息#191, type=chunk, format=pcm
2025-09-20 02:57:48.287 | DEBUG    | ws | ws_recognize:108 | 会话d021721b: 收到消息#192, type=ping, format=pcm
2025-09-20 02:57:48.438 | DEBUG    | ws | ws_recognize:108 | 会话d021721b: 收到消息#193, type=chunk, format=pcm
2025-09-20 02:57:48.706 | DEBUG    | ws | ws_recognize:108 | 会话d021721b: 收到消息#194, type=chunk, format=pcm
2025-09-20 02:57:48.959 | DEBUG    | ws | ws_recognize:108 | 会话d021721b: 收到消息#195, type=chunk, format=pcm
2025-09-20 02:57:49.207 | DEBUG    | ws | ws_recognize:108 | 会话d021721b: 收到消息#196, type=chunk, format=pcm
2025-09-20 02:57:49.468 | DEBUG    | ws | ws_recognize:108 | 会话d021721b: 收到消息#197, type=chunk, format=pcm
2025-09-20 02:57:49.718 | DEBUG    | ws | ws_recognize:108 | 会话d021721b: 收到消息#198, type=chunk, format=pcm
2025-09-20 02:57:49.978 | DEBUG    | ws | ws_recognize:108 | 会话d021721b: 收到消息#199, type=chunk, format=pcm
2025-09-20 02:57:50.237 | DEBUG    | ws | ws_recognize:108 | 会话d021721b: 收到消息#200, type=chunk, format=pcm
2025-09-20 02:57:50.516 | DEBUG    | ws | ws_recognize:108 | 会话d021721b: 收到消息#201, type=chunk, format=pcm
2025-09-20 02:57:50.756 | DEBUG    | ws | ws_recognize:108 | 会话d021721b: 收到消息#202, type=chunk, format=pcm
2025-09-20 02:57:51.017 | DEBUG    | ws | ws_recognize:108 | 会话d021721b: 收到消息#203, type=chunk, format=pcm
2025-09-20 02:57:51.277 | DEBUG    | ws | ws_recognize:108 | 会话d021721b: 收到消息#204, type=chunk, format=pcm
2025-09-20 02:57:51.536 | DEBUG    | ws | ws_recognize:108 | 会话d021721b: 收到消息#205, type=chunk, format=pcm
2025-09-20 02:57:51.800 | DEBUG    | ws | ws_recognize:108 | 会话d021721b: 收到消息#206, type=chunk, format=pcm
2025-09-20 02:57:52.058 | DEBUG    | ws | ws_recognize:108 | 会话d021721b: 收到消息#207, type=chunk, format=pcm
2025-09-20 02:57:52.318 | DEBUG    | ws | ws_recognize:108 | 会话d021721b: 收到消息#208, type=chunk, format=pcm
2025-09-20 02:57:52.569 | DEBUG    | ws | ws_recognize:108 | 会话d021721b: 收到消息#209, type=chunk, format=pcm
2025-09-20 02:57:52.829 | DEBUG    | ws | ws_recognize:108 | 会话d021721b: 收到消息#210, type=chunk, format=pcm
2025-09-20 02:57:53.078 | DEBUG    | ws | ws_recognize:108 | 会话d021721b: 收到消息#211, type=chunk, format=pcm
2025-09-20 02:57:53.337 | DEBUG    | ws | ws_recognize:108 | 会话d021721b: 收到消息#212, type=chunk, format=pcm
2025-09-20 02:57:53.597 | DEBUG    | ws | ws_recognize:108 | 会话d021721b: 收到消息#213, type=chunk, format=pcm
2025-09-20 02:57:53.847 | DEBUG    | ws | ws_recognize:108 | 会话d021721b: 收到消息#214, type=chunk, format=pcm
2025-09-20 02:57:54.106 | DEBUG    | ws | ws_recognize:108 | 会话d021721b: 收到消息#215, type=chunk, format=pcm
2025-09-20 02:57:54.357 | DEBUG    | ws | ws_recognize:108 | 会话d021721b: 收到消息#216, type=chunk, format=pcm
2025-09-20 02:57:54.617 | DEBUG    | ws | ws_recognize:108 | 会话d021721b: 收到消息#217, type=chunk, format=pcm
2025-09-20 02:57:54.877 | DEBUG    | ws | ws_recognize:108 | 会话d021721b: 收到消息#218, type=chunk, format=pcm
2025-09-20 02:57:54.970 | ERROR    | ws | ws_recognize:319 | 会话d021721b: WebSocket错误详情:
Traceback (most recent call last):
  File "/mnt/d/WorkSpace/code/evoice-versions/base/e-voice/server/routes/ws.py", line 51, in ws_recognize
    message = ws.receive()
              ^^^^^^^^^^^^
  File "/home/nlwu/miniconda3/envs/py312/lib/python3.12/site-packages/simple_websocket/ws.py", line 104, in receive
    raise ConnectionClosed(self.close_reason, self.close_message)
simple_websocket.errors.ConnectionClosed: Connection closed: 1001 

2025-09-20 02:57:54.971 | ERROR    | ws | ws_recognize:328 | 会话d021721b: 无法发送错误消息，连接可能已断开
2025-09-20 02:57:55.063 | INFO     | ws | ws_recognize:336 | 会话d021721b: WebSocket连接关闭
2025-09-20 02:57:57.524 | INFO     | ws | ws_recognize:22 | 会话开始: 86e73a36
2025-09-20 02:57:59.683 | DEBUG    | ws | ws_recognize:108 | 会话86e73a36: 收到消息#1, type=start, format=pcm
2025-09-20 02:57:59.685 | INFO     | ws | ws_recognize:113 | 会话86e73a36: 开始实时识别
2025-09-20 02:57:59.953 | DEBUG    | ws | ws_recognize:127 | 会话86e73a36: 发送started消息
2025-09-20 02:57:59.954 | DEBUG    | ws | ws_recognize:108 | 会话86e73a36: 收到消息#2, type=chunk, format=pcm
2025-09-20 02:57:59.994 | DEBUG    | ws | ws_recognize:108 | 会话86e73a36: 收到消息#3, type=chunk, format=pcm
2025-09-20 02:58:00.008 | DEBUG    | ws | ws_recognize:108 | 会话86e73a36: 收到消息#4, type=chunk, format=pcm
2025-09-20 02:58:00.020 | DEBUG    | ws | ws_recognize:108 | 会话86e73a36: 收到消息#5, type=chunk, format=pcm
2025-09-20 02:58:00.033 | DEBUG    | ws | ws_recognize:108 | 会话86e73a36: 收到消息#6, type=chunk, format=pcm
2025-09-20 02:58:00.250 | DEBUG    | ws | ws_recognize:108 | 会话86e73a36: 收到消息#7, type=chunk, format=pcm
2025-09-20 02:58:00.510 | DEBUG    | ws | ws_recognize:108 | 会话86e73a36: 收到消息#8, type=chunk, format=pcm
2025-09-20 02:58:00.770 | DEBUG    | ws | ws_recognize:108 | 会话86e73a36: 收到消息#9, type=chunk, format=pcm
2025-09-20 02:58:01.020 | DEBUG    | ws | ws_recognize:108 | 会话86e73a36: 收到消息#10, type=chunk, format=pcm
2025-09-20 02:58:01.280 | DEBUG    | ws | ws_recognize:108 | 会话86e73a36: 收到消息#11, type=chunk, format=pcm
2025-09-20 02:58:01.530 | DEBUG    | ws | ws_recognize:108 | 会话86e73a36: 收到消息#12, type=chunk, format=pcm
2025-09-20 02:58:01.789 | DEBUG    | ws | ws_recognize:108 | 会话86e73a36: 收到消息#13, type=chunk, format=pcm
2025-09-20 02:58:02.050 | DEBUG    | ws | ws_recognize:108 | 会话86e73a36: 收到消息#14, type=chunk, format=pcm
2025-09-20 02:58:02.299 | DEBUG    | ws | ws_recognize:108 | 会话86e73a36: 收到消息#15, type=chunk, format=pcm
2025-09-20 02:58:02.564 | DEBUG    | ws | ws_recognize:108 | 会话86e73a36: 收到消息#16, type=chunk, format=pcm
2025-09-20 02:58:02.810 | DEBUG    | ws | ws_recognize:108 | 会话86e73a36: 收到消息#17, type=chunk, format=pcm
2025-09-20 02:58:03.070 | DEBUG    | ws | ws_recognize:108 | 会话86e73a36: 收到消息#18, type=chunk, format=pcm
2025-09-20 02:58:03.332 | DEBUG    | ws | ws_recognize:108 | 会话86e73a36: 收到消息#19, type=chunk, format=pcm
2025-09-20 02:58:03.590 | DEBUG    | ws | ws_recognize:108 | 会话86e73a36: 收到消息#20, type=chunk, format=pcm
2025-09-20 02:58:03.850 | DEBUG    | ws | ws_recognize:108 | 会话86e73a36: 收到消息#21, type=chunk, format=pcm
2025-09-20 02:58:04.100 | DEBUG    | ws | ws_recognize:108 | 会话86e73a36: 收到消息#22, type=chunk, format=pcm
2025-09-20 02:58:04.361 | DEBUG    | ws | ws_recognize:108 | 会话86e73a36: 收到消息#23, type=chunk, format=pcm
2025-09-20 02:58:04.610 | DEBUG    | ws | ws_recognize:108 | 会话86e73a36: 收到消息#24, type=chunk, format=pcm
2025-09-20 02:58:04.872 | DEBUG    | ws | ws_recognize:108 | 会话86e73a36: 收到消息#25, type=chunk, format=pcm
2025-09-20 02:58:05.130 | DEBUG    | ws | ws_recognize:108 | 会话86e73a36: 收到消息#26, type=chunk, format=pcm
2025-09-20 02:58:05.394 | DEBUG    | ws | ws_recognize:108 | 会话86e73a36: 收到消息#27, type=chunk, format=pcm
2025-09-20 02:58:05.650 | DEBUG    | ws | ws_recognize:108 | 会话86e73a36: 收到消息#28, type=chunk, format=pcm
2025-09-20 02:58:05.910 | DEBUG    | ws | ws_recognize:108 | 会话86e73a36: 收到消息#29, type=chunk, format=pcm
2025-09-20 02:58:06.170 | DEBUG    | ws | ws_recognize:108 | 会话86e73a36: 收到消息#30, type=chunk, format=pcm
2025-09-20 02:58:06.420 | DEBUG    | ws | ws_recognize:108 | 会话86e73a36: 收到消息#31, type=chunk, format=pcm
2025-09-20 02:58:06.680 | DEBUG    | ws | ws_recognize:108 | 会话86e73a36: 收到消息#32, type=chunk, format=pcm
2025-09-20 02:58:06.930 | DEBUG    | ws | ws_recognize:108 | 会话86e73a36: 收到消息#33, type=chunk, format=pcm
2025-09-20 02:58:07.190 | DEBUG    | ws | ws_recognize:108 | 会话86e73a36: 收到消息#34, type=chunk, format=pcm
2025-09-20 02:58:07.476 | DEBUG    | ws | ws_recognize:108 | 会话86e73a36: 收到消息#35, type=chunk, format=pcm
2025-09-20 02:58:07.568 | DEBUG    | ws | ws_recognize:108 | 会话86e73a36: 收到消息#36, type=ping, format=pcm
2025-09-20 02:58:07.710 | DEBUG    | ws | ws_recognize:108 | 会话86e73a36: 收到消息#37, type=chunk, format=pcm
2025-09-20 02:58:07.970 | DEBUG    | ws | ws_recognize:108 | 会话86e73a36: 收到消息#38, type=chunk, format=pcm
2025-09-20 02:58:08.221 | DEBUG    | ws | ws_recognize:108 | 会话86e73a36: 收到消息#39, type=chunk, format=pcm
2025-09-20 02:58:08.480 | DEBUG    | ws | ws_recognize:108 | 会话86e73a36: 收到消息#40, type=chunk, format=pcm
2025-09-20 02:58:08.731 | DEBUG    | ws | ws_recognize:108 | 会话86e73a36: 收到消息#41, type=chunk, format=pcm
2025-09-20 02:58:08.990 | DEBUG    | ws | ws_recognize:108 | 会话86e73a36: 收到消息#42, type=chunk, format=pcm
2025-09-20 02:58:09.250 | DEBUG    | ws | ws_recognize:108 | 会话86e73a36: 收到消息#43, type=chunk, format=pcm
2025-09-20 02:58:09.500 | DEBUG    | ws | ws_recognize:108 | 会话86e73a36: 收到消息#44, type=chunk, format=pcm
2025-09-20 02:58:09.761 | DEBUG    | ws | ws_recognize:108 | 会话86e73a36: 收到消息#45, type=chunk, format=pcm
2025-09-20 02:58:10.010 | DEBUG    | ws | ws_recognize:108 | 会话86e73a36: 收到消息#46, type=chunk, format=pcm
2025-09-20 02:58:10.271 | DEBUG    | ws | ws_recognize:108 | 会话86e73a36: 收到消息#47, type=chunk, format=pcm
2025-09-20 02:58:10.530 | DEBUG    | ws | ws_recognize:108 | 会话86e73a36: 收到消息#48, type=chunk, format=pcm
2025-09-20 02:58:10.780 | DEBUG    | ws | ws_recognize:108 | 会话86e73a36: 收到消息#49, type=chunk, format=pcm
2025-09-20 02:58:11.040 | DEBUG    | ws | ws_recognize:108 | 会话86e73a36: 收到消息#50, type=chunk, format=pcm
2025-09-20 02:58:11.290 | DEBUG    | ws | ws_recognize:108 | 会话86e73a36: 收到消息#51, type=chunk, format=pcm
2025-09-20 02:58:11.550 | DEBUG    | ws | ws_recognize:108 | 会话86e73a36: 收到消息#52, type=chunk, format=pcm
2025-09-20 02:58:11.809 | DEBUG    | ws | ws_recognize:108 | 会话86e73a36: 收到消息#53, type=chunk, format=pcm
2025-09-20 02:58:12.061 | DEBUG    | ws | ws_recognize:108 | 会话86e73a36: 收到消息#54, type=chunk, format=pcm
2025-09-20 02:58:12.320 | DEBUG    | ws | ws_recognize:108 | 会话86e73a36: 收到消息#55, type=chunk, format=pcm
2025-09-20 02:58:12.570 | DEBUG    | ws | ws_recognize:108 | 会话86e73a36: 收到消息#56, type=chunk, format=pcm
2025-09-20 02:58:12.830 | DEBUG    | ws | ws_recognize:108 | 会话86e73a36: 收到消息#57, type=chunk, format=pcm
2025-09-20 02:58:13.096 | DEBUG    | ws | ws_recognize:108 | 会话86e73a36: 收到消息#58, type=chunk, format=pcm
2025-09-20 02:58:13.340 | DEBUG    | ws | ws_recognize:108 | 会话86e73a36: 收到消息#59, type=chunk, format=pcm
2025-09-20 02:58:13.600 | DEBUG    | ws | ws_recognize:108 | 会话86e73a36: 收到消息#60, type=chunk, format=pcm
2025-09-20 02:58:13.850 | DEBUG    | ws | ws_recognize:108 | 会话86e73a36: 收到消息#61, type=chunk, format=pcm
2025-09-20 02:58:14.110 | DEBUG    | ws | ws_recognize:108 | 会话86e73a36: 收到消息#62, type=chunk, format=pcm
2025-09-20 02:58:14.371 | DEBUG    | ws | ws_recognize:108 | 会话86e73a36: 收到消息#63, type=chunk, format=pcm
2025-09-20 02:58:14.621 | DEBUG    | ws | ws_recognize:108 | 会话86e73a36: 收到消息#64, type=chunk, format=pcm
2025-09-20 02:58:14.880 | DEBUG    | ws | ws_recognize:108 | 会话86e73a36: 收到消息#65, type=chunk, format=pcm
2025-09-20 02:58:15.131 | DEBUG    | ws | ws_recognize:108 | 会话86e73a36: 收到消息#66, type=chunk, format=pcm
2025-09-20 02:58:15.391 | DEBUG    | ws | ws_recognize:108 | 会话86e73a36: 收到消息#67, type=chunk, format=pcm
2025-09-20 02:58:15.651 | DEBUG    | ws | ws_recognize:108 | 会话86e73a36: 收到消息#68, type=chunk, format=pcm
2025-09-20 02:58:15.906 | DEBUG    | ws | ws_recognize:108 | 会话86e73a36: 收到消息#69, type=chunk, format=pcm
2025-09-20 02:58:16.160 | DEBUG    | ws | ws_recognize:108 | 会话86e73a36: 收到消息#70, type=chunk, format=pcm
2025-09-20 02:58:16.412 | DEBUG    | ws | ws_recognize:108 | 会话86e73a36: 收到消息#71, type=chunk, format=pcm
2025-09-20 02:58:16.671 | DEBUG    | ws | ws_recognize:108 | 会话86e73a36: 收到消息#72, type=chunk, format=pcm
2025-09-20 02:58:16.930 | DEBUG    | ws | ws_recognize:108 | 会话86e73a36: 收到消息#73, type=chunk, format=pcm
2025-09-20 02:58:17.180 | DEBUG    | ws | ws_recognize:108 | 会话86e73a36: 收到消息#74, type=chunk, format=pcm
2025-09-20 02:58:17.441 | DEBUG    | ws | ws_recognize:108 | 会话86e73a36: 收到消息#75, type=chunk, format=pcm
2025-09-20 02:58:17.690 | DEBUG    | ws | ws_recognize:108 | 会话86e73a36: 收到消息#76, type=chunk, format=pcm
2025-09-20 02:58:17.952 | DEBUG    | ws | ws_recognize:108 | 会话86e73a36: 收到消息#77, type=chunk, format=pcm
2025-09-20 02:58:18.210 | DEBUG    | ws | ws_recognize:108 | 会话86e73a36: 收到消息#78, type=chunk, format=pcm
2025-09-20 02:58:18.299 | DEBUG    | ws | ws_recognize:108 | 会话86e73a36: 收到消息#79, type=ping, format=pcm
2025-09-20 02:58:18.460 | DEBUG    | ws | ws_recognize:108 | 会话86e73a36: 收到消息#80, type=chunk, format=pcm
2025-09-20 02:58:18.720 | DEBUG    | ws | ws_recognize:108 | 会话86e73a36: 收到消息#81, type=chunk, format=pcm
2025-09-20 02:58:18.970 | DEBUG    | ws | ws_recognize:108 | 会话86e73a36: 收到消息#82, type=chunk, format=pcm
2025-09-20 02:58:19.230 | DEBUG    | ws | ws_recognize:108 | 会话86e73a36: 收到消息#83, type=chunk, format=pcm
2025-09-20 02:58:19.490 | DEBUG    | ws | ws_recognize:108 | 会话86e73a36: 收到消息#84, type=chunk, format=pcm
2025-09-20 02:58:19.740 | DEBUG    | ws | ws_recognize:108 | 会话86e73a36: 收到消息#85, type=chunk, format=pcm
2025-09-20 02:58:20.001 | DEBUG    | ws | ws_recognize:108 | 会话86e73a36: 收到消息#86, type=chunk, format=pcm
2025-09-20 02:58:20.249 | DEBUG    | ws | ws_recognize:108 | 会话86e73a36: 收到消息#87, type=chunk, format=pcm
2025-09-20 02:58:20.510 | DEBUG    | ws | ws_recognize:108 | 会话86e73a36: 收到消息#88, type=chunk, format=pcm
2025-09-20 02:58:20.769 | DEBUG    | ws | ws_recognize:108 | 会话86e73a36: 收到消息#89, type=chunk, format=pcm
2025-09-20 02:58:21.019 | DEBUG    | ws | ws_recognize:108 | 会话86e73a36: 收到消息#90, type=chunk, format=pcm
2025-09-20 02:58:21.278 | DEBUG    | ws | ws_recognize:108 | 会话86e73a36: 收到消息#91, type=chunk, format=pcm
2025-09-20 02:58:21.528 | DEBUG    | ws | ws_recognize:108 | 会话86e73a36: 收到消息#92, type=chunk, format=pcm
2025-09-20 02:58:21.788 | DEBUG    | ws | ws_recognize:108 | 会话86e73a36: 收到消息#93, type=chunk, format=pcm
2025-09-20 02:58:22.050 | DEBUG    | ws | ws_recognize:108 | 会话86e73a36: 收到消息#94, type=chunk, format=pcm
2025-09-20 02:58:22.298 | DEBUG    | ws | ws_recognize:108 | 会话86e73a36: 收到消息#95, type=chunk, format=pcm
2025-09-20 02:58:22.558 | DEBUG    | ws | ws_recognize:108 | 会话86e73a36: 收到消息#96, type=chunk, format=pcm
2025-09-20 02:58:22.808 | DEBUG    | ws | ws_recognize:108 | 会话86e73a36: 收到消息#97, type=chunk, format=pcm
2025-09-20 02:58:23.069 | DEBUG    | ws | ws_recognize:108 | 会话86e73a36: 收到消息#98, type=chunk, format=pcm
2025-09-20 02:58:23.328 | DEBUG    | ws | ws_recognize:108 | 会话86e73a36: 收到消息#99, type=chunk, format=pcm
2025-09-20 02:58:23.578 | DEBUG    | ws | ws_recognize:108 | 会话86e73a36: 收到消息#100, type=chunk, format=pcm
2025-09-20 02:58:23.839 | DEBUG    | ws | ws_recognize:108 | 会话86e73a36: 收到消息#101, type=chunk, format=pcm
2025-09-20 02:58:24.089 | DEBUG    | ws | ws_recognize:108 | 会话86e73a36: 收到消息#102, type=chunk, format=pcm
2025-09-20 02:58:24.349 | DEBUG    | ws | ws_recognize:108 | 会话86e73a36: 收到消息#103, type=chunk, format=pcm
2025-09-20 02:58:24.615 | DEBUG    | ws | ws_recognize:108 | 会话86e73a36: 收到消息#104, type=chunk, format=pcm
2025-09-20 02:58:24.858 | DEBUG    | ws | ws_recognize:108 | 会话86e73a36: 收到消息#105, type=chunk, format=pcm
2025-09-20 02:58:25.119 | DEBUG    | ws | ws_recognize:108 | 会话86e73a36: 收到消息#106, type=chunk, format=pcm
2025-09-20 02:58:25.369 | DEBUG    | ws | ws_recognize:108 | 会话86e73a36: 收到消息#107, type=chunk, format=pcm
2025-09-20 02:58:25.631 | DEBUG    | ws | ws_recognize:108 | 会话86e73a36: 收到消息#108, type=chunk, format=pcm
2025-09-20 02:58:25.889 | DEBUG    | ws | ws_recognize:108 | 会话86e73a36: 收到消息#109, type=chunk, format=pcm
2025-09-20 02:58:26.149 | DEBUG    | ws | ws_recognize:108 | 会话86e73a36: 收到消息#110, type=chunk, format=pcm
2025-09-20 02:58:26.399 | DEBUG    | ws | ws_recognize:108 | 会话86e73a36: 收到消息#111, type=chunk, format=pcm
2025-09-20 02:58:26.648 | DEBUG    | ws | ws_recognize:108 | 会话86e73a36: 收到消息#112, type=chunk, format=pcm
2025-09-20 02:58:26.909 | DEBUG    | ws | ws_recognize:108 | 会话86e73a36: 收到消息#113, type=chunk, format=pcm
2025-09-20 02:58:27.173 | DEBUG    | ws | ws_recognize:108 | 会话86e73a36: 收到消息#114, type=chunk, format=pcm
2025-09-20 02:58:27.419 | DEBUG    | ws | ws_recognize:108 | 会话86e73a36: 收到消息#115, type=chunk, format=pcm
2025-09-20 02:58:27.679 | DEBUG    | ws | ws_recognize:108 | 会话86e73a36: 收到消息#116, type=chunk, format=pcm
2025-09-20 02:58:27.928 | DEBUG    | ws | ws_recognize:108 | 会话86e73a36: 收到消息#117, type=chunk, format=pcm
2025-09-20 02:58:28.188 | DEBUG    | ws | ws_recognize:108 | 会话86e73a36: 收到消息#118, type=chunk, format=pcm
2025-09-20 02:58:28.289 | DEBUG    | ws | ws_recognize:108 | 会话86e73a36: 收到消息#119, type=ping, format=pcm
2025-09-20 02:58:28.449 | DEBUG    | ws | ws_recognize:108 | 会话86e73a36: 收到消息#120, type=chunk, format=pcm
2025-09-20 02:58:28.699 | DEBUG    | ws | ws_recognize:108 | 会话86e73a36: 收到消息#121, type=chunk, format=pcm
2025-09-20 02:58:29.049 | DEBUG    | ws | ws_recognize:108 | 会话86e73a36: 收到消息#122, type=chunk, format=pcm
2025-09-20 02:58:29.436 | DEBUG    | ws | ws_recognize:108 | 会话86e73a36: 收到消息#123, type=chunk, format=pcm
2025-09-20 02:58:29.839 | DEBUG    | ws | ws_recognize:108 | 会话86e73a36: 收到消息#124, type=chunk, format=pcm
2025-09-20 02:58:30.243 | DEBUG    | ws | ws_recognize:108 | 会话86e73a36: 收到消息#125, type=chunk, format=pcm
2025-09-20 02:58:30.632 | DEBUG    | ws | ws_recognize:108 | 会话86e73a36: 收到消息#126, type=chunk, format=pcm
2025-09-20 02:58:31.056 | DEBUG    | ws | ws_recognize:108 | 会话86e73a36: 收到消息#127, type=chunk, format=pcm
2025-09-20 02:58:31.441 | DEBUG    | ws | ws_recognize:108 | 会话86e73a36: 收到消息#128, type=chunk, format=pcm
2025-09-20 02:58:31.848 | DEBUG    | ws | ws_recognize:108 | 会话86e73a36: 收到消息#129, type=chunk, format=pcm
2025-09-20 02:58:32.248 | DEBUG    | ws | ws_recognize:108 | 会话86e73a36: 收到消息#130, type=chunk, format=pcm
2025-09-20 02:58:32.623 | DEBUG    | ws | ws_recognize:108 | 会话86e73a36: 收到消息#131, type=chunk, format=pcm
2025-09-20 02:58:33.027 | DEBUG    | ws | ws_recognize:108 | 会话86e73a36: 收到消息#132, type=chunk, format=pcm
2025-09-20 02:58:33.306 | DEBUG    | ws | ws_recognize:108 | 会话86e73a36: 收到消息#133, type=end, format=pcm
2025-09-20 02:58:33.306 | INFO     | ws | ws_recognize:131 | 会话86e73a36: 结束实时识别，处理最终结果
2025-09-20 02:58:34.428 | INFO     | ws | ws_recognize:177 | 会话86e73a36: 发送最终句子#1: '嗯', segment_id=86e73a36-1
2025-09-20 02:58:34.455 | INFO     | ws | ws_recognize:200 | 会话86e73a36: 结束统计 - 消息:133, 音频块:128, 实时:0, 最终:1
2025-09-20 02:58:34.521 | INFO     | ws | ws_recognize:336 | 会话86e73a36: WebSocket连接关闭
2025-09-20 02:58:35.669 | INFO     | ws | ws_recognize:22 | 会话开始: 58bff817
2025-09-20 02:58:46.305 | DEBUG    | ws | ws_recognize:108 | 会话58bff817: 收到消息#1, type=ping, format=pcm
2025-09-20 02:58:56.300 | DEBUG    | ws | ws_recognize:108 | 会话58bff817: 收到消息#2, type=ping, format=pcm
2025-09-20 02:59:06.302 | DEBUG    | ws | ws_recognize:108 | 会话58bff817: 收到消息#3, type=ping, format=pcm
2025-09-20 02:59:16.306 | DEBUG    | ws | ws_recognize:108 | 会话58bff817: 收到消息#4, type=ping, format=pcm
2025-09-20 02:59:26.298 | DEBUG    | ws | ws_recognize:108 | 会话58bff817: 收到消息#5, type=ping, format=pcm
2025-09-20 02:59:36.304 | DEBUG    | ws | ws_recognize:108 | 会话58bff817: 收到消息#6, type=ping, format=pcm
2025-09-20 02:59:46.296 | DEBUG    | ws | ws_recognize:108 | 会话58bff817: 收到消息#7, type=ping, format=pcm
2025-09-20 02:59:56.287 | DEBUG    | ws | ws_recognize:108 | 会话58bff817: 收到消息#8, type=ping, format=pcm
2025-09-20 03:00:06.290 | DEBUG    | ws | ws_recognize:108 | 会话58bff817: 收到消息#9, type=ping, format=pcm
2025-09-20 03:00:16.294 | DEBUG    | ws | ws_recognize:108 | 会话58bff817: 收到消息#10, type=ping, format=pcm
2025-09-20 03:00:26.286 | DEBUG    | ws | ws_recognize:108 | 会话58bff817: 收到消息#11, type=ping, format=pcm
2025-09-20 03:00:36.292 | DEBUG    | ws | ws_recognize:108 | 会话58bff817: 收到消息#12, type=ping, format=pcm
2025-09-20 03:00:46.288 | DEBUG    | ws | ws_recognize:108 | 会话58bff817: 收到消息#13, type=ping, format=pcm
2025-09-20 03:00:56.301 | DEBUG    | ws | ws_recognize:108 | 会话58bff817: 收到消息#14, type=ping, format=pcm
2025-09-20 03:01:06.299 | DEBUG    | ws | ws_recognize:108 | 会话58bff817: 收到消息#15, type=ping, format=pcm
2025-09-20 03:01:16.293 | DEBUG    | ws | ws_recognize:108 | 会话58bff817: 收到消息#16, type=ping, format=pcm
2025-09-20 03:01:26.290 | DEBUG    | ws | ws_recognize:108 | 会话58bff817: 收到消息#17, type=ping, format=pcm
2025-09-20 03:01:36.289 | DEBUG    | ws | ws_recognize:108 | 会话58bff817: 收到消息#18, type=ping, format=pcm
2025-09-20 03:01:46.296 | DEBUG    | ws | ws_recognize:108 | 会话58bff817: 收到消息#19, type=ping, format=pcm
2025-09-20 03:01:56.293 | DEBUG    | ws | ws_recognize:108 | 会话58bff817: 收到消息#20, type=ping, format=pcm
2025-09-20 03:02:06.292 | DEBUG    | ws | ws_recognize:108 | 会话58bff817: 收到消息#21, type=ping, format=pcm
2025-09-20 03:02:16.295 | DEBUG    | ws | ws_recognize:108 | 会话58bff817: 收到消息#22, type=ping, format=pcm
2025-09-20 03:02:26.298 | DEBUG    | ws | ws_recognize:108 | 会话58bff817: 收到消息#23, type=ping, format=pcm
2025-09-20 03:02:36.298 | DEBUG    | ws | ws_recognize:108 | 会话58bff817: 收到消息#24, type=ping, format=pcm
2025-09-20 03:02:46.299 | DEBUG    | ws | ws_recognize:108 | 会话58bff817: 收到消息#25, type=ping, format=pcm
2025-09-20 03:02:56.299 | DEBUG    | ws | ws_recognize:108 | 会话58bff817: 收到消息#26, type=ping, format=pcm
2025-09-20 03:03:06.297 | DEBUG    | ws | ws_recognize:108 | 会话58bff817: 收到消息#27, type=ping, format=pcm
2025-09-20 03:03:16.302 | DEBUG    | ws | ws_recognize:108 | 会话58bff817: 收到消息#28, type=ping, format=pcm
2025-09-20 03:03:26.301 | DEBUG    | ws | ws_recognize:108 | 会话58bff817: 收到消息#29, type=ping, format=pcm
2025-09-20 03:03:36.294 | DEBUG    | ws | ws_recognize:108 | 会话58bff817: 收到消息#30, type=ping, format=pcm
2025-09-20 03:03:46.289 | DEBUG    | ws | ws_recognize:108 | 会话58bff817: 收到消息#31, type=ping, format=pcm
2025-09-20 03:03:56.307 | DEBUG    | ws | ws_recognize:108 | 会话58bff817: 收到消息#32, type=ping, format=pcm
2025-09-20 03:04:06.298 | DEBUG    | ws | ws_recognize:108 | 会话58bff817: 收到消息#33, type=ping, format=pcm
2025-09-20 03:04:16.289 | DEBUG    | ws | ws_recognize:108 | 会话58bff817: 收到消息#34, type=ping, format=pcm
2025-09-20 03:04:26.286 | DEBUG    | ws | ws_recognize:108 | 会话58bff817: 收到消息#35, type=ping, format=pcm
2025-09-20 03:04:36.297 | DEBUG    | ws | ws_recognize:108 | 会话58bff817: 收到消息#36, type=ping, format=pcm
2025-09-20 03:04:46.297 | DEBUG    | ws | ws_recognize:108 | 会话58bff817: 收到消息#37, type=ping, format=pcm
2025-09-20 03:04:56.288 | DEBUG    | ws | ws_recognize:108 | 会话58bff817: 收到消息#38, type=ping, format=pcm
2025-09-20 03:05:06.301 | DEBUG    | ws | ws_recognize:108 | 会话58bff817: 收到消息#39, type=ping, format=pcm
2025-09-20 03:05:16.293 | DEBUG    | ws | ws_recognize:108 | 会话58bff817: 收到消息#40, type=ping, format=pcm
2025-09-20 03:05:26.299 | DEBUG    | ws | ws_recognize:108 | 会话58bff817: 收到消息#41, type=ping, format=pcm
2025-09-20 03:05:36.288 | DEBUG    | ws | ws_recognize:108 | 会话58bff817: 收到消息#42, type=ping, format=pcm
2025-09-20 03:05:46.301 | DEBUG    | ws | ws_recognize:108 | 会话58bff817: 收到消息#43, type=ping, format=pcm
2025-09-20 03:05:56.292 | DEBUG    | ws | ws_recognize:108 | 会话58bff817: 收到消息#44, type=ping, format=pcm
2025-09-20 03:06:06.292 | DEBUG    | ws | ws_recognize:108 | 会话58bff817: 收到消息#45, type=ping, format=pcm
2025-09-20 03:06:16.299 | DEBUG    | ws | ws_recognize:108 | 会话58bff817: 收到消息#46, type=ping, format=pcm
2025-09-20 03:06:26.300 | DEBUG    | ws | ws_recognize:108 | 会话58bff817: 收到消息#47, type=ping, format=pcm
2025-09-20 03:06:36.292 | DEBUG    | ws | ws_recognize:108 | 会话58bff817: 收到消息#48, type=ping, format=pcm
2025-09-20 03:06:46.294 | DEBUG    | ws | ws_recognize:108 | 会话58bff817: 收到消息#49, type=ping, format=pcm
2025-09-20 03:06:56.295 | DEBUG    | ws | ws_recognize:108 | 会话58bff817: 收到消息#50, type=ping, format=pcm
2025-09-20 03:33:59.155 | INFO     | ws | ws_recognize:22 | 会话开始: 4eba508d
2025-09-20 03:34:02.043 | DEBUG    | ws | ws_recognize:108 | 会话4eba508d: 收到消息#1, type=start, format=pcm
2025-09-20 03:34:02.043 | INFO     | ws | ws_recognize:113 | 会话4eba508d: 开始实时识别
2025-09-20 03:34:02.184 | DEBUG    | ws | ws_recognize:127 | 会话4eba508d: 发送started消息
2025-09-20 03:34:02.184 | DEBUG    | ws | ws_recognize:108 | 会话4eba508d: 收到消息#2, type=chunk, format=pcm
2025-09-20 03:34:02.195 | DEBUG    | ws | ws_recognize:108 | 会话4eba508d: 收到消息#3, type=chunk, format=pcm
2025-09-20 03:34:02.205 | DEBUG    | ws | ws_recognize:108 | 会话4eba508d: 收到消息#4, type=chunk, format=pcm
2025-09-20 03:34:02.307 | DEBUG    | ws | ws_recognize:108 | 会话4eba508d: 收到消息#5, type=chunk, format=pcm
2025-09-20 03:34:02.318 | DEBUG    | ws | ws_recognize:108 | 会话4eba508d: 收到消息#6, type=chunk, format=pcm
2025-09-20 03:34:02.448 | DEBUG    | ws | ws_recognize:108 | 会话4eba508d: 收到消息#7, type=chunk, format=pcm
2025-09-20 03:34:02.459 | DEBUG    | ws | ws_recognize:108 | 会话4eba508d: 收到消息#8, type=chunk, format=pcm
2025-09-20 03:34:02.480 | DEBUG    | ws | ws_recognize:108 | 会话4eba508d: 收到消息#9, type=chunk, format=pcm
2025-09-20 03:34:02.748 | DEBUG    | ws | ws_recognize:108 | 会话4eba508d: 收到消息#10, type=chunk, format=pcm
2025-09-20 03:34:03.000 | DEBUG    | ws | ws_recognize:108 | 会话4eba508d: 收到消息#11, type=chunk, format=pcm
2025-09-20 03:34:03.250 | DEBUG    | ws | ws_recognize:108 | 会话4eba508d: 收到消息#12, type=chunk, format=pcm
2025-09-20 03:34:03.511 | DEBUG    | ws | ws_recognize:108 | 会话4eba508d: 收到消息#13, type=chunk, format=pcm
2025-09-20 03:34:03.649 | DEBUG    | ws | ws_recognize:296 | 会话4eba508d: 发送实时结果#1: '暂姆是' (置信度: 0.850)
2025-09-20 03:34:03.760 | DEBUG    | ws | ws_recognize:108 | 会话4eba508d: 收到消息#14, type=chunk, format=pcm
2025-09-20 03:34:04.024 | DEBUG    | ws | ws_recognize:108 | 会话4eba508d: 收到消息#15, type=chunk, format=pcm
2025-09-20 03:34:04.281 | DEBUG    | ws | ws_recognize:108 | 会话4eba508d: 收到消息#16, type=chunk, format=pcm
2025-09-20 03:34:04.486 | DEBUG    | ws | ws_recognize:296 | 会话4eba508d: 发送实时结果#2: '比结果' (置信度: 0.850)
2025-09-20 03:34:04.530 | DEBUG    | ws | ws_recognize:108 | 会话4eba508d: 收到消息#17, type=chunk, format=pcm
2025-09-20 03:34:04.791 | DEBUG    | ws | ws_recognize:108 | 会话4eba508d: 收到消息#18, type=chunk, format=pcm
2025-09-20 03:34:05.041 | DEBUG    | ws | ws_recognize:108 | 会话4eba508d: 收到消息#19, type=chunk, format=pcm
2025-09-20 03:34:05.301 | DEBUG    | ws | ws_recognize:108 | 会话4eba508d: 收到消息#20, type=chunk, format=pcm
2025-09-20 03:34:05.561 | DEBUG    | ws | ws_recognize:108 | 会话4eba508d: 收到消息#21, type=chunk, format=pcm
2025-09-20 03:34:05.811 | DEBUG    | ws | ws_recognize:108 | 会话4eba508d: 收到消息#22, type=chunk, format=pcm
2025-09-20 03:34:06.071 | DEBUG    | ws | ws_recognize:108 | 会话4eba508d: 收到消息#23, type=chunk, format=pcm
2025-09-20 03:34:06.322 | DEBUG    | ws | ws_recognize:108 | 会话4eba508d: 收到消息#24, type=chunk, format=pcm
2025-09-20 03:34:06.581 | DEBUG    | ws | ws_recognize:108 | 会话4eba508d: 收到消息#25, type=chunk, format=pcm
2025-09-20 03:34:06.841 | DEBUG    | ws | ws_recognize:108 | 会话4eba508d: 收到消息#26, type=chunk, format=pcm
2025-09-20 03:34:07.092 | DEBUG    | ws | ws_recognize:108 | 会话4eba508d: 收到消息#27, type=chunk, format=pcm
2025-09-20 03:34:07.351 | DEBUG    | ws | ws_recognize:108 | 会话4eba508d: 收到消息#28, type=chunk, format=pcm
2025-09-20 03:34:07.601 | DEBUG    | ws | ws_recognize:108 | 会话4eba508d: 收到消息#29, type=chunk, format=pcm
2025-09-20 03:34:07.861 | DEBUG    | ws | ws_recognize:108 | 会话4eba508d: 收到消息#30, type=chunk, format=pcm
2025-09-20 03:34:08.121 | DEBUG    | ws | ws_recognize:108 | 会话4eba508d: 收到消息#31, type=chunk, format=pcm
2025-09-20 03:34:08.371 | DEBUG    | ws | ws_recognize:108 | 会话4eba508d: 收到消息#32, type=chunk, format=pcm
2025-09-20 03:34:08.631 | DEBUG    | ws | ws_recognize:108 | 会话4eba508d: 收到消息#33, type=chunk, format=pcm
2025-09-20 03:34:08.881 | DEBUG    | ws | ws_recognize:108 | 会话4eba508d: 收到消息#34, type=chunk, format=pcm
2025-09-20 03:34:09.141 | DEBUG    | ws | ws_recognize:108 | 会话4eba508d: 收到消息#35, type=chunk, format=pcm
2025-09-20 03:34:09.186 | DEBUG    | ws | ws_recognize:108 | 会话4eba508d: 收到消息#36, type=ping, format=pcm
2025-09-20 03:34:09.401 | DEBUG    | ws | ws_recognize:108 | 会话4eba508d: 收到消息#37, type=chunk, format=pcm
2025-09-20 03:34:09.651 | DEBUG    | ws | ws_recognize:108 | 会话4eba508d: 收到消息#38, type=chunk, format=pcm
2025-09-20 03:34:09.910 | DEBUG    | ws | ws_recognize:108 | 会话4eba508d: 收到消息#39, type=chunk, format=pcm
2025-09-20 03:34:10.169 | DEBUG    | ws | ws_recognize:108 | 会话4eba508d: 收到消息#40, type=chunk, format=pcm
2025-09-20 03:34:10.421 | DEBUG    | ws | ws_recognize:108 | 会话4eba508d: 收到消息#41, type=chunk, format=pcm
2025-09-20 03:34:10.680 | DEBUG    | ws | ws_recognize:108 | 会话4eba508d: 收到消息#42, type=chunk, format=pcm
2025-09-20 03:34:10.931 | DEBUG    | ws | ws_recognize:108 | 会话4eba508d: 收到消息#43, type=chunk, format=pcm
2025-09-20 03:34:11.191 | DEBUG    | ws | ws_recognize:108 | 会话4eba508d: 收到消息#44, type=chunk, format=pcm
2025-09-20 03:34:11.441 | DEBUG    | ws | ws_recognize:108 | 会话4eba508d: 收到消息#45, type=chunk, format=pcm
2025-09-20 03:34:11.546 | DEBUG    | ws | ws_recognize:296 | 会话4eba508d: 发送实时结果#3: '现在' (置信度: 0.850)
2025-09-20 03:34:11.701 | DEBUG    | ws | ws_recognize:108 | 会话4eba508d: 收到消息#46, type=chunk, format=pcm
2025-09-20 03:34:11.961 | DEBUG    | ws | ws_recognize:108 | 会话4eba508d: 收到消息#47, type=chunk, format=pcm
2025-09-20 03:34:12.212 | DEBUG    | ws | ws_recognize:108 | 会话4eba508d: 收到消息#48, type=chunk, format=pcm
2025-09-20 03:34:12.470 | DEBUG    | ws | ws_recognize:108 | 会话4eba508d: 收到消息#49, type=chunk, format=pcm
2025-09-20 03:34:12.589 | DEBUG    | ws | ws_recognize:296 | 会话4eba508d: 发送实时结果#4: '识' (置信度: 0.850)
2025-09-20 03:34:12.721 | DEBUG    | ws | ws_recognize:108 | 会话4eba508d: 收到消息#50, type=chunk, format=pcm
2025-09-20 03:34:12.985 | DEBUG    | ws | ws_recognize:108 | 会话4eba508d: 收到消息#51, type=chunk, format=pcm
2025-09-20 03:34:13.242 | DEBUG    | ws | ws_recognize:108 | 会话4eba508d: 收到消息#52, type=chunk, format=pcm
2025-09-20 03:34:13.382 | DEBUG    | ws | ws_recognize:296 | 会话4eba508d: 发送实时结果#5: '别怎么' (置信度: 0.850)
2025-09-20 03:34:13.491 | DEBUG    | ws | ws_recognize:108 | 会话4eba508d: 收到消息#53, type=chunk, format=pcm
2025-09-20 03:34:13.751 | DEBUG    | ws | ws_recognize:108 | 会话4eba508d: 收到消息#54, type=chunk, format=pcm
2025-09-20 03:34:13.976 | DEBUG    | ws | ws_recognize:296 | 会话4eba508d: 发送实时结果#6: '样呢' (置信度: 0.850)
2025-09-20 03:34:14.001 | DEBUG    | ws | ws_recognize:108 | 会话4eba508d: 收到消息#55, type=chunk, format=pcm
2025-09-20 03:34:14.266 | DEBUG    | ws | ws_recognize:108 | 会话4eba508d: 收到消息#56, type=chunk, format=pcm
2025-09-20 03:34:14.521 | DEBUG    | ws | ws_recognize:108 | 会话4eba508d: 收到消息#57, type=chunk, format=pcm
2025-09-20 03:34:14.771 | DEBUG    | ws | ws_recognize:108 | 会话4eba508d: 收到消息#58, type=chunk, format=pcm
2025-09-20 03:34:15.031 | DEBUG    | ws | ws_recognize:108 | 会话4eba508d: 收到消息#59, type=chunk, format=pcm
2025-09-20 03:34:15.281 | DEBUG    | ws | ws_recognize:108 | 会话4eba508d: 收到消息#60, type=chunk, format=pcm
2025-09-20 03:34:15.541 | DEBUG    | ws | ws_recognize:108 | 会话4eba508d: 收到消息#61, type=chunk, format=pcm
2025-09-20 03:34:15.805 | DEBUG    | ws | ws_recognize:108 | 会话4eba508d: 收到消息#62, type=chunk, format=pcm
2025-09-20 03:34:16.075 | DEBUG    | ws | ws_recognize:108 | 会话4eba508d: 收到消息#63, type=chunk, format=pcm
2025-09-20 03:34:16.311 | DEBUG    | ws | ws_recognize:108 | 会话4eba508d: 收到消息#64, type=chunk, format=pcm
2025-09-20 03:34:16.569 | DEBUG    | ws | ws_recognize:108 | 会话4eba508d: 收到消息#65, type=chunk, format=pcm
2025-09-20 03:34:16.821 | DEBUG    | ws | ws_recognize:108 | 会话4eba508d: 收到消息#66, type=chunk, format=pcm
2025-09-20 03:34:17.081 | DEBUG    | ws | ws_recognize:296 | 会话4eba508d: 发送实时结果#7: '好' (置信度: 0.850)
2025-09-20 03:34:17.081 | DEBUG    | ws | ws_recognize:108 | 会话4eba508d: 收到消息#67, type=chunk, format=pcm
2025-09-20 03:34:17.331 | DEBUG    | ws | ws_recognize:108 | 会话4eba508d: 收到消息#68, type=chunk, format=pcm
2025-09-20 03:34:17.435 | DEBUG    | ws | ws_recognize:296 | 会话4eba508d: 发送实时结果#8: '像' (置信度: 0.850)
2025-09-20 03:34:17.591 | DEBUG    | ws | ws_recognize:108 | 会话4eba508d: 收到消息#69, type=chunk, format=pcm
2025-09-20 03:34:17.841 | DEBUG    | ws | ws_recognize:108 | 会话4eba508d: 收到消息#70, type=chunk, format=pcm
2025-09-20 03:34:18.026 | DEBUG    | ws | ws_recognize:296 | 会话4eba508d: 发送实时结果#9: '是' (置信度: 0.850)
2025-09-20 03:34:18.110 | DEBUG    | ws | ws_recognize:108 | 会话4eba508d: 收到消息#71, type=chunk, format=pcm
2025-09-20 03:34:18.361 | DEBUG    | ws | ws_recognize:108 | 会话4eba508d: 收到消息#72, type=chunk, format=pcm
2025-09-20 03:34:18.622 | DEBUG    | ws | ws_recognize:108 | 会话4eba508d: 收到消息#73, type=chunk, format=pcm
2025-09-20 03:34:18.907 | DEBUG    | ws | ws_recognize:108 | 会话4eba508d: 收到消息#74, type=chunk, format=pcm
2025-09-20 03:34:19.141 | DEBUG    | ws | ws_recognize:108 | 会话4eba508d: 收到消息#75, type=chunk, format=pcm
2025-09-20 03:34:19.326 | DEBUG    | ws | ws_recognize:108 | 会话4eba508d: 收到消息#76, type=ping, format=pcm
2025-09-20 03:34:19.401 | DEBUG    | ws | ws_recognize:108 | 会话4eba508d: 收到消息#77, type=chunk, format=pcm
2025-09-20 03:34:19.651 | DEBUG    | ws | ws_recognize:108 | 会话4eba508d: 收到消息#78, type=chunk, format=pcm
2025-09-20 03:34:19.911 | DEBUG    | ws | ws_recognize:108 | 会话4eba508d: 收到消息#79, type=chunk, format=pcm
2025-09-20 03:34:20.166 | DEBUG    | ws | ws_recognize:108 | 会话4eba508d: 收到消息#80, type=chunk, format=pcm
2025-09-20 03:34:20.419 | DEBUG    | ws | ws_recognize:108 | 会话4eba508d: 收到消息#81, type=chunk, format=pcm
2025-09-20 03:34:20.536 | DEBUG    | ws | ws_recognize:296 | 会话4eba508d: 发送实时结果#10: '哎' (置信度: 0.850)
2025-09-20 03:34:20.679 | DEBUG    | ws | ws_recognize:108 | 会话4eba508d: 收到消息#82, type=chunk, format=pcm
2025-09-20 03:34:20.929 | DEBUG    | ws | ws_recognize:108 | 会话4eba508d: 收到消息#83, type=chunk, format=pcm
2025-09-20 03:34:21.194 | DEBUG    | ws | ws_recognize:296 | 会话4eba508d: 发送实时结果#11: '现在是用' (置信度: 0.850)
2025-09-20 03:34:21.194 | DEBUG    | ws | ws_recognize:108 | 会话4eba508d: 收到消息#84, type=chunk, format=pcm
2025-09-20 03:34:21.440 | DEBUG    | ws | ws_recognize:108 | 会话4eba508d: 收到消息#85, type=chunk, format=pcm
2025-09-20 03:34:21.699 | DEBUG    | ws | ws_recognize:108 | 会话4eba508d: 收到消息#86, type=chunk, format=pcm
2025-09-20 03:34:21.910 | DEBUG    | ws | ws_recognize:296 | 会话4eba508d: 发送实时结果#12: '什么来识' (置信度: 0.850)
2025-09-20 03:34:21.960 | DEBUG    | ws | ws_recognize:108 | 会话4eba508d: 收到消息#87, type=chunk, format=pcm
2025-09-20 03:34:22.209 | DEBUG    | ws | ws_recognize:108 | 会话4eba508d: 收到消息#88, type=chunk, format=pcm
2025-09-20 03:34:22.327 | DEBUG    | ws | ws_recognize:296 | 会话4eba508d: 发送实时结果#13: '别的' (置信度: 0.850)
2025-09-20 03:34:22.469 | DEBUG    | ws | ws_recognize:108 | 会话4eba508d: 收到消息#89, type=chunk, format=pcm
2025-09-20 03:34:22.719 | DEBUG    | ws | ws_recognize:108 | 会话4eba508d: 收到消息#90, type=chunk, format=pcm
2025-09-20 03:34:22.979 | DEBUG    | ws | ws_recognize:108 | 会话4eba508d: 收到消息#91, type=chunk, format=pcm
2025-09-20 03:34:23.239 | DEBUG    | ws | ws_recognize:108 | 会话4eba508d: 收到消息#92, type=chunk, format=pcm
2025-09-20 03:34:23.489 | DEBUG    | ws | ws_recognize:108 | 会话4eba508d: 收到消息#93, type=chunk, format=pcm
2025-09-20 03:34:23.750 | DEBUG    | ws | ws_recognize:108 | 会话4eba508d: 收到消息#94, type=chunk, format=pcm
2025-09-20 03:34:23.999 | DEBUG    | ws | ws_recognize:108 | 会话4eba508d: 收到消息#95, type=chunk, format=pcm
2025-09-20 03:34:24.127 | DEBUG    | ws | ws_recognize:296 | 会话4eba508d: 发送实时结果#14: '现在' (置信度: 0.850)
2025-09-20 03:34:24.259 | DEBUG    | ws | ws_recognize:108 | 会话4eba508d: 收到消息#96, type=chunk, format=pcm
2025-09-20 03:34:24.520 | DEBUG    | ws | ws_recognize:108 | 会话4eba508d: 收到消息#97, type=chunk, format=pcm
2025-09-20 03:34:24.658 | DEBUG    | ws | ws_recognize:296 | 会话4eba508d: 发送实时结果#15: '是流速' (置信度: 0.850)
2025-09-20 03:34:24.769 | DEBUG    | ws | ws_recognize:108 | 会话4eba508d: 收到消息#98, type=chunk, format=pcm
2025-09-20 03:34:25.039 | DEBUG    | ws | ws_recognize:108 | 会话4eba508d: 收到消息#99, type=chunk, format=pcm
2025-09-20 03:34:25.280 | DEBUG    | ws | ws_recognize:108 | 会话4eba508d: 收到消息#100, type=chunk, format=pcm
2025-09-20 03:34:25.421 | DEBUG    | ws | ws_recognize:296 | 会话4eba508d: 发送实时结果#16: '识别吗' (置信度: 0.850)
2025-09-20 03:34:25.539 | DEBUG    | ws | ws_recognize:108 | 会话4eba508d: 收到消息#101, type=chunk, format=pcm
2025-09-20 03:34:25.801 | DEBUG    | ws | ws_recognize:108 | 会话4eba508d: 收到消息#102, type=chunk, format=pcm
2025-09-20 03:34:26.049 | DEBUG    | ws | ws_recognize:108 | 会话4eba508d: 收到消息#103, type=chunk, format=pcm
2025-09-20 03:34:26.309 | DEBUG    | ws | ws_recognize:108 | 会话4eba508d: 收到消息#104, type=chunk, format=pcm
2025-09-20 03:34:26.624 | DEBUG    | ws | ws_recognize:108 | 会话4eba508d: 收到消息#105, type=chunk, format=pcm
2025-09-20 03:34:26.820 | DEBUG    | ws | ws_recognize:108 | 会话4eba508d: 收到消息#106, type=chunk, format=pcm
2025-09-20 03:34:27.079 | DEBUG    | ws | ws_recognize:108 | 会话4eba508d: 收到消息#107, type=chunk, format=pcm
2025-09-20 03:34:27.330 | DEBUG    | ws | ws_recognize:108 | 会话4eba508d: 收到消息#108, type=chunk, format=pcm
2025-09-20 03:34:27.590 | DEBUG    | ws | ws_recognize:108 | 会话4eba508d: 收到消息#109, type=chunk, format=pcm
2025-09-20 03:34:27.839 | DEBUG    | ws | ws_recognize:108 | 会话4eba508d: 收到消息#110, type=chunk, format=pcm
2025-09-20 03:34:28.099 | DEBUG    | ws | ws_recognize:108 | 会话4eba508d: 收到消息#111, type=chunk, format=pcm
2025-09-20 03:34:28.361 | DEBUG    | ws | ws_recognize:108 | 会话4eba508d: 收到消息#112, type=chunk, format=pcm
2025-09-20 03:34:28.610 | DEBUG    | ws | ws_recognize:108 | 会话4eba508d: 收到消息#113, type=chunk, format=pcm
2025-09-20 03:34:28.869 | DEBUG    | ws | ws_recognize:108 | 会话4eba508d: 收到消息#114, type=chunk, format=pcm
2025-09-20 03:34:29.119 | DEBUG    | ws | ws_recognize:108 | 会话4eba508d: 收到消息#115, type=chunk, format=pcm
2025-09-20 03:34:29.289 | DEBUG    | ws | ws_recognize:108 | 会话4eba508d: 收到消息#116, type=ping, format=pcm
2025-09-20 03:34:29.380 | DEBUG    | ws | ws_recognize:108 | 会话4eba508d: 收到消息#117, type=chunk, format=pcm
2025-09-20 03:34:29.640 | DEBUG    | ws | ws_recognize:108 | 会话4eba508d: 收到消息#118, type=chunk, format=pcm
2025-09-20 03:34:29.890 | DEBUG    | ws | ws_recognize:108 | 会话4eba508d: 收到消息#119, type=chunk, format=pcm
2025-09-20 03:34:30.152 | DEBUG    | ws | ws_recognize:108 | 会话4eba508d: 收到消息#120, type=chunk, format=pcm
2025-09-20 03:34:30.403 | DEBUG    | ws | ws_recognize:108 | 会话4eba508d: 收到消息#121, type=chunk, format=pcm
2025-09-20 03:34:30.767 | DEBUG    | ws | ws_recognize:108 | 会话4eba508d: 收到消息#122, type=chunk, format=pcm
2025-09-20 03:34:31.144 | DEBUG    | ws | ws_recognize:108 | 会话4eba508d: 收到消息#123, type=chunk, format=pcm
2025-09-20 03:34:31.556 | DEBUG    | ws | ws_recognize:108 | 会话4eba508d: 收到消息#124, type=chunk, format=pcm
2025-09-20 03:34:31.963 | DEBUG    | ws | ws_recognize:108 | 会话4eba508d: 收到消息#125, type=chunk, format=pcm
2025-09-20 03:34:32.338 | DEBUG    | ws | ws_recognize:108 | 会话4eba508d: 收到消息#126, type=chunk, format=pcm
2025-09-20 03:34:32.487 | DEBUG    | ws | ws_recognize:296 | 会话4eba508d: 发送实时结果#17: '' (置信度: 0.850)
2025-09-20 03:34:32.741 | DEBUG    | ws | ws_recognize:108 | 会话4eba508d: 收到消息#127, type=chunk, format=pcm
2025-09-20 03:34:33.126 | DEBUG    | ws | ws_recognize:108 | 会话4eba508d: 收到消息#128, type=chunk, format=pcm
2025-09-20 03:34:33.512 | DEBUG    | ws | ws_recognize:108 | 会话4eba508d: 收到消息#129, type=chunk, format=pcm
2025-09-20 03:34:33.661 | DEBUG    | ws | ws_recognize:296 | 会话4eba508d: 发送实时结果#18: '好像是' (置信度: 0.850)
2025-09-20 03:34:33.917 | DEBUG    | ws | ws_recognize:108 | 会话4eba508d: 收到消息#130, type=chunk, format=pcm
2025-09-20 03:34:34.305 | DEBUG    | ws | ws_recognize:108 | 会话4eba508d: 收到消息#131, type=chunk, format=pcm
2025-09-20 03:34:34.575 | DEBUG    | ws | ws_recognize:296 | 会话4eba508d: 发送实时结果#19: '有这十' (置信度: 0.850)
2025-09-20 03:34:34.660 | DEBUG    | ws | ws_recognize:108 | 会话4eba508d: 收到消息#132, type=chunk, format=pcm
2025-09-20 03:34:34.910 | DEBUG    | ws | ws_recognize:108 | 会话4eba508d: 收到消息#133, type=chunk, format=pcm
2025-09-20 03:34:35.171 | DEBUG    | ws | ws_recognize:108 | 会话4eba508d: 收到消息#134, type=chunk, format=pcm
2025-09-20 03:34:35.431 | DEBUG    | ws | ws_recognize:108 | 会话4eba508d: 收到消息#135, type=chunk, format=pcm
2025-09-20 03:34:35.691 | DEBUG    | ws | ws_recognize:108 | 会话4eba508d: 收到消息#136, type=chunk, format=pcm
2025-09-20 03:34:35.875 | DEBUG    | ws | ws_recognize:296 | 会话4eba508d: 发送实时结果#20: '边' (置信度: 0.850)
2025-09-20 03:34:35.951 | DEBUG    | ws | ws_recognize:108 | 会话4eba508d: 收到消息#137, type=chunk, format=pcm
2025-09-20 03:34:36.204 | DEBUG    | ws | ws_recognize:108 | 会话4eba508d: 收到消息#138, type=chunk, format=pcm
2025-09-20 03:34:36.462 | DEBUG    | ws | ws_recognize:108 | 会话4eba508d: 收到消息#139, type=chunk, format=pcm
2025-09-20 03:34:36.713 | DEBUG    | ws | ws_recognize:108 | 会话4eba508d: 收到消息#140, type=chunk, format=pcm
2025-09-20 03:34:36.976 | DEBUG    | ws | ws_recognize:108 | 会话4eba508d: 收到消息#141, type=chunk, format=pcm
2025-09-20 03:34:37.046 | DEBUG    | ws | ws_recognize:108 | 会话4eba508d: 收到消息#142, type=end, format=pcm
2025-09-20 03:34:37.046 | INFO     | ws | ws_recognize:131 | 会话4eba508d: 结束实时识别，处理最终结果
2025-09-20 03:34:37.197 | INFO     | ws | ws_recognize:177 | 会话4eba508d: 发送最终句子#1: '边', segment_id=4eba508d-1
2025-09-20 03:34:37.226 | INFO     | ws | ws_recognize:200 | 会话4eba508d: 结束统计 - 消息:142, 音频块:137, 实时:20, 最终:1
2025-09-20 03:34:37.253 | INFO     | ws | ws_recognize:336 | 会话4eba508d: WebSocket连接关闭
2025-09-20 03:34:38.386 | INFO     | ws | ws_recognize:22 | 会话开始: 286a3ce9
2025-09-20 03:34:49.297 | DEBUG    | ws | ws_recognize:108 | 会话286a3ce9: 收到消息#1, type=ping, format=pcm
2025-09-20 03:34:59.287 | DEBUG    | ws | ws_recognize:108 | 会话286a3ce9: 收到消息#2, type=ping, format=pcm
2025-09-20 03:35:03.899 | ERROR    | ws | ws_recognize:319 | 会话286a3ce9: WebSocket错误详情:
Traceback (most recent call last):
  File "/mnt/d/WorkSpace/code/evoice-versions/base/e-voice/server/routes/ws.py", line 51, in ws_recognize
    message = ws.receive()
              ^^^^^^^^^^^^
  File "/home/nlwu/miniconda3/envs/py312/lib/python3.12/site-packages/simple_websocket/ws.py", line 104, in receive
    raise ConnectionClosed(self.close_reason, self.close_message)
simple_websocket.errors.ConnectionClosed: Connection closed: 1005 

2025-09-20 03:35:03.899 | ERROR    | ws | ws_recognize:328 | 会话286a3ce9: 无法发送错误消息，连接可能已断开
2025-09-20 03:35:03.900 | INFO     | ws | ws_recognize:336 | 会话286a3ce9: WebSocket连接关闭
